ISO-10303-21;
HEADER;
FILE_DESCRIPTION(('FreeCAD Model'),'2;1');
FILE_NAME('Open CASCADE Shape Model','2025-12-27T14:01:42',(''),(''),
  'Open CASCADE STEP processor 7.8','FreeCAD','Unknown');
FILE_SCHEMA(('AUTOMOTIVE_DESIGN { 1 0 10303 214 1 1 1 1 }'));
ENDSEC;
DATA;
#1 = APPLICATION_PROTOCOL_DEFINITION('international standard',
  'automotive_design',2000,#2);
#2 = APPLICATION_CONTEXT(
  'core data for automotive mechanical design processes');
#3 = SHAPE_DEFINITION_REPRESENTATION(#4,#10);
#4 = PRODUCT_DEFINITION_SHAPE('','',#5);
#5 = PRODUCT_DEFINITION('design','',#6,#9);
#6 = PRODUCT_DEFINITION_FORMATION('','',#7);
#7 = PRODUCT('DIN8','DIN8','',(#8));
#8 = PRODUCT_CONTEXT('',#2,'mechanical');
#9 = PRODUCT_DEFINITION_CONTEXT('part definition',#2,'design');
#10 = SHAPE_REPRESENTATION('',(#11,#15,#19),#23);
#11 = AXIS2_PLACEMENT_3D('',#12,#13,#14);
#12 = CARTESIAN_POINT('',(0.,0.,0.));
#13 = DIRECTION('',(0.,0.,1.));
#14 = DIRECTION('',(1.,0.,-0.));
#15 = AXIS2_PLACEMENT_3D('',#16,#17,#18);
#16 = CARTESIAN_POINT('',(0.,0.,0.));
#17 = DIRECTION('',(0.,0.,1.));
#18 = DIRECTION('',(1.,0.,0.));
#19 = AXIS2_PLACEMENT_3D('',#20,#21,#22);
#20 = CARTESIAN_POINT('',(0.,0.,0.1));
#21 = DIRECTION('',(0.,0.,1.));
#22 = DIRECTION('',(1.,0.,0.));
#23 = ( GEOMETRIC_REPRESENTATION_CONTEXT(3) 
GLOBAL_UNCERTAINTY_ASSIGNED_CONTEXT((#27)) GLOBAL_UNIT_ASSIGNED_CONTEXT(
(#24,#25,#26)) REPRESENTATION_CONTEXT('Context #1',
  '3D Context with UNIT and UNCERTAINTY') );
#24 = ( LENGTH_UNIT() NAMED_UNIT(*) SI_UNIT(.MILLI.,.METRE.) );
#25 = ( NAMED_UNIT(*) PLANE_ANGLE_UNIT() SI_UNIT($,.RADIAN.) );
#26 = ( NAMED_UNIT(*) SI_UNIT($,.STERADIAN.) SOLID_ANGLE_UNIT() );
#27 = UNCERTAINTY_MEASURE_WITH_UNIT(LENGTH_MEASURE(1.E-07),#24,
  'distance_accuracy_value','confusion accuracy');
#28 = PRODUCT_RELATED_PRODUCT_CATEGORY('part',$,(#7));
#29 = SHAPE_DEFINITION_REPRESENTATION(#30,#36);
#30 = PRODUCT_DEFINITION_SHAPE('','',#31);
#31 = PRODUCT_DEFINITION('design','',#32,#35);
#32 = PRODUCT_DEFINITION_FORMATION('','',#33);
#33 = PRODUCT('Body','Body','',(#34));
#34 = PRODUCT_CONTEXT('',#2,'mechanical');
#35 = PRODUCT_DEFINITION_CONTEXT('part definition',#2,'design');
#36 = ADVANCED_BREP_SHAPE_REPRESENTATION('',(#11,#37),#2600);
#37 = MANIFOLD_SOLID_BREP('',#38);
#38 = CLOSED_SHELL('',(#39,#79,#121,#152,#169,#186,#198,#223,#267,#299,
    #323,#347,#364,#920,#951,#975,#999,#1024,#1048,#1072,#1096,#1114,
    #1145,#1169,#1193,#1218,#1242,#1266,#1290,#1308,#1339,#1363,#1388,
    #1412,#1436,#1460,#1485,#1502,#1533,#1557,#1581,#1606,#1630,#1654,
    #1678,#1696,#1727,#1751,#1775,#1800,#1824,#1848,#1872,#1890,#1921,
    #1945,#1969,#1994,#2018,#2042,#2066,#2084,#2115,#2139,#2164,#2188,
    #2212,#2236,#2261,#2278,#2309,#2333,#2357,#2382,#2406,#2430,#2454,
    #2472,#2488,#2504,#2520,#2536,#2552,#2568,#2584));
#39 = ADVANCED_FACE('',(#40),#74,.F.);
#40 = FACE_BOUND('',#41,.F.);
#41 = EDGE_LOOP('',(#42,#52,#60,#68));
#42 = ORIENTED_EDGE('',*,*,#43,.T.);
#43 = EDGE_CURVE('',#44,#46,#48,.T.);
#44 = VERTEX_POINT('',#45);
#45 = CARTESIAN_POINT('',(10.5,-12.4,0.));
#46 = VERTEX_POINT('',#47);
#47 = CARTESIAN_POINT('',(10.5,-12.4,19.5));
#48 = LINE('',#49,#50);
#49 = CARTESIAN_POINT('',(10.5,-12.4,0.));
#50 = VECTOR('',#51,1.);
#51 = DIRECTION('',(0.,0.,1.));
#52 = ORIENTED_EDGE('',*,*,#53,.T.);
#53 = EDGE_CURVE('',#46,#54,#56,.T.);
#54 = VERTEX_POINT('',#55);
#55 = CARTESIAN_POINT('',(10.5,6.5,19.5));
#56 = LINE('',#57,#58);
#57 = CARTESIAN_POINT('',(10.5,-12.4,19.5));
#58 = VECTOR('',#59,1.);
#59 = DIRECTION('',(0.,1.,0.));
#60 = ORIENTED_EDGE('',*,*,#61,.F.);
#61 = EDGE_CURVE('',#62,#54,#64,.T.);
#62 = VERTEX_POINT('',#63);
#63 = CARTESIAN_POINT('',(10.5,6.5,0.));
#64 = LINE('',#65,#66);
#65 = CARTESIAN_POINT('',(10.5,6.5,0.));
#66 = VECTOR('',#67,1.);
#67 = DIRECTION('',(0.,0.,1.));
#68 = ORIENTED_EDGE('',*,*,#69,.F.);
#69 = EDGE_CURVE('',#44,#62,#70,.T.);
#70 = LINE('',#71,#72);
#71 = CARTESIAN_POINT('',(10.5,-12.4,0.));
#72 = VECTOR('',#73,1.);
#73 = DIRECTION('',(0.,1.,0.));
#74 = PLANE('',#75);
#75 = AXIS2_PLACEMENT_3D('',#76,#77,#78);
#76 = CARTESIAN_POINT('',(10.5,-12.4,0.));
#77 = DIRECTION('',(-1.,0.,0.));
#78 = DIRECTION('',(0.,1.,0.));
#79 = ADVANCED_FACE('',(#80,#105),#116,.F.);
#80 = FACE_BOUND('',#81,.F.);
#81 = EDGE_LOOP('',(#82,#92,#98,#99));
#82 = ORIENTED_EDGE('',*,*,#83,.T.);
#83 = EDGE_CURVE('',#84,#86,#88,.T.);
#84 = VERTEX_POINT('',#85);
#85 = CARTESIAN_POINT('',(-10.5,-12.4,0.));
#86 = VERTEX_POINT('',#87);
#87 = CARTESIAN_POINT('',(-10.5,-12.4,19.5));
#88 = LINE('',#89,#90);
#89 = CARTESIAN_POINT('',(-10.5,-12.4,0.));
#90 = VECTOR('',#91,1.);
#91 = DIRECTION('',(0.,0.,1.));
#92 = ORIENTED_EDGE('',*,*,#93,.T.);
#93 = EDGE_CURVE('',#86,#46,#94,.T.);
#94 = LINE('',#95,#96);
#95 = CARTESIAN_POINT('',(-10.5,-12.4,19.5));
#96 = VECTOR('',#97,1.);
#97 = DIRECTION('',(1.,0.,0.));
#98 = ORIENTED_EDGE('',*,*,#43,.F.);
#99 = ORIENTED_EDGE('',*,*,#100,.F.);
#100 = EDGE_CURVE('',#84,#44,#101,.T.);
#101 = LINE('',#102,#103);
#102 = CARTESIAN_POINT('',(-10.5,-12.4,0.));
#103 = VECTOR('',#104,1.);
#104 = DIRECTION('',(1.,0.,0.));
#105 = FACE_BOUND('',#106,.F.);
#106 = EDGE_LOOP('',(#107));
#107 = ORIENTED_EDGE('',*,*,#108,.T.);
#108 = EDGE_CURVE('',#109,#109,#111,.T.);
#109 = VERTEX_POINT('',#110);
#110 = CARTESIAN_POINT('',(7.,-12.4,10.));
#111 = CIRCLE('',#112,7.);
#112 = AXIS2_PLACEMENT_3D('',#113,#114,#115);
#113 = CARTESIAN_POINT('',(0.,-12.4,10.));
#114 = DIRECTION('',(0.,-1.,-2.22044604925E-16));
#115 = DIRECTION('',(1.,0.,0.));
#116 = PLANE('',#117);
#117 = AXIS2_PLACEMENT_3D('',#118,#119,#120);
#118 = CARTESIAN_POINT('',(-10.5,-12.4,0.));
#119 = DIRECTION('',(0.,1.,0.));
#120 = DIRECTION('',(1.,0.,0.));
#121 = ADVANCED_FACE('',(#122),#147,.F.);
#122 = FACE_BOUND('',#123,.F.);
#123 = EDGE_LOOP('',(#124,#125,#133,#141));
#124 = ORIENTED_EDGE('',*,*,#61,.T.);
#125 = ORIENTED_EDGE('',*,*,#126,.T.);
#126 = EDGE_CURVE('',#54,#127,#129,.T.);
#127 = VERTEX_POINT('',#128);
#128 = CARTESIAN_POINT('',(-10.5,6.5,19.5));
#129 = LINE('',#130,#131);
#130 = CARTESIAN_POINT('',(10.5,6.5,19.5));
#131 = VECTOR('',#132,1.);
#132 = DIRECTION('',(-1.,0.,0.));
#133 = ORIENTED_EDGE('',*,*,#134,.F.);
#134 = EDGE_CURVE('',#135,#127,#137,.T.);
#135 = VERTEX_POINT('',#136);
#136 = CARTESIAN_POINT('',(-10.5,6.5,0.));
#137 = LINE('',#138,#139);
#138 = CARTESIAN_POINT('',(-10.5,6.5,0.));
#139 = VECTOR('',#140,1.);
#140 = DIRECTION('',(0.,0.,1.));
#141 = ORIENTED_EDGE('',*,*,#142,.F.);
#142 = EDGE_CURVE('',#62,#135,#143,.T.);
#143 = LINE('',#144,#145);
#144 = CARTESIAN_POINT('',(10.5,6.5,0.));
#145 = VECTOR('',#146,1.);
#146 = DIRECTION('',(-1.,0.,0.));
#147 = PLANE('',#148);
#148 = AXIS2_PLACEMENT_3D('',#149,#150,#151);
#149 = CARTESIAN_POINT('',(10.5,6.5,0.));
#150 = DIRECTION('',(0.,-1.,0.));
#151 = DIRECTION('',(-1.,0.,0.));
#152 = ADVANCED_FACE('',(#153),#164,.F.);
#153 = FACE_BOUND('',#154,.F.);
#154 = EDGE_LOOP('',(#155,#156,#157,#163));
#155 = ORIENTED_EDGE('',*,*,#69,.T.);
#156 = ORIENTED_EDGE('',*,*,#142,.T.);
#157 = ORIENTED_EDGE('',*,*,#158,.T.);
#158 = EDGE_CURVE('',#135,#84,#159,.T.);
#159 = LINE('',#160,#161);
#160 = CARTESIAN_POINT('',(-10.5,6.5,0.));
#161 = VECTOR('',#162,1.);
#162 = DIRECTION('',(0.,-1.,0.));
#163 = ORIENTED_EDGE('',*,*,#100,.T.);
#164 = PLANE('',#165);
#165 = AXIS2_PLACEMENT_3D('',#166,#167,#168);
#166 = CARTESIAN_POINT('',(0.,-2.95,0.));
#167 = DIRECTION('',(0.,0.,1.));
#168 = DIRECTION('',(1.,0.,0.));
#169 = ADVANCED_FACE('',(#170),#181,.T.);
#170 = FACE_BOUND('',#171,.T.);
#171 = EDGE_LOOP('',(#172,#173,#174,#180));
#172 = ORIENTED_EDGE('',*,*,#53,.T.);
#173 = ORIENTED_EDGE('',*,*,#126,.T.);
#174 = ORIENTED_EDGE('',*,*,#175,.T.);
#175 = EDGE_CURVE('',#127,#86,#176,.T.);
#176 = LINE('',#177,#178);
#177 = CARTESIAN_POINT('',(-10.5,6.5,19.5));
#178 = VECTOR('',#179,1.);
#179 = DIRECTION('',(0.,-1.,0.));
#180 = ORIENTED_EDGE('',*,*,#93,.T.);
#181 = PLANE('',#182);
#182 = AXIS2_PLACEMENT_3D('',#183,#184,#185);
#183 = CARTESIAN_POINT('',(0.,-2.95,19.5));
#184 = DIRECTION('',(0.,0.,1.));
#185 = DIRECTION('',(1.,0.,0.));
#186 = ADVANCED_FACE('',(#187),#193,.F.);
#187 = FACE_BOUND('',#188,.F.);
#188 = EDGE_LOOP('',(#189,#190,#191,#192));
#189 = ORIENTED_EDGE('',*,*,#134,.T.);
#190 = ORIENTED_EDGE('',*,*,#175,.T.);
#191 = ORIENTED_EDGE('',*,*,#83,.F.);
#192 = ORIENTED_EDGE('',*,*,#158,.F.);
#193 = PLANE('',#194);
#194 = AXIS2_PLACEMENT_3D('',#195,#196,#197);
#195 = CARTESIAN_POINT('',(-10.5,6.5,0.));
#196 = DIRECTION('',(1.,0.,0.));
#197 = DIRECTION('',(0.,-1.,0.));
#198 = ADVANCED_FACE('',(#199),#218,.F.);
#199 = FACE_BOUND('',#200,.F.);
#200 = EDGE_LOOP('',(#201,#209,#216,#217));
#201 = ORIENTED_EDGE('',*,*,#202,.T.);
#202 = EDGE_CURVE('',#109,#203,#205,.T.);
#203 = VERTEX_POINT('',#204);
#204 = CARTESIAN_POINT('',(7.,-7.4,10.));
#205 = LINE('',#206,#207);
#206 = CARTESIAN_POINT('',(7.,-12.4,10.));
#207 = VECTOR('',#208,1.);
#208 = DIRECTION('',(0.,1.,0.));
#209 = ORIENTED_EDGE('',*,*,#210,.T.);
#210 = EDGE_CURVE('',#203,#203,#211,.T.);
#211 = CIRCLE('',#212,7.);
#212 = AXIS2_PLACEMENT_3D('',#213,#214,#215);
#213 = CARTESIAN_POINT('',(0.,-7.4,10.));
#214 = DIRECTION('',(0.,-1.,-2.22044604925E-16));
#215 = DIRECTION('',(1.,0.,0.));
#216 = ORIENTED_EDGE('',*,*,#202,.F.);
#217 = ORIENTED_EDGE('',*,*,#108,.F.);
#218 = CYLINDRICAL_SURFACE('',#219,7.);
#219 = AXIS2_PLACEMENT_3D('',#220,#221,#222);
#220 = CARTESIAN_POINT('',(0.,-12.4,10.));
#221 = DIRECTION('',(0.,-1.,-2.22044604925E-16));
#222 = DIRECTION('',(1.,0.,0.));
#223 = ADVANCED_FACE('',(#224,#227),#262,.F.);
#224 = FACE_BOUND('',#225,.T.);
#225 = EDGE_LOOP('',(#226));
#226 = ORIENTED_EDGE('',*,*,#210,.T.);
#227 = FACE_BOUND('',#228,.F.);
#228 = EDGE_LOOP('',(#229,#240,#248,#256));
#229 = ORIENTED_EDGE('',*,*,#230,.T.);
#230 = EDGE_CURVE('',#231,#233,#235,.T.);
#231 = VERTEX_POINT('',#232);
#232 = CARTESIAN_POINT('',(-1.,-7.4,15.763896251669));
#233 = VERTEX_POINT('',#234);
#234 = CARTESIAN_POINT('',(1.,-7.4,15.763896251669));
#235 = CIRCLE('',#236,5.85);
#236 = AXIS2_PLACEMENT_3D('',#237,#238,#239);
#237 = CARTESIAN_POINT('',(0.,-7.4,10.));
#238 = DIRECTION('',(0.,-1.,-2.22044604925E-16));
#239 = DIRECTION('',(1.,0.,0.));
#240 = ORIENTED_EDGE('',*,*,#241,.F.);
#241 = EDGE_CURVE('',#242,#233,#244,.T.);
#242 = VERTEX_POINT('',#243);
#243 = CARTESIAN_POINT('',(1.,-7.4,14.763896251669));
#244 = LINE('',#245,#246);
#245 = CARTESIAN_POINT('',(1.,-7.4,14.763896251669));
#246 = VECTOR('',#247,1.);
#247 = DIRECTION('',(0.,-2.22044604925E-16,1.));
#248 = ORIENTED_EDGE('',*,*,#249,.F.);
#249 = EDGE_CURVE('',#250,#242,#252,.T.);
#250 = VERTEX_POINT('',#251);
#251 = CARTESIAN_POINT('',(-1.,-7.4,14.763896251669));
#252 = LINE('',#253,#254);
#253 = CARTESIAN_POINT('',(-1.,-7.4,14.763896251669));
#254 = VECTOR('',#255,1.);
#255 = DIRECTION('',(1.,0.,0.));
#256 = ORIENTED_EDGE('',*,*,#257,.F.);
#257 = EDGE_CURVE('',#231,#250,#258,.T.);
#258 = LINE('',#259,#260);
#259 = CARTESIAN_POINT('',(-1.,-7.4,15.763896251669));
#260 = VECTOR('',#261,1.);
#261 = DIRECTION('',(0.,2.22044604925E-16,-1.));
#262 = PLANE('',#263);
#263 = AXIS2_PLACEMENT_3D('',#264,#265,#266);
#264 = CARTESIAN_POINT('',(-5.605550141778E-16,-7.4,10.195582386096));
#265 = DIRECTION('',(0.,1.,2.58591906485E-16));
#266 = DIRECTION('',(0.,-2.58591906485E-16,1.));
#267 = ADVANCED_FACE('',(#268),#294,.T.);
#268 = FACE_BOUND('',#269,.T.);
#269 = EDGE_LOOP('',(#270,#278,#279,#287));
#270 = ORIENTED_EDGE('',*,*,#271,.T.);
#271 = EDGE_CURVE('',#272,#231,#274,.T.);
#272 = VERTEX_POINT('',#273);
#273 = CARTESIAN_POINT('',(-1.,-12.4,15.763896251669));
#274 = LINE('',#275,#276);
#275 = CARTESIAN_POINT('',(-1.,-12.4,15.763896251669));
#276 = VECTOR('',#277,1.);
#277 = DIRECTION('',(0.,1.,0.));
#278 = ORIENTED_EDGE('',*,*,#230,.T.);
#279 = ORIENTED_EDGE('',*,*,#280,.F.);
#280 = EDGE_CURVE('',#281,#233,#283,.T.);
#281 = VERTEX_POINT('',#282);
#282 = CARTESIAN_POINT('',(1.,-12.4,15.763896251669));
#283 = LINE('',#284,#285);
#284 = CARTESIAN_POINT('',(1.,-12.4,15.763896251669));
#285 = VECTOR('',#286,1.);
#286 = DIRECTION('',(0.,1.,0.));
#287 = ORIENTED_EDGE('',*,*,#288,.F.);
#288 = EDGE_CURVE('',#272,#281,#289,.T.);
#289 = CIRCLE('',#290,5.85);
#290 = AXIS2_PLACEMENT_3D('',#291,#292,#293);
#291 = CARTESIAN_POINT('',(0.,-12.4,10.));
#292 = DIRECTION('',(0.,-1.,-2.22044604925E-16));
#293 = DIRECTION('',(1.,0.,0.));
#294 = CYLINDRICAL_SURFACE('',#295,5.85);
#295 = AXIS2_PLACEMENT_3D('',#296,#297,#298);
#296 = CARTESIAN_POINT('',(0.,-12.4,10.));
#297 = DIRECTION('',(0.,-1.,-2.22044604925E-16));
#298 = DIRECTION('',(1.,0.,0.));
#299 = ADVANCED_FACE('',(#300),#318,.F.);
#300 = FACE_BOUND('',#301,.F.);
#301 = EDGE_LOOP('',(#302,#310,#311,#312));
#302 = ORIENTED_EDGE('',*,*,#303,.T.);
#303 = EDGE_CURVE('',#304,#242,#306,.T.);
#304 = VERTEX_POINT('',#305);
#305 = CARTESIAN_POINT('',(1.,-12.4,14.763896251669));
#306 = LINE('',#307,#308);
#307 = CARTESIAN_POINT('',(1.,-12.4,14.763896251669));
#308 = VECTOR('',#309,1.);
#309 = DIRECTION('',(0.,1.,0.));
#310 = ORIENTED_EDGE('',*,*,#241,.T.);
#311 = ORIENTED_EDGE('',*,*,#280,.F.);
#312 = ORIENTED_EDGE('',*,*,#313,.F.);
#313 = EDGE_CURVE('',#304,#281,#314,.T.);
#314 = LINE('',#315,#316);
#315 = CARTESIAN_POINT('',(1.,-12.4,14.763896251669));
#316 = VECTOR('',#317,1.);
#317 = DIRECTION('',(0.,-2.22044604925E-16,1.));
#318 = PLANE('',#319);
#319 = AXIS2_PLACEMENT_3D('',#320,#321,#322);
#320 = CARTESIAN_POINT('',(1.,-12.4,14.763896251669));
#321 = DIRECTION('',(1.,0.,0.));
#322 = DIRECTION('',(0.,-2.22044604925E-16,1.));
#323 = ADVANCED_FACE('',(#324),#342,.F.);
#324 = FACE_BOUND('',#325,.F.);
#325 = EDGE_LOOP('',(#326,#334,#335,#336));
#326 = ORIENTED_EDGE('',*,*,#327,.T.);
#327 = EDGE_CURVE('',#328,#250,#330,.T.);
#328 = VERTEX_POINT('',#329);
#329 = CARTESIAN_POINT('',(-1.,-12.4,14.763896251669));
#330 = LINE('',#331,#332);
#331 = CARTESIAN_POINT('',(-1.,-12.4,14.763896251669));
#332 = VECTOR('',#333,1.);
#333 = DIRECTION('',(0.,1.,0.));
#334 = ORIENTED_EDGE('',*,*,#249,.T.);
#335 = ORIENTED_EDGE('',*,*,#303,.F.);
#336 = ORIENTED_EDGE('',*,*,#337,.F.);
#337 = EDGE_CURVE('',#328,#304,#338,.T.);
#338 = LINE('',#339,#340);
#339 = CARTESIAN_POINT('',(-1.,-12.4,14.763896251669));
#340 = VECTOR('',#341,1.);
#341 = DIRECTION('',(1.,0.,0.));
#342 = PLANE('',#343);
#343 = AXIS2_PLACEMENT_3D('',#344,#345,#346);
#344 = CARTESIAN_POINT('',(-1.,-12.4,14.763896251669));
#345 = DIRECTION('',(0.,0.,-1.));
#346 = DIRECTION('',(1.,0.,0.));
#347 = ADVANCED_FACE('',(#348),#359,.F.);
#348 = FACE_BOUND('',#349,.F.);
#349 = EDGE_LOOP('',(#350,#351,#352,#353));
#350 = ORIENTED_EDGE('',*,*,#271,.T.);
#351 = ORIENTED_EDGE('',*,*,#257,.T.);
#352 = ORIENTED_EDGE('',*,*,#327,.F.);
#353 = ORIENTED_EDGE('',*,*,#354,.F.);
#354 = EDGE_CURVE('',#272,#328,#355,.T.);
#355 = LINE('',#356,#357);
#356 = CARTESIAN_POINT('',(-1.,-12.4,15.763896251669));
#357 = VECTOR('',#358,1.);
#358 = DIRECTION('',(0.,2.22044604925E-16,-1.));
#359 = PLANE('',#360);
#360 = AXIS2_PLACEMENT_3D('',#361,#362,#363);
#361 = CARTESIAN_POINT('',(-1.,-12.4,15.763896251669));
#362 = DIRECTION('',(-1.,0.,0.));
#363 = DIRECTION('',(0.,2.22044604925E-16,-1.));
#364 = ADVANCED_FACE('',(#365,#371,#439,#507,#575,#643,#711,#779,#847),
  #915,.F.);
#365 = FACE_BOUND('',#366,.F.);
#366 = EDGE_LOOP('',(#367,#368,#369,#370));
#367 = ORIENTED_EDGE('',*,*,#288,.F.);
#368 = ORIENTED_EDGE('',*,*,#354,.T.);
#369 = ORIENTED_EDGE('',*,*,#337,.T.);
#370 = ORIENTED_EDGE('',*,*,#313,.T.);
#371 = FACE_BOUND('',#372,.F.);
#372 = EDGE_LOOP('',(#373,#383,#392,#400,#408,#416,#425,#433));
#373 = ORIENTED_EDGE('',*,*,#374,.F.);
#374 = EDGE_CURVE('',#375,#377,#379,.T.);
#375 = VERTEX_POINT('',#376);
#376 = CARTESIAN_POINT('',(-3.246685276615,-12.4,11.974573232478));
#377 = VERTEX_POINT('',#378);
#378 = CARTESIAN_POINT('',(-4.212610787245,-12.4,11.715754271956));
#379 = LINE('',#380,#381);
#380 = CARTESIAN_POINT('',(-3.246685276615,-12.4,11.974573232478));
#381 = VECTOR('',#382,1.);
#382 = DIRECTION('',(-0.965925826289,-5.746937261686E-17,-0.258819045103
    ));
#383 = ORIENTED_EDGE('',*,*,#384,.T.);
#384 = EDGE_CURVE('',#375,#385,#387,.T.);
#385 = VERTEX_POINT('',#386);
#386 = CARTESIAN_POINT('',(-1.797796537181,-12.4,12.362801800132));
#387 = CIRCLE('',#388,0.901387818866);
#388 = AXIS2_PLACEMENT_3D('',#389,#390,#391);
#389 = CARTESIAN_POINT('',(-2.65165042945,-12.4,12.65165042945));
#390 = DIRECTION('',(0.,-1.,2.22044604925E-16));
#391 = DIRECTION('',(1.,0.,0.));
#392 = ORIENTED_EDGE('',*,*,#393,.F.);
#393 = EDGE_CURVE('',#394,#385,#396,.T.);
#394 = VERTEX_POINT('',#395);
#395 = CARTESIAN_POINT('',(-0.831870710892,-12.4,12.621620845234));
#396 = LINE('',#397,#398);
#397 = CARTESIAN_POINT('',(-0.831870710892,-12.4,12.621620845234));
#398 = VECTOR('',#399,1.);
#399 = DIRECTION('',(-0.965925826289,-5.746937261686E-17,-0.258819045103
    ));
#400 = ORIENTED_EDGE('',*,*,#401,.F.);
#401 = EDGE_CURVE('',#402,#394,#404,.T.);
#402 = VERTEX_POINT('',#403);
#403 = CARTESIAN_POINT('',(-1.090690071655,-12.4,13.587546586943));
#404 = LINE('',#405,#406);
#405 = CARTESIAN_POINT('',(-0.961280391273,-12.4,13.104583716089));
#406 = VECTOR('',#407,1.);
#407 = DIRECTION('',(0.258819360762,-2.144785997045E-16,-0.965925741708)
  );
#408 = ORIENTED_EDGE('',*,*,#409,.F.);
#409 = EDGE_CURVE('',#410,#402,#412,.T.);
#410 = VERTEX_POINT('',#411);
#411 = CARTESIAN_POINT('',(-2.056615582284,-12.4,13.328727626421));
#412 = LINE('',#413,#414);
#413 = CARTESIAN_POINT('',(-2.056615582284,-12.4,13.328727626421));
#414 = VECTOR('',#415,1.);
#415 = DIRECTION('',(0.965925826289,5.746937261686E-17,0.258819045103));
#416 = ORIENTED_EDGE('',*,*,#417,.T.);
#417 = EDGE_CURVE('',#410,#418,#420,.T.);
#418 = VERTEX_POINT('',#419);
#419 = CARTESIAN_POINT('',(-3.505504321718,-12.4,12.940499058767));
#420 = CIRCLE('',#421,0.901387818866);
#421 = AXIS2_PLACEMENT_3D('',#422,#423,#424);
#422 = CARTESIAN_POINT('',(-2.65165042945,-12.4,12.65165042945));
#423 = DIRECTION('',(0.,-1.,2.22044604925E-16));
#424 = DIRECTION('',(1.,0.,0.));
#425 = ORIENTED_EDGE('',*,*,#426,.F.);
#426 = EDGE_CURVE('',#427,#418,#429,.T.);
#427 = VERTEX_POINT('',#428);
#428 = CARTESIAN_POINT('',(-4.471430148007,-12.4,12.681680013665));
#429 = LINE('',#430,#431);
#430 = CARTESIAN_POINT('',(-4.471430148007,-12.4,12.681680013665));
#431 = VECTOR('',#432,1.);
#432 = DIRECTION('',(0.965925826289,5.746937261686E-17,0.258819045103));
#433 = ORIENTED_EDGE('',*,*,#434,.F.);
#434 = EDGE_CURVE('',#377,#427,#435,.T.);
#435 = LINE('',#436,#437);
#436 = CARTESIAN_POINT('',(-4.342020467626,-12.4,12.198717142811));
#437 = VECTOR('',#438,1.);
#438 = DIRECTION('',(-0.258819360762,2.144785997045E-16,0.965925741708)
  );
#439 = FACE_BOUND('',#440,.F.);
#440 = EDGE_LOOP('',(#441,#451,#460,#468,#476,#484,#493,#501));
#441 = ORIENTED_EDGE('',*,*,#442,.F.);
#442 = EDGE_CURVE('',#443,#445,#447,.T.);
#443 = VERTEX_POINT('',#444);
#444 = CARTESIAN_POINT('',(-4.283759393927,-12.4,9.623638582113));
#445 = VERTEX_POINT('',#446);
#446 = CARTESIAN_POINT('',(-5.223451707626,-12.4,9.281618550558));
#447 = LINE('',#448,#449);
#448 = CARTESIAN_POINT('',(-4.283759393927,-12.4,9.623638582113));
#449 = VECTOR('',#450,1.);
#450 = DIRECTION('',(-0.939692620786,-7.594372760115E-17,-0.342020143326
    ));
#451 = ORIENTED_EDGE('',*,*,#452,.T.);
#452 = EDGE_CURVE('',#443,#453,#455,.T.);
#453 = VERTEX_POINT('',#454);
#454 = CARTESIAN_POINT('',(-2.874220462748,-12.4,10.136668797101));
#455 = CIRCLE('',#456,0.901387818866);
#456 = AXIS2_PLACEMENT_3D('',#457,#458,#459);
#457 = CARTESIAN_POINT('',(-3.75,-12.4,10.35));
#458 = DIRECTION('',(0.,-1.,2.22044604925E-16));
#459 = DIRECTION('',(1.,0.,0.));
#460 = ORIENTED_EDGE('',*,*,#461,.F.);
#461 = EDGE_CURVE('',#462,#453,#464,.T.);
#462 = VERTEX_POINT('',#463);
#463 = CARTESIAN_POINT('',(-1.934527841962,-12.4,10.478688940427));
#464 = LINE('',#465,#466);
#465 = CARTESIAN_POINT('',(-1.934527841962,-12.4,10.478688940427));
#466 = VECTOR('',#467,1.);
#467 = DIRECTION('',(-0.939692620786,-7.594372760115E-17,-0.342020143326
    ));
#468 = ORIENTED_EDGE('',*,*,#469,.F.);
#469 = EDGE_CURVE('',#470,#462,#472,.T.);
#470 = VERTEX_POINT('',#471);
#471 = CARTESIAN_POINT('',(-2.276548292374,-12.4,11.418381449442));
#472 = LINE('',#473,#474);
#473 = CARTESIAN_POINT('',(-2.105538067168,-12.4,10.948535194935));
#474 = VECTOR('',#475,1.);
#475 = DIRECTION('',(0.342020450412,-2.086536519153E-16,-0.939692509015)
  );
#476 = ORIENTED_EDGE('',*,*,#477,.F.);
#477 = EDGE_CURVE('',#478,#470,#480,.T.);
#478 = VERTEX_POINT('',#479);
#479 = CARTESIAN_POINT('',(-3.216240606073,-12.4,11.076361417887));
#480 = LINE('',#481,#482);
#481 = CARTESIAN_POINT('',(-3.216240606073,-12.4,11.076361417887));
#482 = VECTOR('',#483,1.);
#483 = DIRECTION('',(0.939692620786,7.594372760115E-17,0.342020143326));
#484 = ORIENTED_EDGE('',*,*,#485,.T.);
#485 = EDGE_CURVE('',#478,#486,#488,.T.);
#486 = VERTEX_POINT('',#487);
#487 = CARTESIAN_POINT('',(-4.625779537252,-12.4,10.563331202899));
#488 = CIRCLE('',#489,0.901387818866);
#489 = AXIS2_PLACEMENT_3D('',#490,#491,#492);
#490 = CARTESIAN_POINT('',(-3.75,-12.4,10.35));
#491 = DIRECTION('',(0.,-1.,2.22044604925E-16));
#492 = DIRECTION('',(1.,0.,0.));
#493 = ORIENTED_EDGE('',*,*,#494,.F.);
#494 = EDGE_CURVE('',#495,#486,#497,.T.);
#495 = VERTEX_POINT('',#496);
#496 = CARTESIAN_POINT('',(-5.565472158038,-12.4,10.221311059573));
#497 = LINE('',#498,#499);
#498 = CARTESIAN_POINT('',(-5.565472158038,-12.4,10.221311059573));
#499 = VECTOR('',#500,1.);
#500 = DIRECTION('',(0.939692620786,7.594372760115E-17,0.342020143326));
#501 = ORIENTED_EDGE('',*,*,#502,.F.);
#502 = EDGE_CURVE('',#445,#495,#503,.T.);
#503 = LINE('',#504,#505);
#504 = CARTESIAN_POINT('',(-5.394461932832,-12.4,9.751464805065));
#505 = VECTOR('',#506,1.);
#506 = DIRECTION('',(-0.342020450412,2.086536519153E-16,0.939692509015)
  );
#507 = FACE_BOUND('',#508,.F.);
#508 = EDGE_LOOP('',(#509,#519,#527,#536,#544,#552,#560,#569));
#509 = ORIENTED_EDGE('',*,*,#510,.F.);
#510 = EDGE_CURVE('',#511,#513,#515,.T.);
#511 = VERTEX_POINT('',#512);
#512 = CARTESIAN_POINT('',(-0.5,-12.4,12.1));
#513 = VERTEX_POINT('',#514);
#514 = CARTESIAN_POINT('',(0.5,-12.4,12.1));
#515 = LINE('',#516,#517);
#516 = CARTESIAN_POINT('',(-1.16527010826E-25,-12.4,12.1));
#517 = VECTOR('',#518,1.);
#518 = DIRECTION('',(1.,0.,0.));
#519 = ORIENTED_EDGE('',*,*,#520,.T.);
#520 = EDGE_CURVE('',#511,#521,#523,.T.);
#521 = VERTEX_POINT('',#522);
#522 = CARTESIAN_POINT('',(-0.5,-12.4,11.1));
#523 = LINE('',#524,#525);
#524 = CARTESIAN_POINT('',(-0.5,-12.4,12.1));
#525 = VECTOR('',#526,1.);
#526 = DIRECTION('',(0.,-2.22044604925E-16,-1.));
#527 = ORIENTED_EDGE('',*,*,#528,.T.);
#528 = EDGE_CURVE('',#521,#529,#531,.T.);
#529 = VERTEX_POINT('',#530);
#530 = CARTESIAN_POINT('',(-0.5,-12.4,9.6));
#531 = CIRCLE('',#532,0.901387818866);
#532 = AXIS2_PLACEMENT_3D('',#533,#534,#535);
#533 = CARTESIAN_POINT('',(7.740066439035E-27,-12.4,10.35));
#534 = DIRECTION('',(0.,-1.,2.22044604925E-16));
#535 = DIRECTION('',(1.,0.,0.));
#536 = ORIENTED_EDGE('',*,*,#537,.F.);
#537 = EDGE_CURVE('',#538,#529,#540,.T.);
#538 = VERTEX_POINT('',#539);
#539 = CARTESIAN_POINT('',(-0.5,-12.4,8.6));
#540 = LINE('',#541,#542);
#541 = CARTESIAN_POINT('',(-0.5,-12.4,8.6));
#542 = VECTOR('',#543,1.);
#543 = DIRECTION('',(-3.885780586188E-16,2.22044604925E-16,1.));
#544 = ORIENTED_EDGE('',*,*,#545,.F.);
#545 = EDGE_CURVE('',#546,#538,#548,.T.);
#546 = VERTEX_POINT('',#547);
#547 = CARTESIAN_POINT('',(0.5,-12.4,8.6));
#548 = LINE('',#549,#550);
#549 = CARTESIAN_POINT('',(2.143131899828E-16,-12.4,8.6));
#550 = VECTOR('',#551,1.);
#551 = DIRECTION('',(-1.,0.,0.));
#552 = ORIENTED_EDGE('',*,*,#553,.T.);
#553 = EDGE_CURVE('',#546,#554,#556,.T.);
#554 = VERTEX_POINT('',#555);
#555 = CARTESIAN_POINT('',(0.5,-12.4,9.6));
#556 = LINE('',#557,#558);
#557 = CARTESIAN_POINT('',(0.5,-12.4,8.6));
#558 = VECTOR('',#559,1.);
#559 = DIRECTION('',(0.,2.22044604925E-16,1.));
#560 = ORIENTED_EDGE('',*,*,#561,.T.);
#561 = EDGE_CURVE('',#554,#562,#564,.T.);
#562 = VERTEX_POINT('',#563);
#563 = CARTESIAN_POINT('',(0.5,-12.4,11.1));
#564 = CIRCLE('',#565,0.901387818866);
#565 = AXIS2_PLACEMENT_3D('',#566,#567,#568);
#566 = CARTESIAN_POINT('',(7.740066439035E-27,-12.4,10.35));
#567 = DIRECTION('',(0.,-1.,2.22044604925E-16));
#568 = DIRECTION('',(1.,0.,0.));
#569 = ORIENTED_EDGE('',*,*,#570,.F.);
#570 = EDGE_CURVE('',#513,#562,#571,.T.);
#571 = LINE('',#572,#573);
#572 = CARTESIAN_POINT('',(0.5,-12.4,12.1));
#573 = VECTOR('',#574,1.);
#574 = DIRECTION('',(0.,-2.22044604925E-16,-1.));
#575 = FACE_BOUND('',#576,.F.);
#576 = EDGE_LOOP('',(#577,#587,#596,#604,#612,#620,#629,#637));
#577 = ORIENTED_EDGE('',*,*,#578,.T.);
#578 = EDGE_CURVE('',#579,#581,#583,.T.);
#579 = VERTEX_POINT('',#580);
#580 = CARTESIAN_POINT('',(4.471430148007,-12.4,12.681680013665));
#581 = VERTEX_POINT('',#582);
#582 = CARTESIAN_POINT('',(3.505504321718,-12.4,12.940499058767));
#583 = LINE('',#584,#585);
#584 = CARTESIAN_POINT('',(4.471430148007,-12.4,12.681680013665));
#585 = VECTOR('',#586,1.);
#586 = DIRECTION('',(-0.965925826289,5.746937261686E-17,0.258819045103)
  );
#587 = ORIENTED_EDGE('',*,*,#588,.T.);
#588 = EDGE_CURVE('',#581,#589,#591,.T.);
#589 = VERTEX_POINT('',#590);
#590 = CARTESIAN_POINT('',(2.056615582284,-12.4,13.328727626421));
#591 = CIRCLE('',#592,0.901387818866);
#592 = AXIS2_PLACEMENT_3D('',#593,#594,#595);
#593 = CARTESIAN_POINT('',(2.65165042945,-12.4,12.65165042945));
#594 = DIRECTION('',(0.,-1.,2.22044604925E-16));
#595 = DIRECTION('',(1.,0.,0.));
#596 = ORIENTED_EDGE('',*,*,#597,.T.);
#597 = EDGE_CURVE('',#589,#598,#600,.T.);
#598 = VERTEX_POINT('',#599);
#599 = CARTESIAN_POINT('',(1.090690071655,-12.4,13.587546586943));
#600 = LINE('',#601,#602);
#601 = CARTESIAN_POINT('',(2.056615582284,-12.4,13.328727626421));
#602 = VECTOR('',#603,1.);
#603 = DIRECTION('',(-0.965925826289,5.746937261686E-17,0.258819045103)
  );
#604 = ORIENTED_EDGE('',*,*,#605,.T.);
#605 = EDGE_CURVE('',#598,#606,#608,.T.);
#606 = VERTEX_POINT('',#607);
#607 = CARTESIAN_POINT('',(0.831870710892,-12.4,12.621620845234));
#608 = LINE('',#609,#610);
#609 = CARTESIAN_POINT('',(1.090690071655,-12.4,13.587546586943));
#610 = VECTOR('',#611,1.);
#611 = DIRECTION('',(-0.258819360762,-2.144785997045E-16,-0.965925741708
    ));
#612 = ORIENTED_EDGE('',*,*,#613,.T.);
#613 = EDGE_CURVE('',#606,#614,#616,.T.);
#614 = VERTEX_POINT('',#615);
#615 = CARTESIAN_POINT('',(1.797796537181,-12.4,12.362801800132));
#616 = LINE('',#617,#618);
#617 = CARTESIAN_POINT('',(0.831870710892,-12.4,12.621620845234));
#618 = VECTOR('',#619,1.);
#619 = DIRECTION('',(0.965925826289,-5.746937261686E-17,-0.258819045103)
  );
#620 = ORIENTED_EDGE('',*,*,#621,.T.);
#621 = EDGE_CURVE('',#614,#622,#624,.T.);
#622 = VERTEX_POINT('',#623);
#623 = CARTESIAN_POINT('',(3.246685276615,-12.4,11.974573232478));
#624 = CIRCLE('',#625,0.901387818866);
#625 = AXIS2_PLACEMENT_3D('',#626,#627,#628);
#626 = CARTESIAN_POINT('',(2.65165042945,-12.4,12.65165042945));
#627 = DIRECTION('',(0.,-1.,2.22044604925E-16));
#628 = DIRECTION('',(1.,0.,0.));
#629 = ORIENTED_EDGE('',*,*,#630,.T.);
#630 = EDGE_CURVE('',#622,#631,#633,.T.);
#631 = VERTEX_POINT('',#632);
#632 = CARTESIAN_POINT('',(4.212610787245,-12.4,11.715754271956));
#633 = LINE('',#634,#635);
#634 = CARTESIAN_POINT('',(3.246685276615,-12.4,11.974573232478));
#635 = VECTOR('',#636,1.);
#636 = DIRECTION('',(0.965925826289,-5.746937261686E-17,-0.258819045103)
  );
#637 = ORIENTED_EDGE('',*,*,#638,.T.);
#638 = EDGE_CURVE('',#631,#579,#639,.T.);
#639 = LINE('',#640,#641);
#640 = CARTESIAN_POINT('',(4.212610787245,-12.4,11.715754271956));
#641 = VECTOR('',#642,1.);
#642 = DIRECTION('',(0.258819360762,2.144785997045E-16,0.965925741708));
#643 = FACE_BOUND('',#644,.F.);
#644 = EDGE_LOOP('',(#645,#655,#664,#672,#680,#688,#697,#705));
#645 = ORIENTED_EDGE('',*,*,#646,.T.);
#646 = EDGE_CURVE('',#647,#649,#651,.T.);
#647 = VERTEX_POINT('',#648);
#648 = CARTESIAN_POINT('',(5.565472158038,-12.4,10.221311059573));
#649 = VERTEX_POINT('',#650);
#650 = CARTESIAN_POINT('',(4.625779537252,-12.4,10.563331202899));
#651 = LINE('',#652,#653);
#652 = CARTESIAN_POINT('',(5.565472158038,-12.4,10.221311059573));
#653 = VECTOR('',#654,1.);
#654 = DIRECTION('',(-0.939692620786,7.594372760115E-17,0.342020143326)
  );
#655 = ORIENTED_EDGE('',*,*,#656,.T.);
#656 = EDGE_CURVE('',#649,#657,#659,.T.);
#657 = VERTEX_POINT('',#658);
#658 = CARTESIAN_POINT('',(3.216240606073,-12.4,11.076361417887));
#659 = CIRCLE('',#660,0.901387818866);
#660 = AXIS2_PLACEMENT_3D('',#661,#662,#663);
#661 = CARTESIAN_POINT('',(3.75,-12.4,10.35));
#662 = DIRECTION('',(0.,-1.,2.22044604925E-16));
#663 = DIRECTION('',(1.,0.,0.));
#664 = ORIENTED_EDGE('',*,*,#665,.T.);
#665 = EDGE_CURVE('',#657,#666,#668,.T.);
#666 = VERTEX_POINT('',#667);
#667 = CARTESIAN_POINT('',(2.276548292374,-12.4,11.418381449442));
#668 = LINE('',#669,#670);
#669 = CARTESIAN_POINT('',(3.216240606073,-12.4,11.076361417887));
#670 = VECTOR('',#671,1.);
#671 = DIRECTION('',(-0.939692620786,7.594372760115E-17,0.342020143326)
  );
#672 = ORIENTED_EDGE('',*,*,#673,.T.);
#673 = EDGE_CURVE('',#666,#674,#676,.T.);
#674 = VERTEX_POINT('',#675);
#675 = CARTESIAN_POINT('',(1.934527841962,-12.4,10.478688940427));
#676 = LINE('',#677,#678);
#677 = CARTESIAN_POINT('',(2.276548292374,-12.4,11.418381449442));
#678 = VECTOR('',#679,1.);
#679 = DIRECTION('',(-0.342020450412,-2.086536519153E-16,-0.939692509015
    ));
#680 = ORIENTED_EDGE('',*,*,#681,.T.);
#681 = EDGE_CURVE('',#674,#682,#684,.T.);
#682 = VERTEX_POINT('',#683);
#683 = CARTESIAN_POINT('',(2.874220462748,-12.4,10.136668797101));
#684 = LINE('',#685,#686);
#685 = CARTESIAN_POINT('',(1.934527841962,-12.4,10.478688940427));
#686 = VECTOR('',#687,1.);
#687 = DIRECTION('',(0.939692620786,-7.594372760115E-17,-0.342020143326)
  );
#688 = ORIENTED_EDGE('',*,*,#689,.T.);
#689 = EDGE_CURVE('',#682,#690,#692,.T.);
#690 = VERTEX_POINT('',#691);
#691 = CARTESIAN_POINT('',(4.283759393927,-12.4,9.623638582113));
#692 = CIRCLE('',#693,0.901387818866);
#693 = AXIS2_PLACEMENT_3D('',#694,#695,#696);
#694 = CARTESIAN_POINT('',(3.75,-12.4,10.35));
#695 = DIRECTION('',(0.,-1.,2.22044604925E-16));
#696 = DIRECTION('',(1.,0.,0.));
#697 = ORIENTED_EDGE('',*,*,#698,.T.);
#698 = EDGE_CURVE('',#690,#699,#701,.T.);
#699 = VERTEX_POINT('',#700);
#700 = CARTESIAN_POINT('',(5.223451707626,-12.4,9.281618550558));
#701 = LINE('',#702,#703);
#702 = CARTESIAN_POINT('',(4.283759393927,-12.4,9.623638582113));
#703 = VECTOR('',#704,1.);
#704 = DIRECTION('',(0.939692620786,-7.594372760115E-17,-0.342020143326)
  );
#705 = ORIENTED_EDGE('',*,*,#706,.T.);
#706 = EDGE_CURVE('',#699,#647,#707,.T.);
#707 = LINE('',#708,#709);
#708 = CARTESIAN_POINT('',(5.223451707626,-12.4,9.281618550558));
#709 = VECTOR('',#710,1.);
#710 = DIRECTION('',(0.342020450412,2.086536519153E-16,0.939692509015));
#711 = FACE_BOUND('',#712,.F.);
#712 = EDGE_LOOP('',(#713,#723,#732,#740,#748,#756,#765,#773));
#713 = ORIENTED_EDGE('',*,*,#714,.F.);
#714 = EDGE_CURVE('',#715,#717,#719,.T.);
#715 = VERTEX_POINT('',#716);
#716 = CARTESIAN_POINT('',(-2.828427124746,-12.4,6.464466094067));
#717 = VERTEX_POINT('',#718);
#718 = CARTESIAN_POINT('',(-3.535533905933,-12.4,5.757359312881));
#719 = LINE('',#720,#721);
#720 = CARTESIAN_POINT('',(-2.828427124746,-12.4,6.464466094067));
#721 = VECTOR('',#722,1.);
#722 = DIRECTION('',(-0.707106781187,-1.570092458684E-16,-0.707106781187
    ));
#723 = ORIENTED_EDGE('',*,*,#724,.T.);
#724 = EDGE_CURVE('',#715,#725,#727,.T.);
#725 = VERTEX_POINT('',#726);
#726 = CARTESIAN_POINT('',(-1.767766952966,-12.4,7.525126265847));
#727 = CIRCLE('',#728,0.901387818866);
#728 = AXIS2_PLACEMENT_3D('',#729,#730,#731);
#729 = CARTESIAN_POINT('',(-2.65165042945,-12.4,7.34834957055));
#730 = DIRECTION('',(0.,-1.,2.22044604925E-16));
#731 = DIRECTION('',(1.,0.,0.));
#732 = ORIENTED_EDGE('',*,*,#733,.F.);
#733 = EDGE_CURVE('',#734,#725,#736,.T.);
#734 = VERTEX_POINT('',#735);
#735 = CARTESIAN_POINT('',(-1.06066017178,-12.4,8.232233047034));
#736 = LINE('',#737,#738);
#737 = CARTESIAN_POINT('',(-1.06066017178,-12.4,8.232233047034));
#738 = VECTOR('',#739,1.);
#739 = DIRECTION('',(-0.707106781187,-1.570092458684E-16,-0.707106781187
    ));
#740 = ORIENTED_EDGE('',*,*,#741,.F.);
#741 = EDGE_CURVE('',#742,#734,#744,.T.);
#742 = VERTEX_POINT('',#743);
#743 = CARTESIAN_POINT('',(-1.767766952966,-12.4,8.93933982822));
#744 = LINE('',#745,#746);
#745 = CARTESIAN_POINT('',(-1.414213562373,-12.4,8.585786437627));
#746 = VECTOR('',#747,1.);
#747 = DIRECTION('',(0.707106781187,-1.570092458684E-16,-0.707106781187)
  );
#748 = ORIENTED_EDGE('',*,*,#749,.F.);
#749 = EDGE_CURVE('',#750,#742,#752,.T.);
#750 = VERTEX_POINT('',#751);
#751 = CARTESIAN_POINT('',(-2.474873734153,-12.4,8.232233047034));
#752 = LINE('',#753,#754);
#753 = CARTESIAN_POINT('',(-2.474873734153,-12.4,8.232233047034));
#754 = VECTOR('',#755,1.);
#755 = DIRECTION('',(0.707106781187,1.570092458684E-16,0.707106781187));
#756 = ORIENTED_EDGE('',*,*,#757,.T.);
#757 = EDGE_CURVE('',#750,#758,#760,.T.);
#758 = VERTEX_POINT('',#759);
#759 = CARTESIAN_POINT('',(-3.535533905933,-12.4,7.171572875254));
#760 = CIRCLE('',#761,0.901387818866);
#761 = AXIS2_PLACEMENT_3D('',#762,#763,#764);
#762 = CARTESIAN_POINT('',(-2.65165042945,-12.4,7.34834957055));
#763 = DIRECTION('',(0.,-1.,2.22044604925E-16));
#764 = DIRECTION('',(1.,0.,0.));
#765 = ORIENTED_EDGE('',*,*,#766,.F.);
#766 = EDGE_CURVE('',#767,#758,#769,.T.);
#767 = VERTEX_POINT('',#768);
#768 = CARTESIAN_POINT('',(-4.242640687119,-12.4,6.464466094067));
#769 = LINE('',#770,#771);
#770 = CARTESIAN_POINT('',(-4.242640687119,-12.4,6.464466094067));
#771 = VECTOR('',#772,1.);
#772 = DIRECTION('',(0.707106781187,1.570092458684E-16,0.707106781187));
#773 = ORIENTED_EDGE('',*,*,#774,.F.);
#774 = EDGE_CURVE('',#717,#767,#775,.T.);
#775 = LINE('',#776,#777);
#776 = CARTESIAN_POINT('',(-3.889087296526,-12.4,6.110912703474));
#777 = VECTOR('',#778,1.);
#778 = DIRECTION('',(-0.707106781187,1.570092458684E-16,0.707106781187)
  );
#779 = FACE_BOUND('',#780,.F.);
#780 = EDGE_LOOP('',(#781,#791,#799,#808,#816,#824,#832,#841));
#781 = ORIENTED_EDGE('',*,*,#782,.F.);
#782 = EDGE_CURVE('',#783,#785,#787,.T.);
#783 = VERTEX_POINT('',#784);
#784 = CARTESIAN_POINT('',(-0.5,-12.4,7.85));
#785 = VERTEX_POINT('',#786);
#786 = CARTESIAN_POINT('',(0.5,-12.4,7.85));
#787 = LINE('',#788,#789);
#788 = CARTESIAN_POINT('',(2.929499351483E-27,-12.4,7.85));
#789 = VECTOR('',#790,1.);
#790 = DIRECTION('',(1.,0.,0.));
#791 = ORIENTED_EDGE('',*,*,#792,.T.);
#792 = EDGE_CURVE('',#783,#793,#795,.T.);
#793 = VERTEX_POINT('',#794);
#794 = CARTESIAN_POINT('',(-0.5,-12.4,6.85));
#795 = LINE('',#796,#797);
#796 = CARTESIAN_POINT('',(-0.5,-12.4,7.85));
#797 = VECTOR('',#798,1.);
#798 = DIRECTION('',(0.,-2.22044604925E-16,-1.));
#799 = ORIENTED_EDGE('',*,*,#800,.T.);
#800 = EDGE_CURVE('',#793,#801,#803,.T.);
#801 = VERTEX_POINT('',#802);
#802 = CARTESIAN_POINT('',(-0.5,-12.4,5.35));
#803 = CIRCLE('',#804,0.901387818866);
#804 = AXIS2_PLACEMENT_3D('',#805,#806,#807);
#805 = CARTESIAN_POINT('',(6.365537008573E-33,-12.4,6.1));
#806 = DIRECTION('',(0.,-1.,2.22044604925E-16));
#807 = DIRECTION('',(1.,0.,0.));
#808 = ORIENTED_EDGE('',*,*,#809,.F.);
#809 = EDGE_CURVE('',#810,#801,#812,.T.);
#810 = VERTEX_POINT('',#811);
#811 = CARTESIAN_POINT('',(-0.5,-12.4,4.35));
#812 = LINE('',#813,#814);
#813 = CARTESIAN_POINT('',(-0.5,-12.4,4.35));
#814 = VECTOR('',#815,1.);
#815 = DIRECTION('',(0.,2.22044604925E-16,1.));
#816 = ORIENTED_EDGE('',*,*,#817,.F.);
#817 = EDGE_CURVE('',#818,#810,#820,.T.);
#818 = VERTEX_POINT('',#819);
#819 = CARTESIAN_POINT('',(0.5,-12.4,4.35));
#820 = LINE('',#821,#822);
#821 = CARTESIAN_POINT('',(2.143131898479E-16,-12.4,4.35));
#822 = VECTOR('',#823,1.);
#823 = DIRECTION('',(-1.,0.,0.));
#824 = ORIENTED_EDGE('',*,*,#825,.T.);
#825 = EDGE_CURVE('',#818,#826,#828,.T.);
#826 = VERTEX_POINT('',#827);
#827 = CARTESIAN_POINT('',(0.5,-12.4,5.35));
#828 = LINE('',#829,#830);
#829 = CARTESIAN_POINT('',(0.5,-12.4,4.35));
#830 = VECTOR('',#831,1.);
#831 = DIRECTION('',(0.,2.22044604925E-16,1.));
#832 = ORIENTED_EDGE('',*,*,#833,.T.);
#833 = EDGE_CURVE('',#826,#834,#836,.T.);
#834 = VERTEX_POINT('',#835);
#835 = CARTESIAN_POINT('',(0.5,-12.4,6.85));
#836 = CIRCLE('',#837,0.901387818866);
#837 = AXIS2_PLACEMENT_3D('',#838,#839,#840);
#838 = CARTESIAN_POINT('',(6.365537008573E-33,-12.4,6.1));
#839 = DIRECTION('',(0.,-1.,2.22044604925E-16));
#840 = DIRECTION('',(1.,0.,0.));
#841 = ORIENTED_EDGE('',*,*,#842,.F.);
#842 = EDGE_CURVE('',#785,#834,#843,.T.);
#843 = LINE('',#844,#845);
#844 = CARTESIAN_POINT('',(0.5,-12.4,7.85));
#845 = VECTOR('',#846,1.);
#846 = DIRECTION('',(0.,-2.22044604925E-16,-1.));
#847 = FACE_BOUND('',#848,.F.);
#848 = EDGE_LOOP('',(#849,#859,#868,#876,#884,#892,#901,#909));
#849 = ORIENTED_EDGE('',*,*,#850,.T.);
#850 = EDGE_CURVE('',#851,#853,#855,.T.);
#851 = VERTEX_POINT('',#852);
#852 = CARTESIAN_POINT('',(4.242640687119,-12.4,6.464466094067));
#853 = VERTEX_POINT('',#854);
#854 = CARTESIAN_POINT('',(3.535533905933,-12.4,7.171572875254));
#855 = LINE('',#856,#857);
#856 = CARTESIAN_POINT('',(4.242640687119,-12.4,6.464466094067));
#857 = VECTOR('',#858,1.);
#858 = DIRECTION('',(-0.707106781187,1.570092458684E-16,0.707106781187)
  );
#859 = ORIENTED_EDGE('',*,*,#860,.T.);
#860 = EDGE_CURVE('',#853,#861,#863,.T.);
#861 = VERTEX_POINT('',#862);
#862 = CARTESIAN_POINT('',(2.474873734153,-12.4,8.232233047034));
#863 = CIRCLE('',#864,0.901387818866);
#864 = AXIS2_PLACEMENT_3D('',#865,#866,#867);
#865 = CARTESIAN_POINT('',(2.65165042945,-12.4,7.34834957055));
#866 = DIRECTION('',(0.,-1.,2.22044604925E-16));
#867 = DIRECTION('',(1.,0.,0.));
#868 = ORIENTED_EDGE('',*,*,#869,.T.);
#869 = EDGE_CURVE('',#861,#870,#872,.T.);
#870 = VERTEX_POINT('',#871);
#871 = CARTESIAN_POINT('',(1.767766952966,-12.4,8.93933982822));
#872 = LINE('',#873,#874);
#873 = CARTESIAN_POINT('',(2.474873734153,-12.4,8.232233047034));
#874 = VECTOR('',#875,1.);
#875 = DIRECTION('',(-0.707106781187,1.570092458684E-16,0.707106781187)
  );
#876 = ORIENTED_EDGE('',*,*,#877,.T.);
#877 = EDGE_CURVE('',#870,#878,#880,.T.);
#878 = VERTEX_POINT('',#879);
#879 = CARTESIAN_POINT('',(1.06066017178,-12.4,8.232233047034));
#880 = LINE('',#881,#882);
#881 = CARTESIAN_POINT('',(1.767766952966,-12.4,8.93933982822));
#882 = VECTOR('',#883,1.);
#883 = DIRECTION('',(-0.707106781187,-1.570092458684E-16,-0.707106781187
    ));
#884 = ORIENTED_EDGE('',*,*,#885,.T.);
#885 = EDGE_CURVE('',#878,#886,#888,.T.);
#886 = VERTEX_POINT('',#887);
#887 = CARTESIAN_POINT('',(1.767766952966,-12.4,7.525126265847));
#888 = LINE('',#889,#890);
#889 = CARTESIAN_POINT('',(1.06066017178,-12.4,8.232233047034));
#890 = VECTOR('',#891,1.);
#891 = DIRECTION('',(0.707106781187,-1.570092458684E-16,-0.707106781187)
  );
#892 = ORIENTED_EDGE('',*,*,#893,.T.);
#893 = EDGE_CURVE('',#886,#894,#896,.T.);
#894 = VERTEX_POINT('',#895);
#895 = CARTESIAN_POINT('',(2.828427124746,-12.4,6.464466094067));
#896 = CIRCLE('',#897,0.901387818866);
#897 = AXIS2_PLACEMENT_3D('',#898,#899,#900);
#898 = CARTESIAN_POINT('',(2.65165042945,-12.4,7.34834957055));
#899 = DIRECTION('',(0.,-1.,2.22044604925E-16));
#900 = DIRECTION('',(1.,0.,0.));
#901 = ORIENTED_EDGE('',*,*,#902,.T.);
#902 = EDGE_CURVE('',#894,#903,#905,.T.);
#903 = VERTEX_POINT('',#904);
#904 = CARTESIAN_POINT('',(3.535533905933,-12.4,5.757359312881));
#905 = LINE('',#906,#907);
#906 = CARTESIAN_POINT('',(2.828427124746,-12.4,6.464466094067));
#907 = VECTOR('',#908,1.);
#908 = DIRECTION('',(0.707106781187,-1.570092458684E-16,-0.707106781187)
  );
#909 = ORIENTED_EDGE('',*,*,#910,.T.);
#910 = EDGE_CURVE('',#903,#851,#911,.T.);
#911 = LINE('',#912,#913);
#912 = CARTESIAN_POINT('',(3.535533905933,-12.4,5.757359312881));
#913 = VECTOR('',#914,1.);
#914 = DIRECTION('',(0.707106781187,1.570092458684E-16,0.707106781187));
#915 = PLANE('',#916);
#916 = AXIS2_PLACEMENT_3D('',#917,#918,#919);
#917 = CARTESIAN_POINT('',(-10.5,-12.4,0.));
#918 = DIRECTION('',(0.,1.,0.));
#919 = DIRECTION('',(1.,0.,0.));
#920 = ADVANCED_FACE('',(#921),#946,.T.);
#921 = FACE_BOUND('',#922,.T.);
#922 = EDGE_LOOP('',(#923,#931,#939,#945));
#923 = ORIENTED_EDGE('',*,*,#924,.T.);
#924 = EDGE_CURVE('',#375,#925,#927,.T.);
#925 = VERTEX_POINT('',#926);
#926 = CARTESIAN_POINT('',(-3.246685276615,-2.4,11.974573232478));
#927 = LINE('',#928,#929);
#928 = CARTESIAN_POINT('',(-3.246685276615,-12.4,11.974573232478));
#929 = VECTOR('',#930,1.);
#930 = DIRECTION('',(0.,1.,-2.22044604925E-16));
#931 = ORIENTED_EDGE('',*,*,#932,.T.);
#932 = EDGE_CURVE('',#925,#933,#935,.T.);
#933 = VERTEX_POINT('',#934);
#934 = CARTESIAN_POINT('',(-4.212610787245,-2.4,11.715754271956));
#935 = LINE('',#936,#937);
#936 = CARTESIAN_POINT('',(-3.246685276615,-2.4,11.974573232478));
#937 = VECTOR('',#938,1.);
#938 = DIRECTION('',(-0.965925826289,-5.746937261686E-17,-0.258819045103
    ));
#939 = ORIENTED_EDGE('',*,*,#940,.F.);
#940 = EDGE_CURVE('',#377,#933,#941,.T.);
#941 = LINE('',#942,#943);
#942 = CARTESIAN_POINT('',(-4.212610787245,-12.4,11.715754271956));
#943 = VECTOR('',#944,1.);
#944 = DIRECTION('',(0.,1.,-2.22044604925E-16));
#945 = ORIENTED_EDGE('',*,*,#374,.F.);
#946 = PLANE('',#947);
#947 = AXIS2_PLACEMENT_3D('',#948,#949,#950);
#948 = CARTESIAN_POINT('',(-3.246685276615,-12.4,11.974573232478));
#949 = DIRECTION('',(-0.258819045103,2.144786184852E-16,0.965925826289)
  );
#950 = DIRECTION('',(-0.965925826289,-5.746937261686E-17,-0.258819045103
    ));
#951 = ADVANCED_FACE('',(#952),#970,.F.);
#952 = FACE_BOUND('',#953,.F.);
#953 = EDGE_LOOP('',(#954,#962,#968,#969));
#954 = ORIENTED_EDGE('',*,*,#955,.T.);
#955 = EDGE_CURVE('',#427,#956,#958,.T.);
#956 = VERTEX_POINT('',#957);
#957 = CARTESIAN_POINT('',(-4.471430148007,-2.4,12.681680013665));
#958 = LINE('',#959,#960);
#959 = CARTESIAN_POINT('',(-4.471430148007,-12.4,12.681680013665));
#960 = VECTOR('',#961,1.);
#961 = DIRECTION('',(0.,1.,-2.22044604925E-16));
#962 = ORIENTED_EDGE('',*,*,#963,.F.);
#963 = EDGE_CURVE('',#933,#956,#964,.T.);
#964 = LINE('',#965,#966);
#965 = CARTESIAN_POINT('',(-4.212610787245,-2.4,11.715754271956));
#966 = VECTOR('',#967,1.);
#967 = DIRECTION('',(-0.258819360762,2.144785997045E-16,0.965925741708)
  );
#968 = ORIENTED_EDGE('',*,*,#940,.F.);
#969 = ORIENTED_EDGE('',*,*,#434,.T.);
#970 = PLANE('',#971);
#971 = AXIS2_PLACEMENT_3D('',#972,#973,#974);
#972 = CARTESIAN_POINT('',(-4.342020467626,-7.4,12.198717142811));
#973 = DIRECTION('',(-0.965925741708,-0.,-0.258819360762));
#974 = DIRECTION('',(0.258819360762,0.,-0.965925741708));
#975 = ADVANCED_FACE('',(#976),#994,.T.);
#976 = FACE_BOUND('',#977,.T.);
#977 = EDGE_LOOP('',(#978,#979,#987,#993));
#978 = ORIENTED_EDGE('',*,*,#955,.T.);
#979 = ORIENTED_EDGE('',*,*,#980,.T.);
#980 = EDGE_CURVE('',#956,#981,#983,.T.);
#981 = VERTEX_POINT('',#982);
#982 = CARTESIAN_POINT('',(-3.505504321718,-2.4,12.940499058767));
#983 = LINE('',#984,#985);
#984 = CARTESIAN_POINT('',(-4.471430148007,-2.4,12.681680013665));
#985 = VECTOR('',#986,1.);
#986 = DIRECTION('',(0.965925826289,5.746937261686E-17,0.258819045103));
#987 = ORIENTED_EDGE('',*,*,#988,.F.);
#988 = EDGE_CURVE('',#418,#981,#989,.T.);
#989 = LINE('',#990,#991);
#990 = CARTESIAN_POINT('',(-3.505504321718,-12.4,12.940499058767));
#991 = VECTOR('',#992,1.);
#992 = DIRECTION('',(0.,1.,-2.22044604925E-16));
#993 = ORIENTED_EDGE('',*,*,#426,.F.);
#994 = PLANE('',#995);
#995 = AXIS2_PLACEMENT_3D('',#996,#997,#998);
#996 = CARTESIAN_POINT('',(-4.471430148007,-12.4,12.681680013665));
#997 = DIRECTION('',(0.258819045103,-2.144786184852E-16,-0.965925826289)
  );
#998 = DIRECTION('',(0.965925826289,5.746937261686E-17,0.258819045103));
#999 = ADVANCED_FACE('',(#1000),#1019,.F.);
#1000 = FACE_BOUND('',#1001,.F.);
#1001 = EDGE_LOOP('',(#1002,#1010,#1017,#1018));
#1002 = ORIENTED_EDGE('',*,*,#1003,.T.);
#1003 = EDGE_CURVE('',#410,#1004,#1006,.T.);
#1004 = VERTEX_POINT('',#1005);
#1005 = CARTESIAN_POINT('',(-2.056615582284,-2.4,13.328727626421));
#1006 = LINE('',#1007,#1008);
#1007 = CARTESIAN_POINT('',(-2.056615582284,-12.4,13.328727626421));
#1008 = VECTOR('',#1009,1.);
#1009 = DIRECTION('',(0.,1.,-2.22044604925E-16));
#1010 = ORIENTED_EDGE('',*,*,#1011,.T.);
#1011 = EDGE_CURVE('',#1004,#981,#1012,.T.);
#1012 = CIRCLE('',#1013,0.901387818866);
#1013 = AXIS2_PLACEMENT_3D('',#1014,#1015,#1016);
#1014 = CARTESIAN_POINT('',(-2.65165042945,-2.4,12.65165042945));
#1015 = DIRECTION('',(0.,-1.,2.22044604925E-16));
#1016 = DIRECTION('',(1.,0.,0.));
#1017 = ORIENTED_EDGE('',*,*,#988,.F.);
#1018 = ORIENTED_EDGE('',*,*,#417,.F.);
#1019 = CYLINDRICAL_SURFACE('',#1020,0.901387818866);
#1020 = AXIS2_PLACEMENT_3D('',#1021,#1022,#1023);
#1021 = CARTESIAN_POINT('',(-2.65165042945,-12.4,12.65165042945));
#1022 = DIRECTION('',(0.,-1.,2.22044604925E-16));
#1023 = DIRECTION('',(1.,0.,0.));
#1024 = ADVANCED_FACE('',(#1025),#1043,.T.);
#1025 = FACE_BOUND('',#1026,.T.);
#1026 = EDGE_LOOP('',(#1027,#1028,#1036,#1042));
#1027 = ORIENTED_EDGE('',*,*,#1003,.T.);
#1028 = ORIENTED_EDGE('',*,*,#1029,.T.);
#1029 = EDGE_CURVE('',#1004,#1030,#1032,.T.);
#1030 = VERTEX_POINT('',#1031);
#1031 = CARTESIAN_POINT('',(-1.090690071655,-2.4,13.587546586943));
#1032 = LINE('',#1033,#1034);
#1033 = CARTESIAN_POINT('',(-2.056615582284,-2.4,13.328727626421));
#1034 = VECTOR('',#1035,1.);
#1035 = DIRECTION('',(0.965925826289,5.746937261686E-17,0.258819045103)
  );
#1036 = ORIENTED_EDGE('',*,*,#1037,.F.);
#1037 = EDGE_CURVE('',#402,#1030,#1038,.T.);
#1038 = LINE('',#1039,#1040);
#1039 = CARTESIAN_POINT('',(-1.090690071655,-12.4,13.587546586943));
#1040 = VECTOR('',#1041,1.);
#1041 = DIRECTION('',(0.,1.,-2.22044604925E-16));
#1042 = ORIENTED_EDGE('',*,*,#409,.F.);
#1043 = PLANE('',#1044);
#1044 = AXIS2_PLACEMENT_3D('',#1045,#1046,#1047);
#1045 = CARTESIAN_POINT('',(-2.056615582284,-12.4,13.328727626421));
#1046 = DIRECTION('',(0.258819045103,-2.144786184852E-16,-0.965925826289
    ));
#1047 = DIRECTION('',(0.965925826289,5.746937261686E-17,0.258819045103)
  );
#1048 = ADVANCED_FACE('',(#1049),#1067,.F.);
#1049 = FACE_BOUND('',#1050,.F.);
#1050 = EDGE_LOOP('',(#1051,#1059,#1065,#1066));
#1051 = ORIENTED_EDGE('',*,*,#1052,.T.);
#1052 = EDGE_CURVE('',#394,#1053,#1055,.T.);
#1053 = VERTEX_POINT('',#1054);
#1054 = CARTESIAN_POINT('',(-0.831870710892,-2.4,12.621620845234));
#1055 = LINE('',#1056,#1057);
#1056 = CARTESIAN_POINT('',(-0.831870710892,-12.4,12.621620845234));
#1057 = VECTOR('',#1058,1.);
#1058 = DIRECTION('',(0.,1.,-2.22044604925E-16));
#1059 = ORIENTED_EDGE('',*,*,#1060,.F.);
#1060 = EDGE_CURVE('',#1030,#1053,#1061,.T.);
#1061 = LINE('',#1062,#1063);
#1062 = CARTESIAN_POINT('',(-1.090690071655,-2.4,13.587546586943));
#1063 = VECTOR('',#1064,1.);
#1064 = DIRECTION('',(0.258819360762,-2.144785997045E-16,-0.965925741708
    ));
#1065 = ORIENTED_EDGE('',*,*,#1037,.F.);
#1066 = ORIENTED_EDGE('',*,*,#401,.T.);
#1067 = PLANE('',#1068);
#1068 = AXIS2_PLACEMENT_3D('',#1069,#1070,#1071);
#1069 = CARTESIAN_POINT('',(-0.961280391273,-7.4,13.104583716089));
#1070 = DIRECTION('',(0.965925741708,0.,0.258819360762));
#1071 = DIRECTION('',(-0.258819360762,0.,0.965925741708));
#1072 = ADVANCED_FACE('',(#1073),#1091,.T.);
#1073 = FACE_BOUND('',#1074,.T.);
#1074 = EDGE_LOOP('',(#1075,#1076,#1084,#1090));
#1075 = ORIENTED_EDGE('',*,*,#1052,.T.);
#1076 = ORIENTED_EDGE('',*,*,#1077,.T.);
#1077 = EDGE_CURVE('',#1053,#1078,#1080,.T.);
#1078 = VERTEX_POINT('',#1079);
#1079 = CARTESIAN_POINT('',(-1.797796537181,-2.4,12.362801800132));
#1080 = LINE('',#1081,#1082);
#1081 = CARTESIAN_POINT('',(-0.831870710892,-2.4,12.621620845234));
#1082 = VECTOR('',#1083,1.);
#1083 = DIRECTION('',(-0.965925826289,-5.746937261686E-17,
    -0.258819045103));
#1084 = ORIENTED_EDGE('',*,*,#1085,.F.);
#1085 = EDGE_CURVE('',#385,#1078,#1086,.T.);
#1086 = LINE('',#1087,#1088);
#1087 = CARTESIAN_POINT('',(-1.797796537181,-12.4,12.362801800132));
#1088 = VECTOR('',#1089,1.);
#1089 = DIRECTION('',(0.,1.,-2.22044604925E-16));
#1090 = ORIENTED_EDGE('',*,*,#393,.F.);
#1091 = PLANE('',#1092);
#1092 = AXIS2_PLACEMENT_3D('',#1093,#1094,#1095);
#1093 = CARTESIAN_POINT('',(-0.831870710892,-12.4,12.621620845234));
#1094 = DIRECTION('',(-0.258819045103,2.144786184852E-16,0.965925826289)
  );
#1095 = DIRECTION('',(-0.965925826289,-5.746937261686E-17,
    -0.258819045103));
#1096 = ADVANCED_FACE('',(#1097),#1109,.F.);
#1097 = FACE_BOUND('',#1098,.F.);
#1098 = EDGE_LOOP('',(#1099,#1100,#1107,#1108));
#1099 = ORIENTED_EDGE('',*,*,#924,.T.);
#1100 = ORIENTED_EDGE('',*,*,#1101,.T.);
#1101 = EDGE_CURVE('',#925,#1078,#1102,.T.);
#1102 = CIRCLE('',#1103,0.901387818866);
#1103 = AXIS2_PLACEMENT_3D('',#1104,#1105,#1106);
#1104 = CARTESIAN_POINT('',(-2.65165042945,-2.4,12.65165042945));
#1105 = DIRECTION('',(0.,-1.,2.22044604925E-16));
#1106 = DIRECTION('',(1.,0.,0.));
#1107 = ORIENTED_EDGE('',*,*,#1085,.F.);
#1108 = ORIENTED_EDGE('',*,*,#384,.F.);
#1109 = CYLINDRICAL_SURFACE('',#1110,0.901387818866);
#1110 = AXIS2_PLACEMENT_3D('',#1111,#1112,#1113);
#1111 = CARTESIAN_POINT('',(-2.65165042945,-12.4,12.65165042945));
#1112 = DIRECTION('',(0.,-1.,2.22044604925E-16));
#1113 = DIRECTION('',(1.,0.,0.));
#1114 = ADVANCED_FACE('',(#1115),#1140,.T.);
#1115 = FACE_BOUND('',#1116,.T.);
#1116 = EDGE_LOOP('',(#1117,#1125,#1133,#1139));
#1117 = ORIENTED_EDGE('',*,*,#1118,.T.);
#1118 = EDGE_CURVE('',#443,#1119,#1121,.T.);
#1119 = VERTEX_POINT('',#1120);
#1120 = CARTESIAN_POINT('',(-4.283759393927,-2.4,9.623638582113));
#1121 = LINE('',#1122,#1123);
#1122 = CARTESIAN_POINT('',(-4.283759393927,-12.4,9.623638582113));
#1123 = VECTOR('',#1124,1.);
#1124 = DIRECTION('',(0.,1.,-2.22044604925E-16));
#1125 = ORIENTED_EDGE('',*,*,#1126,.T.);
#1126 = EDGE_CURVE('',#1119,#1127,#1129,.T.);
#1127 = VERTEX_POINT('',#1128);
#1128 = CARTESIAN_POINT('',(-5.223451707626,-2.4,9.281618550558));
#1129 = LINE('',#1130,#1131);
#1130 = CARTESIAN_POINT('',(-4.283759393927,-2.4,9.623638582113));
#1131 = VECTOR('',#1132,1.);
#1132 = DIRECTION('',(-0.939692620786,-7.594372760115E-17,
    -0.342020143326));
#1133 = ORIENTED_EDGE('',*,*,#1134,.F.);
#1134 = EDGE_CURVE('',#445,#1127,#1135,.T.);
#1135 = LINE('',#1136,#1137);
#1136 = CARTESIAN_POINT('',(-5.223451707626,-12.4,9.281618550558));
#1137 = VECTOR('',#1138,1.);
#1138 = DIRECTION('',(0.,1.,-2.22044604925E-16));
#1139 = ORIENTED_EDGE('',*,*,#442,.F.);
#1140 = PLANE('',#1141);
#1141 = AXIS2_PLACEMENT_3D('',#1142,#1143,#1144);
#1142 = CARTESIAN_POINT('',(-4.283759393927,-12.4,9.623638582113));
#1143 = DIRECTION('',(-0.342020143326,2.086536767334E-16,0.939692620786)
  );
#1144 = DIRECTION('',(-0.939692620786,-7.594372760115E-17,
    -0.342020143326));
#1145 = ADVANCED_FACE('',(#1146),#1164,.F.);
#1146 = FACE_BOUND('',#1147,.F.);
#1147 = EDGE_LOOP('',(#1148,#1156,#1162,#1163));
#1148 = ORIENTED_EDGE('',*,*,#1149,.T.);
#1149 = EDGE_CURVE('',#495,#1150,#1152,.T.);
#1150 = VERTEX_POINT('',#1151);
#1151 = CARTESIAN_POINT('',(-5.565472158038,-2.4,10.221311059573));
#1152 = LINE('',#1153,#1154);
#1153 = CARTESIAN_POINT('',(-5.565472158038,-12.4,10.221311059573));
#1154 = VECTOR('',#1155,1.);
#1155 = DIRECTION('',(0.,1.,-2.22044604925E-16));
#1156 = ORIENTED_EDGE('',*,*,#1157,.F.);
#1157 = EDGE_CURVE('',#1127,#1150,#1158,.T.);
#1158 = LINE('',#1159,#1160);
#1159 = CARTESIAN_POINT('',(-5.223451707626,-2.4,9.281618550558));
#1160 = VECTOR('',#1161,1.);
#1161 = DIRECTION('',(-0.342020450412,2.086536519153E-16,0.939692509015)
  );
#1162 = ORIENTED_EDGE('',*,*,#1134,.F.);
#1163 = ORIENTED_EDGE('',*,*,#502,.T.);
#1164 = PLANE('',#1165);
#1165 = AXIS2_PLACEMENT_3D('',#1166,#1167,#1168);
#1166 = CARTESIAN_POINT('',(-5.394461932832,-7.4,9.751464805065));
#1167 = DIRECTION('',(-0.939692509015,-0.,-0.342020450412));
#1168 = DIRECTION('',(0.342020450412,0.,-0.939692509015));
#1169 = ADVANCED_FACE('',(#1170),#1188,.T.);
#1170 = FACE_BOUND('',#1171,.T.);
#1171 = EDGE_LOOP('',(#1172,#1173,#1181,#1187));
#1172 = ORIENTED_EDGE('',*,*,#1149,.T.);
#1173 = ORIENTED_EDGE('',*,*,#1174,.T.);
#1174 = EDGE_CURVE('',#1150,#1175,#1177,.T.);
#1175 = VERTEX_POINT('',#1176);
#1176 = CARTESIAN_POINT('',(-4.625779537252,-2.4,10.563331202899));
#1177 = LINE('',#1178,#1179);
#1178 = CARTESIAN_POINT('',(-5.565472158038,-2.4,10.221311059573));
#1179 = VECTOR('',#1180,1.);
#1180 = DIRECTION('',(0.939692620786,7.594372760115E-17,0.342020143326)
  );
#1181 = ORIENTED_EDGE('',*,*,#1182,.F.);
#1182 = EDGE_CURVE('',#486,#1175,#1183,.T.);
#1183 = LINE('',#1184,#1185);
#1184 = CARTESIAN_POINT('',(-4.625779537252,-12.4,10.563331202899));
#1185 = VECTOR('',#1186,1.);
#1186 = DIRECTION('',(0.,1.,-2.22044604925E-16));
#1187 = ORIENTED_EDGE('',*,*,#494,.F.);
#1188 = PLANE('',#1189);
#1189 = AXIS2_PLACEMENT_3D('',#1190,#1191,#1192);
#1190 = CARTESIAN_POINT('',(-5.565472158038,-12.4,10.221311059573));
#1191 = DIRECTION('',(0.342020143326,-2.086536767334E-16,-0.939692620786
    ));
#1192 = DIRECTION('',(0.939692620786,7.594372760115E-17,0.342020143326)
  );
#1193 = ADVANCED_FACE('',(#1194),#1213,.F.);
#1194 = FACE_BOUND('',#1195,.F.);
#1195 = EDGE_LOOP('',(#1196,#1204,#1211,#1212));
#1196 = ORIENTED_EDGE('',*,*,#1197,.T.);
#1197 = EDGE_CURVE('',#478,#1198,#1200,.T.);
#1198 = VERTEX_POINT('',#1199);
#1199 = CARTESIAN_POINT('',(-3.216240606073,-2.4,11.076361417887));
#1200 = LINE('',#1201,#1202);
#1201 = CARTESIAN_POINT('',(-3.216240606073,-12.4,11.076361417887));
#1202 = VECTOR('',#1203,1.);
#1203 = DIRECTION('',(0.,1.,-2.22044604925E-16));
#1204 = ORIENTED_EDGE('',*,*,#1205,.T.);
#1205 = EDGE_CURVE('',#1198,#1175,#1206,.T.);
#1206 = CIRCLE('',#1207,0.901387818866);
#1207 = AXIS2_PLACEMENT_3D('',#1208,#1209,#1210);
#1208 = CARTESIAN_POINT('',(-3.75,-2.4,10.35));
#1209 = DIRECTION('',(0.,-1.,2.22044604925E-16));
#1210 = DIRECTION('',(1.,0.,0.));
#1211 = ORIENTED_EDGE('',*,*,#1182,.F.);
#1212 = ORIENTED_EDGE('',*,*,#485,.F.);
#1213 = CYLINDRICAL_SURFACE('',#1214,0.901387818866);
#1214 = AXIS2_PLACEMENT_3D('',#1215,#1216,#1217);
#1215 = CARTESIAN_POINT('',(-3.75,-12.4,10.35));
#1216 = DIRECTION('',(0.,-1.,2.22044604925E-16));
#1217 = DIRECTION('',(1.,0.,0.));
#1218 = ADVANCED_FACE('',(#1219),#1237,.T.);
#1219 = FACE_BOUND('',#1220,.T.);
#1220 = EDGE_LOOP('',(#1221,#1222,#1230,#1236));
#1221 = ORIENTED_EDGE('',*,*,#1197,.T.);
#1222 = ORIENTED_EDGE('',*,*,#1223,.T.);
#1223 = EDGE_CURVE('',#1198,#1224,#1226,.T.);
#1224 = VERTEX_POINT('',#1225);
#1225 = CARTESIAN_POINT('',(-2.276548292374,-2.4,11.418381449442));
#1226 = LINE('',#1227,#1228);
#1227 = CARTESIAN_POINT('',(-3.216240606073,-2.4,11.076361417887));
#1228 = VECTOR('',#1229,1.);
#1229 = DIRECTION('',(0.939692620786,7.594372760115E-17,0.342020143326)
  );
#1230 = ORIENTED_EDGE('',*,*,#1231,.F.);
#1231 = EDGE_CURVE('',#470,#1224,#1232,.T.);
#1232 = LINE('',#1233,#1234);
#1233 = CARTESIAN_POINT('',(-2.276548292374,-12.4,11.418381449442));
#1234 = VECTOR('',#1235,1.);
#1235 = DIRECTION('',(0.,1.,-2.22044604925E-16));
#1236 = ORIENTED_EDGE('',*,*,#477,.F.);
#1237 = PLANE('',#1238);
#1238 = AXIS2_PLACEMENT_3D('',#1239,#1240,#1241);
#1239 = CARTESIAN_POINT('',(-3.216240606073,-12.4,11.076361417887));
#1240 = DIRECTION('',(0.342020143326,-2.086536767334E-16,-0.939692620786
    ));
#1241 = DIRECTION('',(0.939692620786,7.594372760115E-17,0.342020143326)
  );
#1242 = ADVANCED_FACE('',(#1243),#1261,.F.);
#1243 = FACE_BOUND('',#1244,.F.);
#1244 = EDGE_LOOP('',(#1245,#1253,#1259,#1260));
#1245 = ORIENTED_EDGE('',*,*,#1246,.T.);
#1246 = EDGE_CURVE('',#462,#1247,#1249,.T.);
#1247 = VERTEX_POINT('',#1248);
#1248 = CARTESIAN_POINT('',(-1.934527841962,-2.4,10.478688940427));
#1249 = LINE('',#1250,#1251);
#1250 = CARTESIAN_POINT('',(-1.934527841962,-12.4,10.478688940427));
#1251 = VECTOR('',#1252,1.);
#1252 = DIRECTION('',(0.,1.,-2.22044604925E-16));
#1253 = ORIENTED_EDGE('',*,*,#1254,.F.);
#1254 = EDGE_CURVE('',#1224,#1247,#1255,.T.);
#1255 = LINE('',#1256,#1257);
#1256 = CARTESIAN_POINT('',(-2.276548292374,-2.4,11.418381449442));
#1257 = VECTOR('',#1258,1.);
#1258 = DIRECTION('',(0.342020450412,-2.086536519153E-16,-0.939692509015
    ));
#1259 = ORIENTED_EDGE('',*,*,#1231,.F.);
#1260 = ORIENTED_EDGE('',*,*,#469,.T.);
#1261 = PLANE('',#1262);
#1262 = AXIS2_PLACEMENT_3D('',#1263,#1264,#1265);
#1263 = CARTESIAN_POINT('',(-2.105538067168,-7.4,10.948535194935));
#1264 = DIRECTION('',(0.939692509015,0.,0.342020450412));
#1265 = DIRECTION('',(-0.342020450412,0.,0.939692509015));
#1266 = ADVANCED_FACE('',(#1267),#1285,.T.);
#1267 = FACE_BOUND('',#1268,.T.);
#1268 = EDGE_LOOP('',(#1269,#1270,#1278,#1284));
#1269 = ORIENTED_EDGE('',*,*,#1246,.T.);
#1270 = ORIENTED_EDGE('',*,*,#1271,.T.);
#1271 = EDGE_CURVE('',#1247,#1272,#1274,.T.);
#1272 = VERTEX_POINT('',#1273);
#1273 = CARTESIAN_POINT('',(-2.874220462748,-2.4,10.136668797101));
#1274 = LINE('',#1275,#1276);
#1275 = CARTESIAN_POINT('',(-1.934527841962,-2.4,10.478688940427));
#1276 = VECTOR('',#1277,1.);
#1277 = DIRECTION('',(-0.939692620786,-7.594372760115E-17,
    -0.342020143326));
#1278 = ORIENTED_EDGE('',*,*,#1279,.F.);
#1279 = EDGE_CURVE('',#453,#1272,#1280,.T.);
#1280 = LINE('',#1281,#1282);
#1281 = CARTESIAN_POINT('',(-2.874220462748,-12.4,10.136668797101));
#1282 = VECTOR('',#1283,1.);
#1283 = DIRECTION('',(0.,1.,-2.22044604925E-16));
#1284 = ORIENTED_EDGE('',*,*,#461,.F.);
#1285 = PLANE('',#1286);
#1286 = AXIS2_PLACEMENT_3D('',#1287,#1288,#1289);
#1287 = CARTESIAN_POINT('',(-1.934527841962,-12.4,10.478688940427));
#1288 = DIRECTION('',(-0.342020143326,2.086536767334E-16,0.939692620786)
  );
#1289 = DIRECTION('',(-0.939692620786,-7.594372760115E-17,
    -0.342020143326));
#1290 = ADVANCED_FACE('',(#1291),#1303,.F.);
#1291 = FACE_BOUND('',#1292,.F.);
#1292 = EDGE_LOOP('',(#1293,#1294,#1301,#1302));
#1293 = ORIENTED_EDGE('',*,*,#1118,.T.);
#1294 = ORIENTED_EDGE('',*,*,#1295,.T.);
#1295 = EDGE_CURVE('',#1119,#1272,#1296,.T.);
#1296 = CIRCLE('',#1297,0.901387818866);
#1297 = AXIS2_PLACEMENT_3D('',#1298,#1299,#1300);
#1298 = CARTESIAN_POINT('',(-3.75,-2.4,10.35));
#1299 = DIRECTION('',(0.,-1.,2.22044604925E-16));
#1300 = DIRECTION('',(1.,0.,0.));
#1301 = ORIENTED_EDGE('',*,*,#1279,.F.);
#1302 = ORIENTED_EDGE('',*,*,#452,.F.);
#1303 = CYLINDRICAL_SURFACE('',#1304,0.901387818866);
#1304 = AXIS2_PLACEMENT_3D('',#1305,#1306,#1307);
#1305 = CARTESIAN_POINT('',(-3.75,-12.4,10.35));
#1306 = DIRECTION('',(0.,-1.,2.22044604925E-16));
#1307 = DIRECTION('',(1.,0.,0.));
#1308 = ADVANCED_FACE('',(#1309),#1334,.F.);
#1309 = FACE_BOUND('',#1310,.F.);
#1310 = EDGE_LOOP('',(#1311,#1319,#1320,#1328));
#1311 = ORIENTED_EDGE('',*,*,#1312,.F.);
#1312 = EDGE_CURVE('',#511,#1313,#1315,.T.);
#1313 = VERTEX_POINT('',#1314);
#1314 = CARTESIAN_POINT('',(-0.5,-2.4,12.1));
#1315 = LINE('',#1316,#1317);
#1316 = CARTESIAN_POINT('',(-0.5,-12.4,12.1));
#1317 = VECTOR('',#1318,1.);
#1318 = DIRECTION('',(0.,1.,-2.22044604925E-16));
#1319 = ORIENTED_EDGE('',*,*,#510,.T.);
#1320 = ORIENTED_EDGE('',*,*,#1321,.T.);
#1321 = EDGE_CURVE('',#513,#1322,#1324,.T.);
#1322 = VERTEX_POINT('',#1323);
#1323 = CARTESIAN_POINT('',(0.5,-2.4,12.1));
#1324 = LINE('',#1325,#1326);
#1325 = CARTESIAN_POINT('',(0.5,-12.4,12.1));
#1326 = VECTOR('',#1327,1.);
#1327 = DIRECTION('',(0.,1.,-2.22044604925E-16));
#1328 = ORIENTED_EDGE('',*,*,#1329,.T.);
#1329 = EDGE_CURVE('',#1322,#1313,#1330,.T.);
#1330 = LINE('',#1331,#1332);
#1331 = CARTESIAN_POINT('',(-1.16527010826E-25,-2.4,12.1));
#1332 = VECTOR('',#1333,1.);
#1333 = DIRECTION('',(-1.,0.,0.));
#1334 = PLANE('',#1335);
#1335 = AXIS2_PLACEMENT_3D('',#1336,#1337,#1338);
#1336 = CARTESIAN_POINT('',(-1.261617073438E-16,-7.4,12.1));
#1337 = DIRECTION('',(0.,0.,1.));
#1338 = DIRECTION('',(1.,0.,0.));
#1339 = ADVANCED_FACE('',(#1340),#1358,.T.);
#1340 = FACE_BOUND('',#1341,.T.);
#1341 = EDGE_LOOP('',(#1342,#1343,#1351,#1357));
#1342 = ORIENTED_EDGE('',*,*,#1321,.T.);
#1343 = ORIENTED_EDGE('',*,*,#1344,.T.);
#1344 = EDGE_CURVE('',#1322,#1345,#1347,.T.);
#1345 = VERTEX_POINT('',#1346);
#1346 = CARTESIAN_POINT('',(0.5,-2.4,11.1));
#1347 = LINE('',#1348,#1349);
#1348 = CARTESIAN_POINT('',(0.5,-2.4,12.1));
#1349 = VECTOR('',#1350,1.);
#1350 = DIRECTION('',(0.,-2.22044604925E-16,-1.));
#1351 = ORIENTED_EDGE('',*,*,#1352,.F.);
#1352 = EDGE_CURVE('',#562,#1345,#1353,.T.);
#1353 = LINE('',#1354,#1355);
#1354 = CARTESIAN_POINT('',(0.5,-12.4,11.1));
#1355 = VECTOR('',#1356,1.);
#1356 = DIRECTION('',(0.,1.,-2.22044604925E-16));
#1357 = ORIENTED_EDGE('',*,*,#570,.F.);
#1358 = PLANE('',#1359);
#1359 = AXIS2_PLACEMENT_3D('',#1360,#1361,#1362);
#1360 = CARTESIAN_POINT('',(0.5,-12.4,12.1));
#1361 = DIRECTION('',(-1.,0.,0.));
#1362 = DIRECTION('',(0.,-2.22044604925E-16,-1.));
#1363 = ADVANCED_FACE('',(#1364),#1383,.F.);
#1364 = FACE_BOUND('',#1365,.F.);
#1365 = EDGE_LOOP('',(#1366,#1374,#1381,#1382));
#1366 = ORIENTED_EDGE('',*,*,#1367,.T.);
#1367 = EDGE_CURVE('',#554,#1368,#1370,.T.);
#1368 = VERTEX_POINT('',#1369);
#1369 = CARTESIAN_POINT('',(0.5,-2.4,9.6));
#1370 = LINE('',#1371,#1372);
#1371 = CARTESIAN_POINT('',(0.5,-12.4,9.6));
#1372 = VECTOR('',#1373,1.);
#1373 = DIRECTION('',(0.,1.,-2.22044604925E-16));
#1374 = ORIENTED_EDGE('',*,*,#1375,.T.);
#1375 = EDGE_CURVE('',#1368,#1345,#1376,.T.);
#1376 = CIRCLE('',#1377,0.901387818866);
#1377 = AXIS2_PLACEMENT_3D('',#1378,#1379,#1380);
#1378 = CARTESIAN_POINT('',(7.740066439035E-27,-2.4,10.35));
#1379 = DIRECTION('',(0.,-1.,2.22044604925E-16));
#1380 = DIRECTION('',(1.,0.,0.));
#1381 = ORIENTED_EDGE('',*,*,#1352,.F.);
#1382 = ORIENTED_EDGE('',*,*,#561,.F.);
#1383 = CYLINDRICAL_SURFACE('',#1384,0.901387818866);
#1384 = AXIS2_PLACEMENT_3D('',#1385,#1386,#1387);
#1385 = CARTESIAN_POINT('',(7.740066439035E-27,-12.4,10.35));
#1386 = DIRECTION('',(0.,-1.,2.22044604925E-16));
#1387 = DIRECTION('',(1.,0.,0.));
#1388 = ADVANCED_FACE('',(#1389),#1407,.F.);
#1389 = FACE_BOUND('',#1390,.F.);
#1390 = EDGE_LOOP('',(#1391,#1399,#1405,#1406));
#1391 = ORIENTED_EDGE('',*,*,#1392,.T.);
#1392 = EDGE_CURVE('',#546,#1393,#1395,.T.);
#1393 = VERTEX_POINT('',#1394);
#1394 = CARTESIAN_POINT('',(0.5,-2.4,8.6));
#1395 = LINE('',#1396,#1397);
#1396 = CARTESIAN_POINT('',(0.5,-12.4,8.6));
#1397 = VECTOR('',#1398,1.);
#1398 = DIRECTION('',(0.,1.,-2.22044604925E-16));
#1399 = ORIENTED_EDGE('',*,*,#1400,.T.);
#1400 = EDGE_CURVE('',#1393,#1368,#1401,.T.);
#1401 = LINE('',#1402,#1403);
#1402 = CARTESIAN_POINT('',(0.5,-2.4,8.6));
#1403 = VECTOR('',#1404,1.);
#1404 = DIRECTION('',(0.,2.22044604925E-16,1.));
#1405 = ORIENTED_EDGE('',*,*,#1367,.F.);
#1406 = ORIENTED_EDGE('',*,*,#553,.F.);
#1407 = PLANE('',#1408);
#1408 = AXIS2_PLACEMENT_3D('',#1409,#1410,#1411);
#1409 = CARTESIAN_POINT('',(0.5,-12.4,8.6));
#1410 = DIRECTION('',(1.,0.,0.));
#1411 = DIRECTION('',(0.,2.22044604925E-16,1.));
#1412 = ADVANCED_FACE('',(#1413),#1431,.F.);
#1413 = FACE_BOUND('',#1414,.F.);
#1414 = EDGE_LOOP('',(#1415,#1423,#1429,#1430));
#1415 = ORIENTED_EDGE('',*,*,#1416,.T.);
#1416 = EDGE_CURVE('',#538,#1417,#1419,.T.);
#1417 = VERTEX_POINT('',#1418);
#1418 = CARTESIAN_POINT('',(-0.5,-2.4,8.6));
#1419 = LINE('',#1420,#1421);
#1420 = CARTESIAN_POINT('',(-0.5,-12.4,8.6));
#1421 = VECTOR('',#1422,1.);
#1422 = DIRECTION('',(0.,1.,-2.22044604925E-16));
#1423 = ORIENTED_EDGE('',*,*,#1424,.T.);
#1424 = EDGE_CURVE('',#1417,#1393,#1425,.T.);
#1425 = LINE('',#1426,#1427);
#1426 = CARTESIAN_POINT('',(2.143131899828E-16,-2.4,8.6));
#1427 = VECTOR('',#1428,1.);
#1428 = DIRECTION('',(1.,0.,0.));
#1429 = ORIENTED_EDGE('',*,*,#1392,.F.);
#1430 = ORIENTED_EDGE('',*,*,#545,.T.);
#1431 = PLANE('',#1432);
#1432 = AXIS2_PLACEMENT_3D('',#1433,#1434,#1435);
#1433 = CARTESIAN_POINT('',(8.452834392032E-17,-7.4,8.6));
#1434 = DIRECTION('',(-0.,-0.,-1.));
#1435 = DIRECTION('',(-1.,0.,0.));
#1436 = ADVANCED_FACE('',(#1437),#1455,.T.);
#1437 = FACE_BOUND('',#1438,.T.);
#1438 = EDGE_LOOP('',(#1439,#1440,#1448,#1454));
#1439 = ORIENTED_EDGE('',*,*,#1416,.T.);
#1440 = ORIENTED_EDGE('',*,*,#1441,.T.);
#1441 = EDGE_CURVE('',#1417,#1442,#1444,.T.);
#1442 = VERTEX_POINT('',#1443);
#1443 = CARTESIAN_POINT('',(-0.5,-2.4,9.6));
#1444 = LINE('',#1445,#1446);
#1445 = CARTESIAN_POINT('',(-0.5,-2.4,8.6));
#1446 = VECTOR('',#1447,1.);
#1447 = DIRECTION('',(-3.885780586188E-16,2.22044604925E-16,1.));
#1448 = ORIENTED_EDGE('',*,*,#1449,.F.);
#1449 = EDGE_CURVE('',#529,#1442,#1450,.T.);
#1450 = LINE('',#1451,#1452);
#1451 = CARTESIAN_POINT('',(-0.5,-12.4,9.6));
#1452 = VECTOR('',#1453,1.);
#1453 = DIRECTION('',(0.,1.,-2.22044604925E-16));
#1454 = ORIENTED_EDGE('',*,*,#537,.F.);
#1455 = PLANE('',#1456);
#1456 = AXIS2_PLACEMENT_3D('',#1457,#1458,#1459);
#1457 = CARTESIAN_POINT('',(-0.5,-12.4,8.6));
#1458 = DIRECTION('',(1.,8.628166150855E-32,3.885780586188E-16));
#1459 = DIRECTION('',(-3.885780586188E-16,2.22044604925E-16,1.));
#1460 = ADVANCED_FACE('',(#1461),#1480,.F.);
#1461 = FACE_BOUND('',#1462,.F.);
#1462 = EDGE_LOOP('',(#1463,#1471,#1478,#1479));
#1463 = ORIENTED_EDGE('',*,*,#1464,.T.);
#1464 = EDGE_CURVE('',#521,#1465,#1467,.T.);
#1465 = VERTEX_POINT('',#1466);
#1466 = CARTESIAN_POINT('',(-0.5,-2.4,11.1));
#1467 = LINE('',#1468,#1469);
#1468 = CARTESIAN_POINT('',(-0.5,-12.4,11.1));
#1469 = VECTOR('',#1470,1.);
#1470 = DIRECTION('',(0.,1.,-2.22044604925E-16));
#1471 = ORIENTED_EDGE('',*,*,#1472,.T.);
#1472 = EDGE_CURVE('',#1465,#1442,#1473,.T.);
#1473 = CIRCLE('',#1474,0.901387818866);
#1474 = AXIS2_PLACEMENT_3D('',#1475,#1476,#1477);
#1475 = CARTESIAN_POINT('',(7.740066439035E-27,-2.4,10.35));
#1476 = DIRECTION('',(0.,-1.,2.22044604925E-16));
#1477 = DIRECTION('',(1.,0.,0.));
#1478 = ORIENTED_EDGE('',*,*,#1449,.F.);
#1479 = ORIENTED_EDGE('',*,*,#528,.F.);
#1480 = CYLINDRICAL_SURFACE('',#1481,0.901387818866);
#1481 = AXIS2_PLACEMENT_3D('',#1482,#1483,#1484);
#1482 = CARTESIAN_POINT('',(7.740066439035E-27,-12.4,10.35));
#1483 = DIRECTION('',(0.,-1.,2.22044604925E-16));
#1484 = DIRECTION('',(1.,0.,0.));
#1485 = ADVANCED_FACE('',(#1486),#1497,.F.);
#1486 = FACE_BOUND('',#1487,.F.);
#1487 = EDGE_LOOP('',(#1488,#1489,#1495,#1496));
#1488 = ORIENTED_EDGE('',*,*,#1312,.T.);
#1489 = ORIENTED_EDGE('',*,*,#1490,.T.);
#1490 = EDGE_CURVE('',#1313,#1465,#1491,.T.);
#1491 = LINE('',#1492,#1493);
#1492 = CARTESIAN_POINT('',(-0.5,-2.4,12.1));
#1493 = VECTOR('',#1494,1.);
#1494 = DIRECTION('',(0.,-2.22044604925E-16,-1.));
#1495 = ORIENTED_EDGE('',*,*,#1464,.F.);
#1496 = ORIENTED_EDGE('',*,*,#520,.F.);
#1497 = PLANE('',#1498);
#1498 = AXIS2_PLACEMENT_3D('',#1499,#1500,#1501);
#1499 = CARTESIAN_POINT('',(-0.5,-12.4,12.1));
#1500 = DIRECTION('',(-1.,0.,0.));
#1501 = DIRECTION('',(0.,-2.22044604925E-16,-1.));
#1502 = ADVANCED_FACE('',(#1503),#1528,.F.);
#1503 = FACE_BOUND('',#1504,.F.);
#1504 = EDGE_LOOP('',(#1505,#1513,#1521,#1527));
#1505 = ORIENTED_EDGE('',*,*,#1506,.T.);
#1506 = EDGE_CURVE('',#579,#1507,#1509,.T.);
#1507 = VERTEX_POINT('',#1508);
#1508 = CARTESIAN_POINT('',(4.471430148007,-2.4,12.681680013665));
#1509 = LINE('',#1510,#1511);
#1510 = CARTESIAN_POINT('',(4.471430148007,-12.4,12.681680013665));
#1511 = VECTOR('',#1512,1.);
#1512 = DIRECTION('',(0.,1.,-2.22044604925E-16));
#1513 = ORIENTED_EDGE('',*,*,#1514,.T.);
#1514 = EDGE_CURVE('',#1507,#1515,#1517,.T.);
#1515 = VERTEX_POINT('',#1516);
#1516 = CARTESIAN_POINT('',(3.505504321718,-2.4,12.940499058767));
#1517 = LINE('',#1518,#1519);
#1518 = CARTESIAN_POINT('',(4.471430148007,-2.4,12.681680013665));
#1519 = VECTOR('',#1520,1.);
#1520 = DIRECTION('',(-0.965925826289,5.746937261686E-17,0.258819045103)
  );
#1521 = ORIENTED_EDGE('',*,*,#1522,.F.);
#1522 = EDGE_CURVE('',#581,#1515,#1523,.T.);
#1523 = LINE('',#1524,#1525);
#1524 = CARTESIAN_POINT('',(3.505504321718,-12.4,12.940499058767));
#1525 = VECTOR('',#1526,1.);
#1526 = DIRECTION('',(0.,1.,-2.22044604925E-16));
#1527 = ORIENTED_EDGE('',*,*,#578,.F.);
#1528 = PLANE('',#1529);
#1529 = AXIS2_PLACEMENT_3D('',#1530,#1531,#1532);
#1530 = CARTESIAN_POINT('',(4.471430148007,-12.4,12.681680013665));
#1531 = DIRECTION('',(0.258819045103,2.144786184852E-16,0.965925826289)
  );
#1532 = DIRECTION('',(-0.965925826289,5.746937261686E-17,0.258819045103)
  );
#1533 = ADVANCED_FACE('',(#1534),#1552,.F.);
#1534 = FACE_BOUND('',#1535,.F.);
#1535 = EDGE_LOOP('',(#1536,#1544,#1550,#1551));
#1536 = ORIENTED_EDGE('',*,*,#1537,.T.);
#1537 = EDGE_CURVE('',#631,#1538,#1540,.T.);
#1538 = VERTEX_POINT('',#1539);
#1539 = CARTESIAN_POINT('',(4.212610787245,-2.4,11.715754271956));
#1540 = LINE('',#1541,#1542);
#1541 = CARTESIAN_POINT('',(4.212610787245,-12.4,11.715754271956));
#1542 = VECTOR('',#1543,1.);
#1543 = DIRECTION('',(0.,1.,-2.22044604925E-16));
#1544 = ORIENTED_EDGE('',*,*,#1545,.T.);
#1545 = EDGE_CURVE('',#1538,#1507,#1546,.T.);
#1546 = LINE('',#1547,#1548);
#1547 = CARTESIAN_POINT('',(4.342020467626,-2.4,12.198717142811));
#1548 = VECTOR('',#1549,1.);
#1549 = DIRECTION('',(0.258819360762,2.144785997045E-16,0.965925741708)
  );
#1550 = ORIENTED_EDGE('',*,*,#1506,.F.);
#1551 = ORIENTED_EDGE('',*,*,#638,.F.);
#1552 = PLANE('',#1553);
#1553 = AXIS2_PLACEMENT_3D('',#1554,#1555,#1556);
#1554 = CARTESIAN_POINT('',(4.342020467626,-7.4,12.198717142811));
#1555 = DIRECTION('',(0.965925741708,0.,-0.258819360762));
#1556 = DIRECTION('',(0.258819360762,0.,0.965925741708));
#1557 = ADVANCED_FACE('',(#1558),#1576,.F.);
#1558 = FACE_BOUND('',#1559,.F.);
#1559 = EDGE_LOOP('',(#1560,#1568,#1574,#1575));
#1560 = ORIENTED_EDGE('',*,*,#1561,.T.);
#1561 = EDGE_CURVE('',#622,#1562,#1564,.T.);
#1562 = VERTEX_POINT('',#1563);
#1563 = CARTESIAN_POINT('',(3.246685276615,-2.4,11.974573232478));
#1564 = LINE('',#1565,#1566);
#1565 = CARTESIAN_POINT('',(3.246685276615,-12.4,11.974573232478));
#1566 = VECTOR('',#1567,1.);
#1567 = DIRECTION('',(0.,1.,-2.22044604925E-16));
#1568 = ORIENTED_EDGE('',*,*,#1569,.T.);
#1569 = EDGE_CURVE('',#1562,#1538,#1570,.T.);
#1570 = LINE('',#1571,#1572);
#1571 = CARTESIAN_POINT('',(3.246685276615,-2.4,11.974573232478));
#1572 = VECTOR('',#1573,1.);
#1573 = DIRECTION('',(0.965925826289,-5.746937261686E-17,-0.258819045103
    ));
#1574 = ORIENTED_EDGE('',*,*,#1537,.F.);
#1575 = ORIENTED_EDGE('',*,*,#630,.F.);
#1576 = PLANE('',#1577);
#1577 = AXIS2_PLACEMENT_3D('',#1578,#1579,#1580);
#1578 = CARTESIAN_POINT('',(3.246685276615,-12.4,11.974573232478));
#1579 = DIRECTION('',(-0.258819045103,-2.144786184852E-16,
    -0.965925826289));
#1580 = DIRECTION('',(0.965925826289,-5.746937261686E-17,-0.258819045103
    ));
#1581 = ADVANCED_FACE('',(#1582),#1601,.F.);
#1582 = FACE_BOUND('',#1583,.F.);
#1583 = EDGE_LOOP('',(#1584,#1592,#1599,#1600));
#1584 = ORIENTED_EDGE('',*,*,#1585,.T.);
#1585 = EDGE_CURVE('',#614,#1586,#1588,.T.);
#1586 = VERTEX_POINT('',#1587);
#1587 = CARTESIAN_POINT('',(1.797796537181,-2.4,12.362801800132));
#1588 = LINE('',#1589,#1590);
#1589 = CARTESIAN_POINT('',(1.797796537181,-12.4,12.362801800132));
#1590 = VECTOR('',#1591,1.);
#1591 = DIRECTION('',(0.,1.,-2.22044604925E-16));
#1592 = ORIENTED_EDGE('',*,*,#1593,.T.);
#1593 = EDGE_CURVE('',#1586,#1562,#1594,.T.);
#1594 = CIRCLE('',#1595,0.901387818866);
#1595 = AXIS2_PLACEMENT_3D('',#1596,#1597,#1598);
#1596 = CARTESIAN_POINT('',(2.65165042945,-2.4,12.65165042945));
#1597 = DIRECTION('',(0.,-1.,2.22044604925E-16));
#1598 = DIRECTION('',(1.,0.,0.));
#1599 = ORIENTED_EDGE('',*,*,#1561,.F.);
#1600 = ORIENTED_EDGE('',*,*,#621,.F.);
#1601 = CYLINDRICAL_SURFACE('',#1602,0.901387818866);
#1602 = AXIS2_PLACEMENT_3D('',#1603,#1604,#1605);
#1603 = CARTESIAN_POINT('',(2.65165042945,-12.4,12.65165042945));
#1604 = DIRECTION('',(0.,-1.,2.22044604925E-16));
#1605 = DIRECTION('',(1.,0.,0.));
#1606 = ADVANCED_FACE('',(#1607),#1625,.F.);
#1607 = FACE_BOUND('',#1608,.F.);
#1608 = EDGE_LOOP('',(#1609,#1617,#1623,#1624));
#1609 = ORIENTED_EDGE('',*,*,#1610,.T.);
#1610 = EDGE_CURVE('',#606,#1611,#1613,.T.);
#1611 = VERTEX_POINT('',#1612);
#1612 = CARTESIAN_POINT('',(0.831870710892,-2.4,12.621620845234));
#1613 = LINE('',#1614,#1615);
#1614 = CARTESIAN_POINT('',(0.831870710892,-12.4,12.621620845234));
#1615 = VECTOR('',#1616,1.);
#1616 = DIRECTION('',(0.,1.,-2.22044604925E-16));
#1617 = ORIENTED_EDGE('',*,*,#1618,.T.);
#1618 = EDGE_CURVE('',#1611,#1586,#1619,.T.);
#1619 = LINE('',#1620,#1621);
#1620 = CARTESIAN_POINT('',(0.831870710892,-2.4,12.621620845234));
#1621 = VECTOR('',#1622,1.);
#1622 = DIRECTION('',(0.965925826289,-5.746937261686E-17,-0.258819045103
    ));
#1623 = ORIENTED_EDGE('',*,*,#1585,.F.);
#1624 = ORIENTED_EDGE('',*,*,#613,.F.);
#1625 = PLANE('',#1626);
#1626 = AXIS2_PLACEMENT_3D('',#1627,#1628,#1629);
#1627 = CARTESIAN_POINT('',(0.831870710892,-12.4,12.621620845234));
#1628 = DIRECTION('',(-0.258819045103,-2.144786184852E-16,
    -0.965925826289));
#1629 = DIRECTION('',(0.965925826289,-5.746937261686E-17,-0.258819045103
    ));
#1630 = ADVANCED_FACE('',(#1631),#1649,.F.);
#1631 = FACE_BOUND('',#1632,.F.);
#1632 = EDGE_LOOP('',(#1633,#1641,#1647,#1648));
#1633 = ORIENTED_EDGE('',*,*,#1634,.T.);
#1634 = EDGE_CURVE('',#598,#1635,#1637,.T.);
#1635 = VERTEX_POINT('',#1636);
#1636 = CARTESIAN_POINT('',(1.090690071655,-2.4,13.587546586943));
#1637 = LINE('',#1638,#1639);
#1638 = CARTESIAN_POINT('',(1.090690071655,-12.4,13.587546586943));
#1639 = VECTOR('',#1640,1.);
#1640 = DIRECTION('',(0.,1.,-2.22044604925E-16));
#1641 = ORIENTED_EDGE('',*,*,#1642,.T.);
#1642 = EDGE_CURVE('',#1635,#1611,#1643,.T.);
#1643 = LINE('',#1644,#1645);
#1644 = CARTESIAN_POINT('',(0.961280391273,-2.4,13.104583716089));
#1645 = VECTOR('',#1646,1.);
#1646 = DIRECTION('',(-0.258819360762,-2.144785997045E-16,
    -0.965925741708));
#1647 = ORIENTED_EDGE('',*,*,#1610,.F.);
#1648 = ORIENTED_EDGE('',*,*,#605,.F.);
#1649 = PLANE('',#1650);
#1650 = AXIS2_PLACEMENT_3D('',#1651,#1652,#1653);
#1651 = CARTESIAN_POINT('',(0.961280391273,-7.4,13.104583716089));
#1652 = DIRECTION('',(-0.965925741708,0.,0.258819360762));
#1653 = DIRECTION('',(-0.258819360762,0.,-0.965925741708));
#1654 = ADVANCED_FACE('',(#1655),#1673,.F.);
#1655 = FACE_BOUND('',#1656,.F.);
#1656 = EDGE_LOOP('',(#1657,#1665,#1671,#1672));
#1657 = ORIENTED_EDGE('',*,*,#1658,.T.);
#1658 = EDGE_CURVE('',#589,#1659,#1661,.T.);
#1659 = VERTEX_POINT('',#1660);
#1660 = CARTESIAN_POINT('',(2.056615582284,-2.4,13.328727626421));
#1661 = LINE('',#1662,#1663);
#1662 = CARTESIAN_POINT('',(2.056615582284,-12.4,13.328727626421));
#1663 = VECTOR('',#1664,1.);
#1664 = DIRECTION('',(0.,1.,-2.22044604925E-16));
#1665 = ORIENTED_EDGE('',*,*,#1666,.T.);
#1666 = EDGE_CURVE('',#1659,#1635,#1667,.T.);
#1667 = LINE('',#1668,#1669);
#1668 = CARTESIAN_POINT('',(2.056615582284,-2.4,13.328727626421));
#1669 = VECTOR('',#1670,1.);
#1670 = DIRECTION('',(-0.965925826289,5.746937261686E-17,0.258819045103)
  );
#1671 = ORIENTED_EDGE('',*,*,#1634,.F.);
#1672 = ORIENTED_EDGE('',*,*,#597,.F.);
#1673 = PLANE('',#1674);
#1674 = AXIS2_PLACEMENT_3D('',#1675,#1676,#1677);
#1675 = CARTESIAN_POINT('',(2.056615582284,-12.4,13.328727626421));
#1676 = DIRECTION('',(0.258819045103,2.144786184852E-16,0.965925826289)
  );
#1677 = DIRECTION('',(-0.965925826289,5.746937261686E-17,0.258819045103)
  );
#1678 = ADVANCED_FACE('',(#1679),#1691,.F.);
#1679 = FACE_BOUND('',#1680,.F.);
#1680 = EDGE_LOOP('',(#1681,#1682,#1689,#1690));
#1681 = ORIENTED_EDGE('',*,*,#1522,.T.);
#1682 = ORIENTED_EDGE('',*,*,#1683,.T.);
#1683 = EDGE_CURVE('',#1515,#1659,#1684,.T.);
#1684 = CIRCLE('',#1685,0.901387818866);
#1685 = AXIS2_PLACEMENT_3D('',#1686,#1687,#1688);
#1686 = CARTESIAN_POINT('',(2.65165042945,-2.4,12.65165042945));
#1687 = DIRECTION('',(0.,-1.,2.22044604925E-16));
#1688 = DIRECTION('',(1.,0.,0.));
#1689 = ORIENTED_EDGE('',*,*,#1658,.F.);
#1690 = ORIENTED_EDGE('',*,*,#588,.F.);
#1691 = CYLINDRICAL_SURFACE('',#1692,0.901387818866);
#1692 = AXIS2_PLACEMENT_3D('',#1693,#1694,#1695);
#1693 = CARTESIAN_POINT('',(2.65165042945,-12.4,12.65165042945));
#1694 = DIRECTION('',(0.,-1.,2.22044604925E-16));
#1695 = DIRECTION('',(1.,0.,0.));
#1696 = ADVANCED_FACE('',(#1697),#1722,.F.);
#1697 = FACE_BOUND('',#1698,.F.);
#1698 = EDGE_LOOP('',(#1699,#1707,#1715,#1721));
#1699 = ORIENTED_EDGE('',*,*,#1700,.T.);
#1700 = EDGE_CURVE('',#647,#1701,#1703,.T.);
#1701 = VERTEX_POINT('',#1702);
#1702 = CARTESIAN_POINT('',(5.565472158038,-2.4,10.221311059573));
#1703 = LINE('',#1704,#1705);
#1704 = CARTESIAN_POINT('',(5.565472158038,-12.4,10.221311059573));
#1705 = VECTOR('',#1706,1.);
#1706 = DIRECTION('',(0.,1.,-2.22044604925E-16));
#1707 = ORIENTED_EDGE('',*,*,#1708,.T.);
#1708 = EDGE_CURVE('',#1701,#1709,#1711,.T.);
#1709 = VERTEX_POINT('',#1710);
#1710 = CARTESIAN_POINT('',(4.625779537252,-2.4,10.563331202899));
#1711 = LINE('',#1712,#1713);
#1712 = CARTESIAN_POINT('',(5.565472158038,-2.4,10.221311059573));
#1713 = VECTOR('',#1714,1.);
#1714 = DIRECTION('',(-0.939692620786,7.594372760115E-17,0.342020143326)
  );
#1715 = ORIENTED_EDGE('',*,*,#1716,.F.);
#1716 = EDGE_CURVE('',#649,#1709,#1717,.T.);
#1717 = LINE('',#1718,#1719);
#1718 = CARTESIAN_POINT('',(4.625779537252,-12.4,10.563331202899));
#1719 = VECTOR('',#1720,1.);
#1720 = DIRECTION('',(0.,1.,-2.22044604925E-16));
#1721 = ORIENTED_EDGE('',*,*,#646,.F.);
#1722 = PLANE('',#1723);
#1723 = AXIS2_PLACEMENT_3D('',#1724,#1725,#1726);
#1724 = CARTESIAN_POINT('',(5.565472158038,-12.4,10.221311059573));
#1725 = DIRECTION('',(0.342020143326,2.086536767334E-16,0.939692620786)
  );
#1726 = DIRECTION('',(-0.939692620786,7.594372760115E-17,0.342020143326)
  );
#1727 = ADVANCED_FACE('',(#1728),#1746,.F.);
#1728 = FACE_BOUND('',#1729,.F.);
#1729 = EDGE_LOOP('',(#1730,#1738,#1744,#1745));
#1730 = ORIENTED_EDGE('',*,*,#1731,.T.);
#1731 = EDGE_CURVE('',#699,#1732,#1734,.T.);
#1732 = VERTEX_POINT('',#1733);
#1733 = CARTESIAN_POINT('',(5.223451707626,-2.4,9.281618550558));
#1734 = LINE('',#1735,#1736);
#1735 = CARTESIAN_POINT('',(5.223451707626,-12.4,9.281618550558));
#1736 = VECTOR('',#1737,1.);
#1737 = DIRECTION('',(0.,1.,-2.22044604925E-16));
#1738 = ORIENTED_EDGE('',*,*,#1739,.T.);
#1739 = EDGE_CURVE('',#1732,#1701,#1740,.T.);
#1740 = LINE('',#1741,#1742);
#1741 = CARTESIAN_POINT('',(5.394461932832,-2.4,9.751464805065));
#1742 = VECTOR('',#1743,1.);
#1743 = DIRECTION('',(0.342020450412,2.086536519153E-16,0.939692509015)
  );
#1744 = ORIENTED_EDGE('',*,*,#1700,.F.);
#1745 = ORIENTED_EDGE('',*,*,#706,.F.);
#1746 = PLANE('',#1747);
#1747 = AXIS2_PLACEMENT_3D('',#1748,#1749,#1750);
#1748 = CARTESIAN_POINT('',(5.394461932832,-7.4,9.751464805065));
#1749 = DIRECTION('',(0.939692509015,0.,-0.342020450412));
#1750 = DIRECTION('',(0.342020450412,0.,0.939692509015));
#1751 = ADVANCED_FACE('',(#1752),#1770,.F.);
#1752 = FACE_BOUND('',#1753,.F.);
#1753 = EDGE_LOOP('',(#1754,#1762,#1768,#1769));
#1754 = ORIENTED_EDGE('',*,*,#1755,.T.);
#1755 = EDGE_CURVE('',#690,#1756,#1758,.T.);
#1756 = VERTEX_POINT('',#1757);
#1757 = CARTESIAN_POINT('',(4.283759393927,-2.4,9.623638582113));
#1758 = LINE('',#1759,#1760);
#1759 = CARTESIAN_POINT('',(4.283759393927,-12.4,9.623638582113));
#1760 = VECTOR('',#1761,1.);
#1761 = DIRECTION('',(0.,1.,-2.22044604925E-16));
#1762 = ORIENTED_EDGE('',*,*,#1763,.T.);
#1763 = EDGE_CURVE('',#1756,#1732,#1764,.T.);
#1764 = LINE('',#1765,#1766);
#1765 = CARTESIAN_POINT('',(4.283759393927,-2.4,9.623638582113));
#1766 = VECTOR('',#1767,1.);
#1767 = DIRECTION('',(0.939692620786,-7.594372760115E-17,-0.342020143326
    ));
#1768 = ORIENTED_EDGE('',*,*,#1731,.F.);
#1769 = ORIENTED_EDGE('',*,*,#698,.F.);
#1770 = PLANE('',#1771);
#1771 = AXIS2_PLACEMENT_3D('',#1772,#1773,#1774);
#1772 = CARTESIAN_POINT('',(4.283759393927,-12.4,9.623638582113));
#1773 = DIRECTION('',(-0.342020143326,-2.086536767334E-16,
    -0.939692620786));
#1774 = DIRECTION('',(0.939692620786,-7.594372760115E-17,-0.342020143326
    ));
#1775 = ADVANCED_FACE('',(#1776),#1795,.F.);
#1776 = FACE_BOUND('',#1777,.F.);
#1777 = EDGE_LOOP('',(#1778,#1786,#1793,#1794));
#1778 = ORIENTED_EDGE('',*,*,#1779,.T.);
#1779 = EDGE_CURVE('',#682,#1780,#1782,.T.);
#1780 = VERTEX_POINT('',#1781);
#1781 = CARTESIAN_POINT('',(2.874220462748,-2.4,10.136668797101));
#1782 = LINE('',#1783,#1784);
#1783 = CARTESIAN_POINT('',(2.874220462748,-12.4,10.136668797101));
#1784 = VECTOR('',#1785,1.);
#1785 = DIRECTION('',(0.,1.,-2.22044604925E-16));
#1786 = ORIENTED_EDGE('',*,*,#1787,.T.);
#1787 = EDGE_CURVE('',#1780,#1756,#1788,.T.);
#1788 = CIRCLE('',#1789,0.901387818866);
#1789 = AXIS2_PLACEMENT_3D('',#1790,#1791,#1792);
#1790 = CARTESIAN_POINT('',(3.75,-2.4,10.35));
#1791 = DIRECTION('',(0.,-1.,2.22044604925E-16));
#1792 = DIRECTION('',(1.,0.,0.));
#1793 = ORIENTED_EDGE('',*,*,#1755,.F.);
#1794 = ORIENTED_EDGE('',*,*,#689,.F.);
#1795 = CYLINDRICAL_SURFACE('',#1796,0.901387818866);
#1796 = AXIS2_PLACEMENT_3D('',#1797,#1798,#1799);
#1797 = CARTESIAN_POINT('',(3.75,-12.4,10.35));
#1798 = DIRECTION('',(0.,-1.,2.22044604925E-16));
#1799 = DIRECTION('',(1.,0.,0.));
#1800 = ADVANCED_FACE('',(#1801),#1819,.F.);
#1801 = FACE_BOUND('',#1802,.F.);
#1802 = EDGE_LOOP('',(#1803,#1811,#1817,#1818));
#1803 = ORIENTED_EDGE('',*,*,#1804,.T.);
#1804 = EDGE_CURVE('',#674,#1805,#1807,.T.);
#1805 = VERTEX_POINT('',#1806);
#1806 = CARTESIAN_POINT('',(1.934527841962,-2.4,10.478688940427));
#1807 = LINE('',#1808,#1809);
#1808 = CARTESIAN_POINT('',(1.934527841962,-12.4,10.478688940427));
#1809 = VECTOR('',#1810,1.);
#1810 = DIRECTION('',(0.,1.,-2.22044604925E-16));
#1811 = ORIENTED_EDGE('',*,*,#1812,.T.);
#1812 = EDGE_CURVE('',#1805,#1780,#1813,.T.);
#1813 = LINE('',#1814,#1815);
#1814 = CARTESIAN_POINT('',(1.934527841962,-2.4,10.478688940427));
#1815 = VECTOR('',#1816,1.);
#1816 = DIRECTION('',(0.939692620786,-7.594372760115E-17,-0.342020143326
    ));
#1817 = ORIENTED_EDGE('',*,*,#1779,.F.);
#1818 = ORIENTED_EDGE('',*,*,#681,.F.);
#1819 = PLANE('',#1820);
#1820 = AXIS2_PLACEMENT_3D('',#1821,#1822,#1823);
#1821 = CARTESIAN_POINT('',(1.934527841962,-12.4,10.478688940427));
#1822 = DIRECTION('',(-0.342020143326,-2.086536767334E-16,
    -0.939692620786));
#1823 = DIRECTION('',(0.939692620786,-7.594372760115E-17,-0.342020143326
    ));
#1824 = ADVANCED_FACE('',(#1825),#1843,.F.);
#1825 = FACE_BOUND('',#1826,.F.);
#1826 = EDGE_LOOP('',(#1827,#1835,#1841,#1842));
#1827 = ORIENTED_EDGE('',*,*,#1828,.T.);
#1828 = EDGE_CURVE('',#666,#1829,#1831,.T.);
#1829 = VERTEX_POINT('',#1830);
#1830 = CARTESIAN_POINT('',(2.276548292374,-2.4,11.418381449442));
#1831 = LINE('',#1832,#1833);
#1832 = CARTESIAN_POINT('',(2.276548292374,-12.4,11.418381449442));
#1833 = VECTOR('',#1834,1.);
#1834 = DIRECTION('',(0.,1.,-2.22044604925E-16));
#1835 = ORIENTED_EDGE('',*,*,#1836,.T.);
#1836 = EDGE_CURVE('',#1829,#1805,#1837,.T.);
#1837 = LINE('',#1838,#1839);
#1838 = CARTESIAN_POINT('',(2.105538067168,-2.4,10.948535194935));
#1839 = VECTOR('',#1840,1.);
#1840 = DIRECTION('',(-0.342020450412,-2.086536519153E-16,
    -0.939692509015));
#1841 = ORIENTED_EDGE('',*,*,#1804,.F.);
#1842 = ORIENTED_EDGE('',*,*,#673,.F.);
#1843 = PLANE('',#1844);
#1844 = AXIS2_PLACEMENT_3D('',#1845,#1846,#1847);
#1845 = CARTESIAN_POINT('',(2.105538067168,-7.4,10.948535194935));
#1846 = DIRECTION('',(-0.939692509015,0.,0.342020450412));
#1847 = DIRECTION('',(-0.342020450412,0.,-0.939692509015));
#1848 = ADVANCED_FACE('',(#1849),#1867,.F.);
#1849 = FACE_BOUND('',#1850,.F.);
#1850 = EDGE_LOOP('',(#1851,#1859,#1865,#1866));
#1851 = ORIENTED_EDGE('',*,*,#1852,.T.);
#1852 = EDGE_CURVE('',#657,#1853,#1855,.T.);
#1853 = VERTEX_POINT('',#1854);
#1854 = CARTESIAN_POINT('',(3.216240606073,-2.4,11.076361417887));
#1855 = LINE('',#1856,#1857);
#1856 = CARTESIAN_POINT('',(3.216240606073,-12.4,11.076361417887));
#1857 = VECTOR('',#1858,1.);
#1858 = DIRECTION('',(0.,1.,-2.22044604925E-16));
#1859 = ORIENTED_EDGE('',*,*,#1860,.T.);
#1860 = EDGE_CURVE('',#1853,#1829,#1861,.T.);
#1861 = LINE('',#1862,#1863);
#1862 = CARTESIAN_POINT('',(3.216240606073,-2.4,11.076361417887));
#1863 = VECTOR('',#1864,1.);
#1864 = DIRECTION('',(-0.939692620786,7.594372760115E-17,0.342020143326)
  );
#1865 = ORIENTED_EDGE('',*,*,#1828,.F.);
#1866 = ORIENTED_EDGE('',*,*,#665,.F.);
#1867 = PLANE('',#1868);
#1868 = AXIS2_PLACEMENT_3D('',#1869,#1870,#1871);
#1869 = CARTESIAN_POINT('',(3.216240606073,-12.4,11.076361417887));
#1870 = DIRECTION('',(0.342020143326,2.086536767334E-16,0.939692620786)
  );
#1871 = DIRECTION('',(-0.939692620786,7.594372760115E-17,0.342020143326)
  );
#1872 = ADVANCED_FACE('',(#1873),#1885,.F.);
#1873 = FACE_BOUND('',#1874,.F.);
#1874 = EDGE_LOOP('',(#1875,#1876,#1883,#1884));
#1875 = ORIENTED_EDGE('',*,*,#1716,.T.);
#1876 = ORIENTED_EDGE('',*,*,#1877,.T.);
#1877 = EDGE_CURVE('',#1709,#1853,#1878,.T.);
#1878 = CIRCLE('',#1879,0.901387818866);
#1879 = AXIS2_PLACEMENT_3D('',#1880,#1881,#1882);
#1880 = CARTESIAN_POINT('',(3.75,-2.4,10.35));
#1881 = DIRECTION('',(0.,-1.,2.22044604925E-16));
#1882 = DIRECTION('',(1.,0.,0.));
#1883 = ORIENTED_EDGE('',*,*,#1852,.F.);
#1884 = ORIENTED_EDGE('',*,*,#656,.F.);
#1885 = CYLINDRICAL_SURFACE('',#1886,0.901387818866);
#1886 = AXIS2_PLACEMENT_3D('',#1887,#1888,#1889);
#1887 = CARTESIAN_POINT('',(3.75,-12.4,10.35));
#1888 = DIRECTION('',(0.,-1.,2.22044604925E-16));
#1889 = DIRECTION('',(1.,0.,0.));
#1890 = ADVANCED_FACE('',(#1891),#1916,.T.);
#1891 = FACE_BOUND('',#1892,.T.);
#1892 = EDGE_LOOP('',(#1893,#1901,#1909,#1915));
#1893 = ORIENTED_EDGE('',*,*,#1894,.T.);
#1894 = EDGE_CURVE('',#715,#1895,#1897,.T.);
#1895 = VERTEX_POINT('',#1896);
#1896 = CARTESIAN_POINT('',(-2.828427124746,-2.4,6.464466094067));
#1897 = LINE('',#1898,#1899);
#1898 = CARTESIAN_POINT('',(-2.828427124746,-12.4,6.464466094067));
#1899 = VECTOR('',#1900,1.);
#1900 = DIRECTION('',(0.,1.,-2.22044604925E-16));
#1901 = ORIENTED_EDGE('',*,*,#1902,.T.);
#1902 = EDGE_CURVE('',#1895,#1903,#1905,.T.);
#1903 = VERTEX_POINT('',#1904);
#1904 = CARTESIAN_POINT('',(-3.535533905933,-2.4,5.757359312881));
#1905 = LINE('',#1906,#1907);
#1906 = CARTESIAN_POINT('',(-2.828427124746,-2.4,6.464466094067));
#1907 = VECTOR('',#1908,1.);
#1908 = DIRECTION('',(-0.707106781187,-1.570092458684E-16,
    -0.707106781187));
#1909 = ORIENTED_EDGE('',*,*,#1910,.F.);
#1910 = EDGE_CURVE('',#717,#1903,#1911,.T.);
#1911 = LINE('',#1912,#1913);
#1912 = CARTESIAN_POINT('',(-3.535533905933,-12.4,5.757359312881));
#1913 = VECTOR('',#1914,1.);
#1914 = DIRECTION('',(0.,1.,-2.22044604925E-16));
#1915 = ORIENTED_EDGE('',*,*,#714,.F.);
#1916 = PLANE('',#1917);
#1917 = AXIS2_PLACEMENT_3D('',#1918,#1919,#1920);
#1918 = CARTESIAN_POINT('',(-2.828427124746,-12.4,6.464466094067));
#1919 = DIRECTION('',(-0.707106781187,1.570092458684E-16,0.707106781187)
  );
#1920 = DIRECTION('',(-0.707106781187,-1.570092458684E-16,
    -0.707106781187));
#1921 = ADVANCED_FACE('',(#1922),#1940,.F.);
#1922 = FACE_BOUND('',#1923,.F.);
#1923 = EDGE_LOOP('',(#1924,#1932,#1938,#1939));
#1924 = ORIENTED_EDGE('',*,*,#1925,.T.);
#1925 = EDGE_CURVE('',#767,#1926,#1928,.T.);
#1926 = VERTEX_POINT('',#1927);
#1927 = CARTESIAN_POINT('',(-4.242640687119,-2.4,6.464466094067));
#1928 = LINE('',#1929,#1930);
#1929 = CARTESIAN_POINT('',(-4.242640687119,-12.4,6.464466094067));
#1930 = VECTOR('',#1931,1.);
#1931 = DIRECTION('',(0.,1.,-2.22044604925E-16));
#1932 = ORIENTED_EDGE('',*,*,#1933,.F.);
#1933 = EDGE_CURVE('',#1903,#1926,#1934,.T.);
#1934 = LINE('',#1935,#1936);
#1935 = CARTESIAN_POINT('',(-3.535533905933,-2.4,5.757359312881));
#1936 = VECTOR('',#1937,1.);
#1937 = DIRECTION('',(-0.707106781187,1.570092458684E-16,0.707106781187)
  );
#1938 = ORIENTED_EDGE('',*,*,#1910,.F.);
#1939 = ORIENTED_EDGE('',*,*,#774,.T.);
#1940 = PLANE('',#1941);
#1941 = AXIS2_PLACEMENT_3D('',#1942,#1943,#1944);
#1942 = CARTESIAN_POINT('',(-3.889087296526,-7.4,6.110912703474));
#1943 = DIRECTION('',(-0.707106781187,-1.862700598711E-16,
    -0.707106781187));
#1944 = DIRECTION('',(-0.707106781187,-1.232595164408E-32,0.707106781187
    ));
#1945 = ADVANCED_FACE('',(#1946),#1964,.T.);
#1946 = FACE_BOUND('',#1947,.T.);
#1947 = EDGE_LOOP('',(#1948,#1949,#1957,#1963));
#1948 = ORIENTED_EDGE('',*,*,#1925,.T.);
#1949 = ORIENTED_EDGE('',*,*,#1950,.T.);
#1950 = EDGE_CURVE('',#1926,#1951,#1953,.T.);
#1951 = VERTEX_POINT('',#1952);
#1952 = CARTESIAN_POINT('',(-3.535533905933,-2.4,7.171572875254));
#1953 = LINE('',#1954,#1955);
#1954 = CARTESIAN_POINT('',(-4.242640687119,-2.4,6.464466094067));
#1955 = VECTOR('',#1956,1.);
#1956 = DIRECTION('',(0.707106781187,1.570092458684E-16,0.707106781187)
  );
#1957 = ORIENTED_EDGE('',*,*,#1958,.F.);
#1958 = EDGE_CURVE('',#758,#1951,#1959,.T.);
#1959 = LINE('',#1960,#1961);
#1960 = CARTESIAN_POINT('',(-3.535533905933,-12.4,7.171572875254));
#1961 = VECTOR('',#1962,1.);
#1962 = DIRECTION('',(0.,1.,-2.22044604925E-16));
#1963 = ORIENTED_EDGE('',*,*,#766,.F.);
#1964 = PLANE('',#1965);
#1965 = AXIS2_PLACEMENT_3D('',#1966,#1967,#1968);
#1966 = CARTESIAN_POINT('',(-4.242640687119,-12.4,6.464466094067));
#1967 = DIRECTION('',(0.707106781187,-1.570092458684E-16,-0.707106781187
    ));
#1968 = DIRECTION('',(0.707106781187,1.570092458684E-16,0.707106781187)
  );
#1969 = ADVANCED_FACE('',(#1970),#1989,.F.);
#1970 = FACE_BOUND('',#1971,.F.);
#1971 = EDGE_LOOP('',(#1972,#1980,#1987,#1988));
#1972 = ORIENTED_EDGE('',*,*,#1973,.T.);
#1973 = EDGE_CURVE('',#750,#1974,#1976,.T.);
#1974 = VERTEX_POINT('',#1975);
#1975 = CARTESIAN_POINT('',(-2.474873734153,-2.4,8.232233047034));
#1976 = LINE('',#1977,#1978);
#1977 = CARTESIAN_POINT('',(-2.474873734153,-12.4,8.232233047034));
#1978 = VECTOR('',#1979,1.);
#1979 = DIRECTION('',(0.,1.,-2.22044604925E-16));
#1980 = ORIENTED_EDGE('',*,*,#1981,.T.);
#1981 = EDGE_CURVE('',#1974,#1951,#1982,.T.);
#1982 = CIRCLE('',#1983,0.901387818866);
#1983 = AXIS2_PLACEMENT_3D('',#1984,#1985,#1986);
#1984 = CARTESIAN_POINT('',(-2.65165042945,-2.4,7.34834957055));
#1985 = DIRECTION('',(0.,-1.,2.22044604925E-16));
#1986 = DIRECTION('',(1.,0.,0.));
#1987 = ORIENTED_EDGE('',*,*,#1958,.F.);
#1988 = ORIENTED_EDGE('',*,*,#757,.F.);
#1989 = CYLINDRICAL_SURFACE('',#1990,0.901387818866);
#1990 = AXIS2_PLACEMENT_3D('',#1991,#1992,#1993);
#1991 = CARTESIAN_POINT('',(-2.65165042945,-12.4,7.34834957055));
#1992 = DIRECTION('',(0.,-1.,2.22044604925E-16));
#1993 = DIRECTION('',(1.,0.,0.));
#1994 = ADVANCED_FACE('',(#1995),#2013,.T.);
#1995 = FACE_BOUND('',#1996,.T.);
#1996 = EDGE_LOOP('',(#1997,#1998,#2006,#2012));
#1997 = ORIENTED_EDGE('',*,*,#1973,.T.);
#1998 = ORIENTED_EDGE('',*,*,#1999,.T.);
#1999 = EDGE_CURVE('',#1974,#2000,#2002,.T.);
#2000 = VERTEX_POINT('',#2001);
#2001 = CARTESIAN_POINT('',(-1.767766952966,-2.4,8.93933982822));
#2002 = LINE('',#2003,#2004);
#2003 = CARTESIAN_POINT('',(-2.474873734153,-2.4,8.232233047034));
#2004 = VECTOR('',#2005,1.);
#2005 = DIRECTION('',(0.707106781187,1.570092458684E-16,0.707106781187)
  );
#2006 = ORIENTED_EDGE('',*,*,#2007,.F.);
#2007 = EDGE_CURVE('',#742,#2000,#2008,.T.);
#2008 = LINE('',#2009,#2010);
#2009 = CARTESIAN_POINT('',(-1.767766952966,-12.4,8.93933982822));
#2010 = VECTOR('',#2011,1.);
#2011 = DIRECTION('',(0.,1.,-2.22044604925E-16));
#2012 = ORIENTED_EDGE('',*,*,#749,.F.);
#2013 = PLANE('',#2014);
#2014 = AXIS2_PLACEMENT_3D('',#2015,#2016,#2017);
#2015 = CARTESIAN_POINT('',(-2.474873734153,-12.4,8.232233047034));
#2016 = DIRECTION('',(0.707106781187,-1.570092458684E-16,-0.707106781187
    ));
#2017 = DIRECTION('',(0.707106781187,1.570092458684E-16,0.707106781187)
  );
#2018 = ADVANCED_FACE('',(#2019),#2037,.F.);
#2019 = FACE_BOUND('',#2020,.F.);
#2020 = EDGE_LOOP('',(#2021,#2029,#2035,#2036));
#2021 = ORIENTED_EDGE('',*,*,#2022,.T.);
#2022 = EDGE_CURVE('',#734,#2023,#2025,.T.);
#2023 = VERTEX_POINT('',#2024);
#2024 = CARTESIAN_POINT('',(-1.06066017178,-2.4,8.232233047034));
#2025 = LINE('',#2026,#2027);
#2026 = CARTESIAN_POINT('',(-1.06066017178,-12.4,8.232233047034));
#2027 = VECTOR('',#2028,1.);
#2028 = DIRECTION('',(0.,1.,-2.22044604925E-16));
#2029 = ORIENTED_EDGE('',*,*,#2030,.F.);
#2030 = EDGE_CURVE('',#2000,#2023,#2031,.T.);
#2031 = LINE('',#2032,#2033);
#2032 = CARTESIAN_POINT('',(-1.767766952966,-2.4,8.93933982822));
#2033 = VECTOR('',#2034,1.);
#2034 = DIRECTION('',(0.707106781187,-1.570092458684E-16,-0.707106781187
    ));
#2035 = ORIENTED_EDGE('',*,*,#2007,.F.);
#2036 = ORIENTED_EDGE('',*,*,#741,.T.);
#2037 = PLANE('',#2038);
#2038 = AXIS2_PLACEMENT_3D('',#2039,#2040,#2041);
#2039 = CARTESIAN_POINT('',(-1.414213562373,-7.4,8.585786437627));
#2040 = DIRECTION('',(0.707106781187,1.255181868959E-16,0.707106781187)
  );
#2041 = DIRECTION('',(0.707106781187,0.,-0.707106781187));
#2042 = ADVANCED_FACE('',(#2043),#2061,.T.);
#2043 = FACE_BOUND('',#2044,.T.);
#2044 = EDGE_LOOP('',(#2045,#2046,#2054,#2060));
#2045 = ORIENTED_EDGE('',*,*,#2022,.T.);
#2046 = ORIENTED_EDGE('',*,*,#2047,.T.);
#2047 = EDGE_CURVE('',#2023,#2048,#2050,.T.);
#2048 = VERTEX_POINT('',#2049);
#2049 = CARTESIAN_POINT('',(-1.767766952966,-2.4,7.525126265847));
#2050 = LINE('',#2051,#2052);
#2051 = CARTESIAN_POINT('',(-1.06066017178,-2.4,8.232233047034));
#2052 = VECTOR('',#2053,1.);
#2053 = DIRECTION('',(-0.707106781187,-1.570092458684E-16,
    -0.707106781187));
#2054 = ORIENTED_EDGE('',*,*,#2055,.F.);
#2055 = EDGE_CURVE('',#725,#2048,#2056,.T.);
#2056 = LINE('',#2057,#2058);
#2057 = CARTESIAN_POINT('',(-1.767766952966,-12.4,7.525126265847));
#2058 = VECTOR('',#2059,1.);
#2059 = DIRECTION('',(0.,1.,-2.22044604925E-16));
#2060 = ORIENTED_EDGE('',*,*,#733,.F.);
#2061 = PLANE('',#2062);
#2062 = AXIS2_PLACEMENT_3D('',#2063,#2064,#2065);
#2063 = CARTESIAN_POINT('',(-1.06066017178,-12.4,8.232233047034));
#2064 = DIRECTION('',(-0.707106781187,1.570092458684E-16,0.707106781187)
  );
#2065 = DIRECTION('',(-0.707106781187,-1.570092458684E-16,
    -0.707106781187));
#2066 = ADVANCED_FACE('',(#2067),#2079,.F.);
#2067 = FACE_BOUND('',#2068,.F.);
#2068 = EDGE_LOOP('',(#2069,#2070,#2077,#2078));
#2069 = ORIENTED_EDGE('',*,*,#1894,.T.);
#2070 = ORIENTED_EDGE('',*,*,#2071,.T.);
#2071 = EDGE_CURVE('',#1895,#2048,#2072,.T.);
#2072 = CIRCLE('',#2073,0.901387818866);
#2073 = AXIS2_PLACEMENT_3D('',#2074,#2075,#2076);
#2074 = CARTESIAN_POINT('',(-2.65165042945,-2.4,7.34834957055));
#2075 = DIRECTION('',(0.,-1.,2.22044604925E-16));
#2076 = DIRECTION('',(1.,0.,0.));
#2077 = ORIENTED_EDGE('',*,*,#2055,.F.);
#2078 = ORIENTED_EDGE('',*,*,#724,.F.);
#2079 = CYLINDRICAL_SURFACE('',#2080,0.901387818866);
#2080 = AXIS2_PLACEMENT_3D('',#2081,#2082,#2083);
#2081 = CARTESIAN_POINT('',(-2.65165042945,-12.4,7.34834957055));
#2082 = DIRECTION('',(0.,-1.,2.22044604925E-16));
#2083 = DIRECTION('',(1.,0.,0.));
#2084 = ADVANCED_FACE('',(#2085),#2110,.F.);
#2085 = FACE_BOUND('',#2086,.F.);
#2086 = EDGE_LOOP('',(#2087,#2095,#2096,#2104));
#2087 = ORIENTED_EDGE('',*,*,#2088,.F.);
#2088 = EDGE_CURVE('',#783,#2089,#2091,.T.);
#2089 = VERTEX_POINT('',#2090);
#2090 = CARTESIAN_POINT('',(-0.5,-2.4,7.85));
#2091 = LINE('',#2092,#2093);
#2092 = CARTESIAN_POINT('',(-0.5,-12.4,7.85));
#2093 = VECTOR('',#2094,1.);
#2094 = DIRECTION('',(0.,1.,-2.22044604925E-16));
#2095 = ORIENTED_EDGE('',*,*,#782,.T.);
#2096 = ORIENTED_EDGE('',*,*,#2097,.T.);
#2097 = EDGE_CURVE('',#785,#2098,#2100,.T.);
#2098 = VERTEX_POINT('',#2099);
#2099 = CARTESIAN_POINT('',(0.5,-2.4,7.85));
#2100 = LINE('',#2101,#2102);
#2101 = CARTESIAN_POINT('',(0.5,-12.4,7.85));
#2102 = VECTOR('',#2103,1.);
#2103 = DIRECTION('',(0.,1.,-2.22044604925E-16));
#2104 = ORIENTED_EDGE('',*,*,#2105,.T.);
#2105 = EDGE_CURVE('',#2098,#2089,#2106,.T.);
#2106 = LINE('',#2107,#2108);
#2107 = CARTESIAN_POINT('',(2.929499351483E-27,-2.4,7.85));
#2108 = VECTOR('',#2109,1.);
#2109 = DIRECTION('',(-1.,0.,0.));
#2110 = PLANE('',#2111);
#2111 = AXIS2_PLACEMENT_3D('',#2112,#2113,#2114);
#2112 = CARTESIAN_POINT('',(0.,-7.4,7.85));
#2113 = DIRECTION('',(0.,2.6645352591E-16,1.));
#2114 = DIRECTION('',(0.,1.,-2.6645352591E-16));
#2115 = ADVANCED_FACE('',(#2116),#2134,.T.);
#2116 = FACE_BOUND('',#2117,.T.);
#2117 = EDGE_LOOP('',(#2118,#2119,#2127,#2133));
#2118 = ORIENTED_EDGE('',*,*,#2097,.T.);
#2119 = ORIENTED_EDGE('',*,*,#2120,.T.);
#2120 = EDGE_CURVE('',#2098,#2121,#2123,.T.);
#2121 = VERTEX_POINT('',#2122);
#2122 = CARTESIAN_POINT('',(0.5,-2.4,6.85));
#2123 = LINE('',#2124,#2125);
#2124 = CARTESIAN_POINT('',(0.5,-2.4,7.85));
#2125 = VECTOR('',#2126,1.);
#2126 = DIRECTION('',(0.,-2.22044604925E-16,-1.));
#2127 = ORIENTED_EDGE('',*,*,#2128,.F.);
#2128 = EDGE_CURVE('',#834,#2121,#2129,.T.);
#2129 = LINE('',#2130,#2131);
#2130 = CARTESIAN_POINT('',(0.5,-12.4,6.85));
#2131 = VECTOR('',#2132,1.);
#2132 = DIRECTION('',(0.,1.,-2.22044604925E-16));
#2133 = ORIENTED_EDGE('',*,*,#842,.F.);
#2134 = PLANE('',#2135);
#2135 = AXIS2_PLACEMENT_3D('',#2136,#2137,#2138);
#2136 = CARTESIAN_POINT('',(0.5,-12.4,7.85));
#2137 = DIRECTION('',(-1.,0.,0.));
#2138 = DIRECTION('',(0.,-2.22044604925E-16,-1.));
#2139 = ADVANCED_FACE('',(#2140),#2159,.F.);
#2140 = FACE_BOUND('',#2141,.F.);
#2141 = EDGE_LOOP('',(#2142,#2150,#2157,#2158));
#2142 = ORIENTED_EDGE('',*,*,#2143,.T.);
#2143 = EDGE_CURVE('',#826,#2144,#2146,.T.);
#2144 = VERTEX_POINT('',#2145);
#2145 = CARTESIAN_POINT('',(0.5,-2.4,5.35));
#2146 = LINE('',#2147,#2148);
#2147 = CARTESIAN_POINT('',(0.5,-12.4,5.35));
#2148 = VECTOR('',#2149,1.);
#2149 = DIRECTION('',(0.,1.,-2.22044604925E-16));
#2150 = ORIENTED_EDGE('',*,*,#2151,.T.);
#2151 = EDGE_CURVE('',#2144,#2121,#2152,.T.);
#2152 = CIRCLE('',#2153,0.901387818866);
#2153 = AXIS2_PLACEMENT_3D('',#2154,#2155,#2156);
#2154 = CARTESIAN_POINT('',(6.365537008573E-33,-2.4,6.1));
#2155 = DIRECTION('',(0.,-1.,2.22044604925E-16));
#2156 = DIRECTION('',(1.,0.,0.));
#2157 = ORIENTED_EDGE('',*,*,#2128,.F.);
#2158 = ORIENTED_EDGE('',*,*,#833,.F.);
#2159 = CYLINDRICAL_SURFACE('',#2160,0.901387818866);
#2160 = AXIS2_PLACEMENT_3D('',#2161,#2162,#2163);
#2161 = CARTESIAN_POINT('',(6.365537008573E-33,-12.4,6.1));
#2162 = DIRECTION('',(0.,-1.,2.22044604925E-16));
#2163 = DIRECTION('',(1.,0.,0.));
#2164 = ADVANCED_FACE('',(#2165),#2183,.F.);
#2165 = FACE_BOUND('',#2166,.F.);
#2166 = EDGE_LOOP('',(#2167,#2175,#2181,#2182));
#2167 = ORIENTED_EDGE('',*,*,#2168,.T.);
#2168 = EDGE_CURVE('',#818,#2169,#2171,.T.);
#2169 = VERTEX_POINT('',#2170);
#2170 = CARTESIAN_POINT('',(0.5,-2.4,4.35));
#2171 = LINE('',#2172,#2173);
#2172 = CARTESIAN_POINT('',(0.5,-12.4,4.35));
#2173 = VECTOR('',#2174,1.);
#2174 = DIRECTION('',(0.,1.,-2.22044604925E-16));
#2175 = ORIENTED_EDGE('',*,*,#2176,.T.);
#2176 = EDGE_CURVE('',#2169,#2144,#2177,.T.);
#2177 = LINE('',#2178,#2179);
#2178 = CARTESIAN_POINT('',(0.5,-2.4,4.35));
#2179 = VECTOR('',#2180,1.);
#2180 = DIRECTION('',(0.,2.22044604925E-16,1.));
#2181 = ORIENTED_EDGE('',*,*,#2143,.F.);
#2182 = ORIENTED_EDGE('',*,*,#825,.F.);
#2183 = PLANE('',#2184);
#2184 = AXIS2_PLACEMENT_3D('',#2185,#2186,#2187);
#2185 = CARTESIAN_POINT('',(0.5,-12.4,4.35));
#2186 = DIRECTION('',(1.,0.,0.));
#2187 = DIRECTION('',(0.,2.22044604925E-16,1.));
#2188 = ADVANCED_FACE('',(#2189),#2207,.F.);
#2189 = FACE_BOUND('',#2190,.F.);
#2190 = EDGE_LOOP('',(#2191,#2199,#2205,#2206));
#2191 = ORIENTED_EDGE('',*,*,#2192,.T.);
#2192 = EDGE_CURVE('',#810,#2193,#2195,.T.);
#2193 = VERTEX_POINT('',#2194);
#2194 = CARTESIAN_POINT('',(-0.5,-2.4,4.35));
#2195 = LINE('',#2196,#2197);
#2196 = CARTESIAN_POINT('',(-0.5,-12.4,4.35));
#2197 = VECTOR('',#2198,1.);
#2198 = DIRECTION('',(0.,1.,-2.22044604925E-16));
#2199 = ORIENTED_EDGE('',*,*,#2200,.T.);
#2200 = EDGE_CURVE('',#2193,#2169,#2201,.T.);
#2201 = LINE('',#2202,#2203);
#2202 = CARTESIAN_POINT('',(2.143131898479E-16,-2.4,4.35));
#2203 = VECTOR('',#2204,1.);
#2204 = DIRECTION('',(1.,0.,0.));
#2205 = ORIENTED_EDGE('',*,*,#2168,.F.);
#2206 = ORIENTED_EDGE('',*,*,#817,.T.);
#2207 = PLANE('',#2208);
#2208 = AXIS2_PLACEMENT_3D('',#2209,#2210,#2211);
#2209 = CARTESIAN_POINT('',(8.452834392032E-17,-7.4,4.35));
#2210 = DIRECTION('',(-0.,-0.,-1.));
#2211 = DIRECTION('',(-1.,0.,0.));
#2212 = ADVANCED_FACE('',(#2213),#2231,.T.);
#2213 = FACE_BOUND('',#2214,.T.);
#2214 = EDGE_LOOP('',(#2215,#2216,#2224,#2230));
#2215 = ORIENTED_EDGE('',*,*,#2192,.T.);
#2216 = ORIENTED_EDGE('',*,*,#2217,.T.);
#2217 = EDGE_CURVE('',#2193,#2218,#2220,.T.);
#2218 = VERTEX_POINT('',#2219);
#2219 = CARTESIAN_POINT('',(-0.5,-2.4,5.35));
#2220 = LINE('',#2221,#2222);
#2221 = CARTESIAN_POINT('',(-0.5,-2.4,4.35));
#2222 = VECTOR('',#2223,1.);
#2223 = DIRECTION('',(0.,2.22044604925E-16,1.));
#2224 = ORIENTED_EDGE('',*,*,#2225,.F.);
#2225 = EDGE_CURVE('',#801,#2218,#2226,.T.);
#2226 = LINE('',#2227,#2228);
#2227 = CARTESIAN_POINT('',(-0.5,-12.4,5.35));
#2228 = VECTOR('',#2229,1.);
#2229 = DIRECTION('',(0.,1.,-2.22044604925E-16));
#2230 = ORIENTED_EDGE('',*,*,#809,.F.);
#2231 = PLANE('',#2232);
#2232 = AXIS2_PLACEMENT_3D('',#2233,#2234,#2235);
#2233 = CARTESIAN_POINT('',(-0.5,-12.4,4.35));
#2234 = DIRECTION('',(1.,0.,0.));
#2235 = DIRECTION('',(0.,2.22044604925E-16,1.));
#2236 = ADVANCED_FACE('',(#2237),#2256,.F.);
#2237 = FACE_BOUND('',#2238,.F.);
#2238 = EDGE_LOOP('',(#2239,#2247,#2254,#2255));
#2239 = ORIENTED_EDGE('',*,*,#2240,.T.);
#2240 = EDGE_CURVE('',#793,#2241,#2243,.T.);
#2241 = VERTEX_POINT('',#2242);
#2242 = CARTESIAN_POINT('',(-0.5,-2.4,6.85));
#2243 = LINE('',#2244,#2245);
#2244 = CARTESIAN_POINT('',(-0.5,-12.4,6.85));
#2245 = VECTOR('',#2246,1.);
#2246 = DIRECTION('',(0.,1.,-2.22044604925E-16));
#2247 = ORIENTED_EDGE('',*,*,#2248,.T.);
#2248 = EDGE_CURVE('',#2241,#2218,#2249,.T.);
#2249 = CIRCLE('',#2250,0.901387818866);
#2250 = AXIS2_PLACEMENT_3D('',#2251,#2252,#2253);
#2251 = CARTESIAN_POINT('',(6.365537008573E-33,-2.4,6.1));
#2252 = DIRECTION('',(0.,-1.,2.22044604925E-16));
#2253 = DIRECTION('',(1.,0.,0.));
#2254 = ORIENTED_EDGE('',*,*,#2225,.F.);
#2255 = ORIENTED_EDGE('',*,*,#800,.F.);
#2256 = CYLINDRICAL_SURFACE('',#2257,0.901387818866);
#2257 = AXIS2_PLACEMENT_3D('',#2258,#2259,#2260);
#2258 = CARTESIAN_POINT('',(6.365537008573E-33,-12.4,6.1));
#2259 = DIRECTION('',(0.,-1.,2.22044604925E-16));
#2260 = DIRECTION('',(1.,0.,0.));
#2261 = ADVANCED_FACE('',(#2262),#2273,.F.);
#2262 = FACE_BOUND('',#2263,.F.);
#2263 = EDGE_LOOP('',(#2264,#2265,#2271,#2272));
#2264 = ORIENTED_EDGE('',*,*,#2088,.T.);
#2265 = ORIENTED_EDGE('',*,*,#2266,.T.);
#2266 = EDGE_CURVE('',#2089,#2241,#2267,.T.);
#2267 = LINE('',#2268,#2269);
#2268 = CARTESIAN_POINT('',(-0.5,-2.4,7.85));
#2269 = VECTOR('',#2270,1.);
#2270 = DIRECTION('',(0.,-2.22044604925E-16,-1.));
#2271 = ORIENTED_EDGE('',*,*,#2240,.F.);
#2272 = ORIENTED_EDGE('',*,*,#792,.F.);
#2273 = PLANE('',#2274);
#2274 = AXIS2_PLACEMENT_3D('',#2275,#2276,#2277);
#2275 = CARTESIAN_POINT('',(-0.5,-12.4,7.85));
#2276 = DIRECTION('',(-1.,0.,0.));
#2277 = DIRECTION('',(0.,-2.22044604925E-16,-1.));
#2278 = ADVANCED_FACE('',(#2279),#2304,.F.);
#2279 = FACE_BOUND('',#2280,.F.);
#2280 = EDGE_LOOP('',(#2281,#2289,#2297,#2303));
#2281 = ORIENTED_EDGE('',*,*,#2282,.T.);
#2282 = EDGE_CURVE('',#851,#2283,#2285,.T.);
#2283 = VERTEX_POINT('',#2284);
#2284 = CARTESIAN_POINT('',(4.242640687119,-2.4,6.464466094067));
#2285 = LINE('',#2286,#2287);
#2286 = CARTESIAN_POINT('',(4.242640687119,-12.4,6.464466094067));
#2287 = VECTOR('',#2288,1.);
#2288 = DIRECTION('',(0.,1.,-2.22044604925E-16));
#2289 = ORIENTED_EDGE('',*,*,#2290,.T.);
#2290 = EDGE_CURVE('',#2283,#2291,#2293,.T.);
#2291 = VERTEX_POINT('',#2292);
#2292 = CARTESIAN_POINT('',(3.535533905933,-2.4,7.171572875254));
#2293 = LINE('',#2294,#2295);
#2294 = CARTESIAN_POINT('',(4.242640687119,-2.4,6.464466094067));
#2295 = VECTOR('',#2296,1.);
#2296 = DIRECTION('',(-0.707106781187,1.570092458684E-16,0.707106781187)
  );
#2297 = ORIENTED_EDGE('',*,*,#2298,.F.);
#2298 = EDGE_CURVE('',#853,#2291,#2299,.T.);
#2299 = LINE('',#2300,#2301);
#2300 = CARTESIAN_POINT('',(3.535533905933,-12.4,7.171572875254));
#2301 = VECTOR('',#2302,1.);
#2302 = DIRECTION('',(0.,1.,-2.22044604925E-16));
#2303 = ORIENTED_EDGE('',*,*,#850,.F.);
#2304 = PLANE('',#2305);
#2305 = AXIS2_PLACEMENT_3D('',#2306,#2307,#2308);
#2306 = CARTESIAN_POINT('',(4.242640687119,-12.4,6.464466094067));
#2307 = DIRECTION('',(0.707106781187,1.570092458684E-16,0.707106781187)
  );
#2308 = DIRECTION('',(-0.707106781187,1.570092458684E-16,0.707106781187)
  );
#2309 = ADVANCED_FACE('',(#2310),#2328,.F.);
#2310 = FACE_BOUND('',#2311,.F.);
#2311 = EDGE_LOOP('',(#2312,#2320,#2326,#2327));
#2312 = ORIENTED_EDGE('',*,*,#2313,.T.);
#2313 = EDGE_CURVE('',#903,#2314,#2316,.T.);
#2314 = VERTEX_POINT('',#2315);
#2315 = CARTESIAN_POINT('',(3.535533905933,-2.4,5.757359312881));
#2316 = LINE('',#2317,#2318);
#2317 = CARTESIAN_POINT('',(3.535533905933,-12.4,5.757359312881));
#2318 = VECTOR('',#2319,1.);
#2319 = DIRECTION('',(0.,1.,-2.22044604925E-16));
#2320 = ORIENTED_EDGE('',*,*,#2321,.T.);
#2321 = EDGE_CURVE('',#2314,#2283,#2322,.T.);
#2322 = LINE('',#2323,#2324);
#2323 = CARTESIAN_POINT('',(3.889087296526,-2.4,6.110912703474));
#2324 = VECTOR('',#2325,1.);
#2325 = DIRECTION('',(0.707106781187,1.570092458684E-16,0.707106781187)
  );
#2326 = ORIENTED_EDGE('',*,*,#2282,.F.);
#2327 = ORIENTED_EDGE('',*,*,#910,.F.);
#2328 = PLANE('',#2329);
#2329 = AXIS2_PLACEMENT_3D('',#2330,#2331,#2332);
#2330 = CARTESIAN_POINT('',(3.889087296526,-7.4,6.110912703474));
#2331 = DIRECTION('',(0.707106781187,-1.862700598711E-16,-0.707106781187
    ));
#2332 = DIRECTION('',(-0.707106781187,0.,-0.707106781187));
#2333 = ADVANCED_FACE('',(#2334),#2352,.F.);
#2334 = FACE_BOUND('',#2335,.F.);
#2335 = EDGE_LOOP('',(#2336,#2344,#2350,#2351));
#2336 = ORIENTED_EDGE('',*,*,#2337,.T.);
#2337 = EDGE_CURVE('',#894,#2338,#2340,.T.);
#2338 = VERTEX_POINT('',#2339);
#2339 = CARTESIAN_POINT('',(2.828427124746,-2.4,6.464466094067));
#2340 = LINE('',#2341,#2342);
#2341 = CARTESIAN_POINT('',(2.828427124746,-12.4,6.464466094067));
#2342 = VECTOR('',#2343,1.);
#2343 = DIRECTION('',(0.,1.,-2.22044604925E-16));
#2344 = ORIENTED_EDGE('',*,*,#2345,.T.);
#2345 = EDGE_CURVE('',#2338,#2314,#2346,.T.);
#2346 = LINE('',#2347,#2348);
#2347 = CARTESIAN_POINT('',(2.828427124746,-2.4,6.464466094067));
#2348 = VECTOR('',#2349,1.);
#2349 = DIRECTION('',(0.707106781187,-1.570092458684E-16,-0.707106781187
    ));
#2350 = ORIENTED_EDGE('',*,*,#2313,.F.);
#2351 = ORIENTED_EDGE('',*,*,#902,.F.);
#2352 = PLANE('',#2353);
#2353 = AXIS2_PLACEMENT_3D('',#2354,#2355,#2356);
#2354 = CARTESIAN_POINT('',(2.828427124746,-12.4,6.464466094067));
#2355 = DIRECTION('',(-0.707106781187,-1.570092458684E-16,
    -0.707106781187));
#2356 = DIRECTION('',(0.707106781187,-1.570092458684E-16,-0.707106781187
    ));
#2357 = ADVANCED_FACE('',(#2358),#2377,.F.);
#2358 = FACE_BOUND('',#2359,.F.);
#2359 = EDGE_LOOP('',(#2360,#2368,#2375,#2376));
#2360 = ORIENTED_EDGE('',*,*,#2361,.T.);
#2361 = EDGE_CURVE('',#886,#2362,#2364,.T.);
#2362 = VERTEX_POINT('',#2363);
#2363 = CARTESIAN_POINT('',(1.767766952966,-2.4,7.525126265847));
#2364 = LINE('',#2365,#2366);
#2365 = CARTESIAN_POINT('',(1.767766952966,-12.4,7.525126265847));
#2366 = VECTOR('',#2367,1.);
#2367 = DIRECTION('',(0.,1.,-2.22044604925E-16));
#2368 = ORIENTED_EDGE('',*,*,#2369,.T.);
#2369 = EDGE_CURVE('',#2362,#2338,#2370,.T.);
#2370 = CIRCLE('',#2371,0.901387818866);
#2371 = AXIS2_PLACEMENT_3D('',#2372,#2373,#2374);
#2372 = CARTESIAN_POINT('',(2.65165042945,-2.4,7.34834957055));
#2373 = DIRECTION('',(0.,-1.,2.22044604925E-16));
#2374 = DIRECTION('',(1.,0.,0.));
#2375 = ORIENTED_EDGE('',*,*,#2337,.F.);
#2376 = ORIENTED_EDGE('',*,*,#893,.F.);
#2377 = CYLINDRICAL_SURFACE('',#2378,0.901387818866);
#2378 = AXIS2_PLACEMENT_3D('',#2379,#2380,#2381);
#2379 = CARTESIAN_POINT('',(2.65165042945,-12.4,7.34834957055));
#2380 = DIRECTION('',(0.,-1.,2.22044604925E-16));
#2381 = DIRECTION('',(1.,0.,0.));
#2382 = ADVANCED_FACE('',(#2383),#2401,.F.);
#2383 = FACE_BOUND('',#2384,.F.);
#2384 = EDGE_LOOP('',(#2385,#2393,#2399,#2400));
#2385 = ORIENTED_EDGE('',*,*,#2386,.T.);
#2386 = EDGE_CURVE('',#878,#2387,#2389,.T.);
#2387 = VERTEX_POINT('',#2388);
#2388 = CARTESIAN_POINT('',(1.06066017178,-2.4,8.232233047034));
#2389 = LINE('',#2390,#2391);
#2390 = CARTESIAN_POINT('',(1.06066017178,-12.4,8.232233047034));
#2391 = VECTOR('',#2392,1.);
#2392 = DIRECTION('',(0.,1.,-2.22044604925E-16));
#2393 = ORIENTED_EDGE('',*,*,#2394,.T.);
#2394 = EDGE_CURVE('',#2387,#2362,#2395,.T.);
#2395 = LINE('',#2396,#2397);
#2396 = CARTESIAN_POINT('',(1.06066017178,-2.4,8.232233047034));
#2397 = VECTOR('',#2398,1.);
#2398 = DIRECTION('',(0.707106781187,-1.570092458684E-16,-0.707106781187
    ));
#2399 = ORIENTED_EDGE('',*,*,#2361,.F.);
#2400 = ORIENTED_EDGE('',*,*,#885,.F.);
#2401 = PLANE('',#2402);
#2402 = AXIS2_PLACEMENT_3D('',#2403,#2404,#2405);
#2403 = CARTESIAN_POINT('',(1.06066017178,-12.4,8.232233047034));
#2404 = DIRECTION('',(-0.707106781187,-1.570092458684E-16,
    -0.707106781187));
#2405 = DIRECTION('',(0.707106781187,-1.570092458684E-16,-0.707106781187
    ));
#2406 = ADVANCED_FACE('',(#2407),#2425,.F.);
#2407 = FACE_BOUND('',#2408,.F.);
#2408 = EDGE_LOOP('',(#2409,#2417,#2423,#2424));
#2409 = ORIENTED_EDGE('',*,*,#2410,.T.);
#2410 = EDGE_CURVE('',#870,#2411,#2413,.T.);
#2411 = VERTEX_POINT('',#2412);
#2412 = CARTESIAN_POINT('',(1.767766952966,-2.4,8.93933982822));
#2413 = LINE('',#2414,#2415);
#2414 = CARTESIAN_POINT('',(1.767766952966,-12.4,8.93933982822));
#2415 = VECTOR('',#2416,1.);
#2416 = DIRECTION('',(0.,1.,-2.22044604925E-16));
#2417 = ORIENTED_EDGE('',*,*,#2418,.T.);
#2418 = EDGE_CURVE('',#2411,#2387,#2419,.T.);
#2419 = LINE('',#2420,#2421);
#2420 = CARTESIAN_POINT('',(1.414213562373,-2.4,8.585786437627));
#2421 = VECTOR('',#2422,1.);
#2422 = DIRECTION('',(-0.707106781187,-1.570092458684E-16,
    -0.707106781187));
#2423 = ORIENTED_EDGE('',*,*,#2386,.F.);
#2424 = ORIENTED_EDGE('',*,*,#877,.F.);
#2425 = PLANE('',#2426);
#2426 = AXIS2_PLACEMENT_3D('',#2427,#2428,#2429);
#2427 = CARTESIAN_POINT('',(1.414213562373,-7.4,8.585786437627));
#2428 = DIRECTION('',(-0.707106781187,1.255181868959E-16,0.707106781187)
  );
#2429 = DIRECTION('',(0.707106781187,0.,0.707106781187));
#2430 = ADVANCED_FACE('',(#2431),#2449,.F.);
#2431 = FACE_BOUND('',#2432,.F.);
#2432 = EDGE_LOOP('',(#2433,#2441,#2447,#2448));
#2433 = ORIENTED_EDGE('',*,*,#2434,.T.);
#2434 = EDGE_CURVE('',#861,#2435,#2437,.T.);
#2435 = VERTEX_POINT('',#2436);
#2436 = CARTESIAN_POINT('',(2.474873734153,-2.4,8.232233047034));
#2437 = LINE('',#2438,#2439);
#2438 = CARTESIAN_POINT('',(2.474873734153,-12.4,8.232233047034));
#2439 = VECTOR('',#2440,1.);
#2440 = DIRECTION('',(0.,1.,-2.22044604925E-16));
#2441 = ORIENTED_EDGE('',*,*,#2442,.T.);
#2442 = EDGE_CURVE('',#2435,#2411,#2443,.T.);
#2443 = LINE('',#2444,#2445);
#2444 = CARTESIAN_POINT('',(2.474873734153,-2.4,8.232233047034));
#2445 = VECTOR('',#2446,1.);
#2446 = DIRECTION('',(-0.707106781187,1.570092458684E-16,0.707106781187)
  );
#2447 = ORIENTED_EDGE('',*,*,#2410,.F.);
#2448 = ORIENTED_EDGE('',*,*,#869,.F.);
#2449 = PLANE('',#2450);
#2450 = AXIS2_PLACEMENT_3D('',#2451,#2452,#2453);
#2451 = CARTESIAN_POINT('',(2.474873734153,-12.4,8.232233047034));
#2452 = DIRECTION('',(0.707106781187,1.570092458684E-16,0.707106781187)
  );
#2453 = DIRECTION('',(-0.707106781187,1.570092458684E-16,0.707106781187)
  );
#2454 = ADVANCED_FACE('',(#2455),#2467,.F.);
#2455 = FACE_BOUND('',#2456,.F.);
#2456 = EDGE_LOOP('',(#2457,#2458,#2465,#2466));
#2457 = ORIENTED_EDGE('',*,*,#2298,.T.);
#2458 = ORIENTED_EDGE('',*,*,#2459,.T.);
#2459 = EDGE_CURVE('',#2291,#2435,#2460,.T.);
#2460 = CIRCLE('',#2461,0.901387818866);
#2461 = AXIS2_PLACEMENT_3D('',#2462,#2463,#2464);
#2462 = CARTESIAN_POINT('',(2.65165042945,-2.4,7.34834957055));
#2463 = DIRECTION('',(0.,-1.,2.22044604925E-16));
#2464 = DIRECTION('',(1.,0.,0.));
#2465 = ORIENTED_EDGE('',*,*,#2434,.F.);
#2466 = ORIENTED_EDGE('',*,*,#860,.F.);
#2467 = CYLINDRICAL_SURFACE('',#2468,0.901387818866);
#2468 = AXIS2_PLACEMENT_3D('',#2469,#2470,#2471);
#2469 = CARTESIAN_POINT('',(2.65165042945,-12.4,7.34834957055));
#2470 = DIRECTION('',(0.,-1.,2.22044604925E-16));
#2471 = DIRECTION('',(1.,0.,0.));
#2472 = ADVANCED_FACE('',(#2473),#2483,.F.);
#2473 = FACE_BOUND('',#2474,.T.);
#2474 = EDGE_LOOP('',(#2475,#2476,#2477,#2478,#2479,#2480,#2481,#2482));
#2475 = ORIENTED_EDGE('',*,*,#1101,.T.);
#2476 = ORIENTED_EDGE('',*,*,#1077,.F.);
#2477 = ORIENTED_EDGE('',*,*,#1060,.F.);
#2478 = ORIENTED_EDGE('',*,*,#1029,.F.);
#2479 = ORIENTED_EDGE('',*,*,#1011,.T.);
#2480 = ORIENTED_EDGE('',*,*,#980,.F.);
#2481 = ORIENTED_EDGE('',*,*,#963,.F.);
#2482 = ORIENTED_EDGE('',*,*,#932,.F.);
#2483 = PLANE('',#2484);
#2484 = AXIS2_PLACEMENT_3D('',#2485,#2486,#2487);
#2485 = CARTESIAN_POINT('',(-3.864508722726E-16,-2.4,9.643749935986));
#2486 = DIRECTION('',(0.,1.,0.));
#2487 = DIRECTION('',(0.,0.,1.));
#2488 = ADVANCED_FACE('',(#2489),#2499,.F.);
#2489 = FACE_BOUND('',#2490,.T.);
#2490 = EDGE_LOOP('',(#2491,#2492,#2493,#2494,#2495,#2496,#2497,#2498));
#2491 = ORIENTED_EDGE('',*,*,#1295,.T.);
#2492 = ORIENTED_EDGE('',*,*,#1271,.F.);
#2493 = ORIENTED_EDGE('',*,*,#1254,.F.);
#2494 = ORIENTED_EDGE('',*,*,#1223,.F.);
#2495 = ORIENTED_EDGE('',*,*,#1205,.T.);
#2496 = ORIENTED_EDGE('',*,*,#1174,.F.);
#2497 = ORIENTED_EDGE('',*,*,#1157,.F.);
#2498 = ORIENTED_EDGE('',*,*,#1126,.F.);
#2499 = PLANE('',#2500);
#2500 = AXIS2_PLACEMENT_3D('',#2501,#2502,#2503);
#2501 = CARTESIAN_POINT('',(-3.864508722726E-16,-2.4,9.643749935986));
#2502 = DIRECTION('',(0.,1.,0.));
#2503 = DIRECTION('',(0.,0.,1.));
#2504 = ADVANCED_FACE('',(#2505),#2515,.F.);
#2505 = FACE_BOUND('',#2506,.T.);
#2506 = EDGE_LOOP('',(#2507,#2508,#2509,#2510,#2511,#2512,#2513,#2514));
#2507 = ORIENTED_EDGE('',*,*,#1329,.T.);
#2508 = ORIENTED_EDGE('',*,*,#1490,.T.);
#2509 = ORIENTED_EDGE('',*,*,#1472,.T.);
#2510 = ORIENTED_EDGE('',*,*,#1441,.F.);
#2511 = ORIENTED_EDGE('',*,*,#1424,.T.);
#2512 = ORIENTED_EDGE('',*,*,#1400,.T.);
#2513 = ORIENTED_EDGE('',*,*,#1375,.T.);
#2514 = ORIENTED_EDGE('',*,*,#1344,.F.);
#2515 = PLANE('',#2516);
#2516 = AXIS2_PLACEMENT_3D('',#2517,#2518,#2519);
#2517 = CARTESIAN_POINT('',(-3.864508722726E-16,-2.4,9.643749935986));
#2518 = DIRECTION('',(0.,1.,0.));
#2519 = DIRECTION('',(0.,0.,1.));
#2520 = ADVANCED_FACE('',(#2521),#2531,.F.);
#2521 = FACE_BOUND('',#2522,.T.);
#2522 = EDGE_LOOP('',(#2523,#2524,#2525,#2526,#2527,#2528,#2529,#2530));
#2523 = ORIENTED_EDGE('',*,*,#1683,.T.);
#2524 = ORIENTED_EDGE('',*,*,#1666,.T.);
#2525 = ORIENTED_EDGE('',*,*,#1642,.T.);
#2526 = ORIENTED_EDGE('',*,*,#1618,.T.);
#2527 = ORIENTED_EDGE('',*,*,#1593,.T.);
#2528 = ORIENTED_EDGE('',*,*,#1569,.T.);
#2529 = ORIENTED_EDGE('',*,*,#1545,.T.);
#2530 = ORIENTED_EDGE('',*,*,#1514,.T.);
#2531 = PLANE('',#2532);
#2532 = AXIS2_PLACEMENT_3D('',#2533,#2534,#2535);
#2533 = CARTESIAN_POINT('',(-3.864508722726E-16,-2.4,9.643749935986));
#2534 = DIRECTION('',(0.,1.,0.));
#2535 = DIRECTION('',(0.,0.,1.));
#2536 = ADVANCED_FACE('',(#2537),#2547,.F.);
#2537 = FACE_BOUND('',#2538,.T.);
#2538 = EDGE_LOOP('',(#2539,#2540,#2541,#2542,#2543,#2544,#2545,#2546));
#2539 = ORIENTED_EDGE('',*,*,#1877,.T.);
#2540 = ORIENTED_EDGE('',*,*,#1860,.T.);
#2541 = ORIENTED_EDGE('',*,*,#1836,.T.);
#2542 = ORIENTED_EDGE('',*,*,#1812,.T.);
#2543 = ORIENTED_EDGE('',*,*,#1787,.T.);
#2544 = ORIENTED_EDGE('',*,*,#1763,.T.);
#2545 = ORIENTED_EDGE('',*,*,#1739,.T.);
#2546 = ORIENTED_EDGE('',*,*,#1708,.T.);
#2547 = PLANE('',#2548);
#2548 = AXIS2_PLACEMENT_3D('',#2549,#2550,#2551);
#2549 = CARTESIAN_POINT('',(-3.864508722726E-16,-2.4,9.643749935986));
#2550 = DIRECTION('',(0.,1.,0.));
#2551 = DIRECTION('',(0.,0.,1.));
#2552 = ADVANCED_FACE('',(#2553),#2563,.F.);
#2553 = FACE_BOUND('',#2554,.T.);
#2554 = EDGE_LOOP('',(#2555,#2556,#2557,#2558,#2559,#2560,#2561,#2562));
#2555 = ORIENTED_EDGE('',*,*,#2071,.T.);
#2556 = ORIENTED_EDGE('',*,*,#2047,.F.);
#2557 = ORIENTED_EDGE('',*,*,#2030,.F.);
#2558 = ORIENTED_EDGE('',*,*,#1999,.F.);
#2559 = ORIENTED_EDGE('',*,*,#1981,.T.);
#2560 = ORIENTED_EDGE('',*,*,#1950,.F.);
#2561 = ORIENTED_EDGE('',*,*,#1933,.F.);
#2562 = ORIENTED_EDGE('',*,*,#1902,.F.);
#2563 = PLANE('',#2564);
#2564 = AXIS2_PLACEMENT_3D('',#2565,#2566,#2567);
#2565 = CARTESIAN_POINT('',(-3.864508722726E-16,-2.4,9.643749935986));
#2566 = DIRECTION('',(0.,1.,0.));
#2567 = DIRECTION('',(0.,0.,1.));
#2568 = ADVANCED_FACE('',(#2569),#2579,.F.);
#2569 = FACE_BOUND('',#2570,.T.);
#2570 = EDGE_LOOP('',(#2571,#2572,#2573,#2574,#2575,#2576,#2577,#2578));
#2571 = ORIENTED_EDGE('',*,*,#2105,.T.);
#2572 = ORIENTED_EDGE('',*,*,#2266,.T.);
#2573 = ORIENTED_EDGE('',*,*,#2248,.T.);
#2574 = ORIENTED_EDGE('',*,*,#2217,.F.);
#2575 = ORIENTED_EDGE('',*,*,#2200,.T.);
#2576 = ORIENTED_EDGE('',*,*,#2176,.T.);
#2577 = ORIENTED_EDGE('',*,*,#2151,.T.);
#2578 = ORIENTED_EDGE('',*,*,#2120,.F.);
#2579 = PLANE('',#2580);
#2580 = AXIS2_PLACEMENT_3D('',#2581,#2582,#2583);
#2581 = CARTESIAN_POINT('',(-3.864508722726E-16,-2.4,9.643749935986));
#2582 = DIRECTION('',(0.,1.,0.));
#2583 = DIRECTION('',(0.,0.,1.));
#2584 = ADVANCED_FACE('',(#2585),#2595,.F.);
#2585 = FACE_BOUND('',#2586,.T.);
#2586 = EDGE_LOOP('',(#2587,#2588,#2589,#2590,#2591,#2592,#2593,#2594));
#2587 = ORIENTED_EDGE('',*,*,#2459,.T.);
#2588 = ORIENTED_EDGE('',*,*,#2442,.T.);
#2589 = ORIENTED_EDGE('',*,*,#2418,.T.);
#2590 = ORIENTED_EDGE('',*,*,#2394,.T.);
#2591 = ORIENTED_EDGE('',*,*,#2369,.T.);
#2592 = ORIENTED_EDGE('',*,*,#2345,.T.);
#2593 = ORIENTED_EDGE('',*,*,#2321,.T.);
#2594 = ORIENTED_EDGE('',*,*,#2290,.T.);
#2595 = PLANE('',#2596);
#2596 = AXIS2_PLACEMENT_3D('',#2597,#2598,#2599);
#2597 = CARTESIAN_POINT('',(-3.864508722726E-16,-2.4,9.643749935986));
#2598 = DIRECTION('',(0.,1.,0.));
#2599 = DIRECTION('',(0.,0.,1.));
#2600 = ( GEOMETRIC_REPRESENTATION_CONTEXT(3) 
GLOBAL_UNCERTAINTY_ASSIGNED_CONTEXT((#2604)) 
GLOBAL_UNIT_ASSIGNED_CONTEXT((#2601,#2602,#2603)) REPRESENTATION_CONTEXT
('Context #1','3D Context with UNIT and UNCERTAINTY') );
#2601 = ( LENGTH_UNIT() NAMED_UNIT(*) SI_UNIT(.MILLI.,.METRE.) );
#2602 = ( NAMED_UNIT(*) PLANE_ANGLE_UNIT() SI_UNIT($,.RADIAN.) );
#2603 = ( NAMED_UNIT(*) SI_UNIT($,.STERADIAN.) SOLID_ANGLE_UNIT() );
#2604 = UNCERTAINTY_MEASURE_WITH_UNIT(LENGTH_MEASURE(1.E-07),#2601,
  'distance_accuracy_value','confusion accuracy');
#2605 = CONTEXT_DEPENDENT_SHAPE_REPRESENTATION(#2606,#2608);
#2606 = ( REPRESENTATION_RELATIONSHIP('','',#36,#10) 
REPRESENTATION_RELATIONSHIP_WITH_TRANSFORMATION(#2607) 
SHAPE_REPRESENTATION_RELATIONSHIP() );
#2607 = ITEM_DEFINED_TRANSFORMATION('','',#11,#15);
#2608 = PRODUCT_DEFINITION_SHAPE('Placement','Placement of an item',
  #2609);
#2609 = NEXT_ASSEMBLY_USAGE_OCCURRENCE('1','Body','',#5,#31,$);
#2610 = PRODUCT_RELATED_PRODUCT_CATEGORY('part',$,(#33));
#2611 = SHAPE_DEFINITION_REPRESENTATION(#2612,#2618);
#2612 = PRODUCT_DEFINITION_SHAPE('','',#2613);
#2613 = PRODUCT_DEFINITION('design','',#2614,#2617);
#2614 = PRODUCT_DEFINITION_FORMATION('','',#2615);
#2615 = PRODUCT('Pads','Pads','',(#2616));
#2616 = PRODUCT_CONTEXT('',#2,'mechanical');
#2617 = PRODUCT_DEFINITION_CONTEXT('part definition',#2,'design');
#2618 = ADVANCED_BREP_SHAPE_REPRESENTATION('',(#11,#2619),#3309);
#2619 = MANIFOLD_SOLID_BREP('',#2620);
#2620 = CLOSED_SHELL('',(#2621,#2661,#2692,#2771,#2889,#2906,#2918,#2934
    ,#2950,#2966,#2992,#3018,#3044,#3069,#3094,#3119,#3144,#3169,#3194,
    #3219,#3228,#3237,#3246,#3255,#3264,#3273,#3282,#3291,#3300));
#2621 = ADVANCED_FACE('',(#2622),#2656,.F.);
#2622 = FACE_BOUND('',#2623,.F.);
#2623 = EDGE_LOOP('',(#2624,#2634,#2642,#2650));
#2624 = ORIENTED_EDGE('',*,*,#2625,.T.);
#2625 = EDGE_CURVE('',#2626,#2628,#2630,.T.);
#2626 = VERTEX_POINT('',#2627);
#2627 = CARTESIAN_POINT('',(10.,-11.,0.));
#2628 = VERTEX_POINT('',#2629);
#2629 = CARTESIAN_POINT('',(10.,-11.,1.));
#2630 = LINE('',#2631,#2632);
#2631 = CARTESIAN_POINT('',(10.,-11.,0.));
#2632 = VECTOR('',#2633,1.);
#2633 = DIRECTION('',(0.,0.,1.));
#2634 = ORIENTED_EDGE('',*,*,#2635,.T.);
#2635 = EDGE_CURVE('',#2628,#2636,#2638,.T.);
#2636 = VERTEX_POINT('',#2637);
#2637 = CARTESIAN_POINT('',(10.,5.,1.));
#2638 = LINE('',#2639,#2640);
#2639 = CARTESIAN_POINT('',(10.,-11.,1.));
#2640 = VECTOR('',#2641,1.);
#2641 = DIRECTION('',(0.,1.,0.));
#2642 = ORIENTED_EDGE('',*,*,#2643,.F.);
#2643 = EDGE_CURVE('',#2644,#2636,#2646,.T.);
#2644 = VERTEX_POINT('',#2645);
#2645 = CARTESIAN_POINT('',(10.,5.,0.));
#2646 = LINE('',#2647,#2648);
#2647 = CARTESIAN_POINT('',(10.,5.,0.));
#2648 = VECTOR('',#2649,1.);
#2649 = DIRECTION('',(0.,0.,1.));
#2650 = ORIENTED_EDGE('',*,*,#2651,.F.);
#2651 = EDGE_CURVE('',#2626,#2644,#2652,.T.);
#2652 = LINE('',#2653,#2654);
#2653 = CARTESIAN_POINT('',(10.,-11.,0.));
#2654 = VECTOR('',#2655,1.);
#2655 = DIRECTION('',(0.,1.,0.));
#2656 = PLANE('',#2657);
#2657 = AXIS2_PLACEMENT_3D('',#2658,#2659,#2660);
#2658 = CARTESIAN_POINT('',(10.,-11.,0.));
#2659 = DIRECTION('',(-1.,0.,0.));
#2660 = DIRECTION('',(0.,1.,0.));
#2661 = ADVANCED_FACE('',(#2662),#2687,.F.);
#2662 = FACE_BOUND('',#2663,.F.);
#2663 = EDGE_LOOP('',(#2664,#2674,#2680,#2681));
#2664 = ORIENTED_EDGE('',*,*,#2665,.T.);
#2665 = EDGE_CURVE('',#2666,#2668,#2670,.T.);
#2666 = VERTEX_POINT('',#2667);
#2667 = CARTESIAN_POINT('',(-10.,-11.,0.));
#2668 = VERTEX_POINT('',#2669);
#2669 = CARTESIAN_POINT('',(-10.,-11.,1.));
#2670 = LINE('',#2671,#2672);
#2671 = CARTESIAN_POINT('',(-10.,-11.,0.));
#2672 = VECTOR('',#2673,1.);
#2673 = DIRECTION('',(0.,0.,1.));
#2674 = ORIENTED_EDGE('',*,*,#2675,.T.);
#2675 = EDGE_CURVE('',#2668,#2628,#2676,.T.);
#2676 = LINE('',#2677,#2678);
#2677 = CARTESIAN_POINT('',(-10.,-11.,1.));
#2678 = VECTOR('',#2679,1.);
#2679 = DIRECTION('',(1.,0.,0.));
#2680 = ORIENTED_EDGE('',*,*,#2625,.F.);
#2681 = ORIENTED_EDGE('',*,*,#2682,.F.);
#2682 = EDGE_CURVE('',#2666,#2626,#2683,.T.);
#2683 = LINE('',#2684,#2685);
#2684 = CARTESIAN_POINT('',(-10.,-11.,0.));
#2685 = VECTOR('',#2686,1.);
#2686 = DIRECTION('',(1.,0.,0.));
#2687 = PLANE('',#2688);
#2688 = AXIS2_PLACEMENT_3D('',#2689,#2690,#2691);
#2689 = CARTESIAN_POINT('',(-10.,-11.,0.));
#2690 = DIRECTION('',(0.,1.,0.));
#2691 = DIRECTION('',(1.,0.,0.));
#2692 = ADVANCED_FACE('',(#2693),#2766,.F.);
#2693 = FACE_BOUND('',#2694,.F.);
#2694 = EDGE_LOOP('',(#2695,#2696,#2704,#2712,#2720,#2728,#2736,#2744,
    #2752,#2760));
#2695 = ORIENTED_EDGE('',*,*,#2643,.T.);
#2696 = ORIENTED_EDGE('',*,*,#2697,.T.);
#2697 = EDGE_CURVE('',#2636,#2698,#2700,.T.);
#2698 = VERTEX_POINT('',#2699);
#2699 = CARTESIAN_POINT('',(-10.,5.,1.));
#2700 = LINE('',#2701,#2702);
#2701 = CARTESIAN_POINT('',(10.,5.,1.));
#2702 = VECTOR('',#2703,1.);
#2703 = DIRECTION('',(-1.,4.E-17,0.));
#2704 = ORIENTED_EDGE('',*,*,#2705,.F.);
#2705 = EDGE_CURVE('',#2706,#2698,#2708,.T.);
#2706 = VERTEX_POINT('',#2707);
#2707 = CARTESIAN_POINT('',(-10.,5.,0.));
#2708 = LINE('',#2709,#2710);
#2709 = CARTESIAN_POINT('',(-10.,5.,0.));
#2710 = VECTOR('',#2711,1.);
#2711 = DIRECTION('',(0.,0.,1.));
#2712 = ORIENTED_EDGE('',*,*,#2713,.F.);
#2713 = EDGE_CURVE('',#2714,#2706,#2716,.T.);
#2714 = VERTEX_POINT('',#2715);
#2715 = CARTESIAN_POINT('',(-8.,5.,0.));
#2716 = LINE('',#2717,#2718);
#2717 = CARTESIAN_POINT('',(10.,5.,0.));
#2718 = VECTOR('',#2719,1.);
#2719 = DIRECTION('',(-1.,4.E-17,0.));
#2720 = ORIENTED_EDGE('',*,*,#2721,.F.);
#2721 = EDGE_CURVE('',#2722,#2714,#2724,.T.);
#2722 = VERTEX_POINT('',#2723);
#2723 = CARTESIAN_POINT('',(-7.,5.,0.));
#2724 = LINE('',#2725,#2726);
#2725 = CARTESIAN_POINT('',(10.,5.,0.));
#2726 = VECTOR('',#2727,1.);
#2727 = DIRECTION('',(-1.,4.E-17,0.));
#2728 = ORIENTED_EDGE('',*,*,#2729,.F.);
#2729 = EDGE_CURVE('',#2730,#2722,#2732,.T.);
#2730 = VERTEX_POINT('',#2731);
#2731 = CARTESIAN_POINT('',(-0.5,5.,0.));
#2732 = LINE('',#2733,#2734);
#2733 = CARTESIAN_POINT('',(10.,5.,0.));
#2734 = VECTOR('',#2735,1.);
#2735 = DIRECTION('',(-1.,4.E-17,0.));
#2736 = ORIENTED_EDGE('',*,*,#2737,.F.);
#2737 = EDGE_CURVE('',#2738,#2730,#2740,.T.);
#2738 = VERTEX_POINT('',#2739);
#2739 = CARTESIAN_POINT('',(0.5,5.,0.));
#2740 = LINE('',#2741,#2742);
#2741 = CARTESIAN_POINT('',(10.,5.,0.));
#2742 = VECTOR('',#2743,1.);
#2743 = DIRECTION('',(-1.,4.E-17,0.));
#2744 = ORIENTED_EDGE('',*,*,#2745,.F.);
#2745 = EDGE_CURVE('',#2746,#2738,#2748,.T.);
#2746 = VERTEX_POINT('',#2747);
#2747 = CARTESIAN_POINT('',(7.,5.,0.));
#2748 = LINE('',#2749,#2750);
#2749 = CARTESIAN_POINT('',(10.,5.,0.));
#2750 = VECTOR('',#2751,1.);
#2751 = DIRECTION('',(-1.,4.E-17,0.));
#2752 = ORIENTED_EDGE('',*,*,#2753,.F.);
#2753 = EDGE_CURVE('',#2754,#2746,#2756,.T.);
#2754 = VERTEX_POINT('',#2755);
#2755 = CARTESIAN_POINT('',(8.,5.,0.));
#2756 = LINE('',#2757,#2758);
#2757 = CARTESIAN_POINT('',(10.,5.,0.));
#2758 = VECTOR('',#2759,1.);
#2759 = DIRECTION('',(-1.,4.E-17,0.));
#2760 = ORIENTED_EDGE('',*,*,#2761,.F.);
#2761 = EDGE_CURVE('',#2644,#2754,#2762,.T.);
#2762 = LINE('',#2763,#2764);
#2763 = CARTESIAN_POINT('',(10.,5.,0.));
#2764 = VECTOR('',#2765,1.);
#2765 = DIRECTION('',(-1.,4.E-17,0.));
#2766 = PLANE('',#2767);
#2767 = AXIS2_PLACEMENT_3D('',#2768,#2769,#2770);
#2768 = CARTESIAN_POINT('',(10.,5.,0.));
#2769 = DIRECTION('',(-4.E-17,-1.,0.));
#2770 = DIRECTION('',(-1.,4.E-17,0.));
#2771 = ADVANCED_FACE('',(#2772,#2807,#2818,#2829,#2840,#2851,#2862,
    #2873),#2884,.F.);
#2772 = FACE_BOUND('',#2773,.F.);
#2773 = EDGE_LOOP('',(#2774,#2775,#2776,#2777,#2784,#2785,#2792,#2793,
    #2800,#2801));
#2774 = ORIENTED_EDGE('',*,*,#2682,.T.);
#2775 = ORIENTED_EDGE('',*,*,#2651,.T.);
#2776 = ORIENTED_EDGE('',*,*,#2761,.T.);
#2777 = ORIENTED_EDGE('',*,*,#2778,.F.);
#2778 = EDGE_CURVE('',#2746,#2754,#2779,.T.);
#2779 = CIRCLE('',#2780,0.5);
#2780 = AXIS2_PLACEMENT_3D('',#2781,#2782,#2783);
#2781 = CARTESIAN_POINT('',(7.5,5.,0.));
#2782 = DIRECTION('',(0.,0.,1.));
#2783 = DIRECTION('',(1.,0.,0.));
#2784 = ORIENTED_EDGE('',*,*,#2745,.T.);
#2785 = ORIENTED_EDGE('',*,*,#2786,.F.);
#2786 = EDGE_CURVE('',#2730,#2738,#2787,.T.);
#2787 = CIRCLE('',#2788,0.5);
#2788 = AXIS2_PLACEMENT_3D('',#2789,#2790,#2791);
#2789 = CARTESIAN_POINT('',(-2.7E-16,5.,0.));
#2790 = DIRECTION('',(0.,0.,1.));
#2791 = DIRECTION('',(1.,0.,0.));
#2792 = ORIENTED_EDGE('',*,*,#2729,.T.);
#2793 = ORIENTED_EDGE('',*,*,#2794,.F.);
#2794 = EDGE_CURVE('',#2714,#2722,#2795,.T.);
#2795 = CIRCLE('',#2796,0.5);
#2796 = AXIS2_PLACEMENT_3D('',#2797,#2798,#2799);
#2797 = CARTESIAN_POINT('',(-7.5,5.,0.));
#2798 = DIRECTION('',(0.,0.,1.));
#2799 = DIRECTION('',(1.,0.,0.));
#2800 = ORIENTED_EDGE('',*,*,#2713,.T.);
#2801 = ORIENTED_EDGE('',*,*,#2802,.T.);
#2802 = EDGE_CURVE('',#2706,#2666,#2803,.T.);
#2803 = LINE('',#2804,#2805);
#2804 = CARTESIAN_POINT('',(-10.,5.,0.));
#2805 = VECTOR('',#2806,1.);
#2806 = DIRECTION('',(0.,-1.,0.));
#2807 = FACE_BOUND('',#2808,.F.);
#2808 = EDGE_LOOP('',(#2809));
#2809 = ORIENTED_EDGE('',*,*,#2810,.F.);
#2810 = EDGE_CURVE('',#2811,#2811,#2813,.T.);
#2811 = VERTEX_POINT('',#2812);
#2812 = CARTESIAN_POINT('',(-4.5,-9.9,0.));
#2813 = CIRCLE('',#2814,0.5);
#2814 = AXIS2_PLACEMENT_3D('',#2815,#2816,#2817);
#2815 = CARTESIAN_POINT('',(-5.,-9.9,0.));
#2816 = DIRECTION('',(0.,0.,1.));
#2817 = DIRECTION('',(1.,0.,0.));
#2818 = FACE_BOUND('',#2819,.F.);
#2819 = EDGE_LOOP('',(#2820));
#2820 = ORIENTED_EDGE('',*,*,#2821,.F.);
#2821 = EDGE_CURVE('',#2822,#2822,#2824,.T.);
#2822 = VERTEX_POINT('',#2823);
#2823 = CARTESIAN_POINT('',(5.5,-9.9,0.));
#2824 = CIRCLE('',#2825,0.5);
#2825 = AXIS2_PLACEMENT_3D('',#2826,#2827,#2828);
#2826 = CARTESIAN_POINT('',(5.,-9.9,0.));
#2827 = DIRECTION('',(0.,0.,1.));
#2828 = DIRECTION('',(1.,0.,0.));
#2829 = FACE_BOUND('',#2830,.F.);
#2830 = EDGE_LOOP('',(#2831));
#2831 = ORIENTED_EDGE('',*,*,#2832,.F.);
#2832 = EDGE_CURVE('',#2833,#2833,#2835,.T.);
#2833 = VERTEX_POINT('',#2834);
#2834 = CARTESIAN_POINT('',(-7.,0.,0.));
#2835 = CIRCLE('',#2836,0.5);
#2836 = AXIS2_PLACEMENT_3D('',#2837,#2838,#2839);
#2837 = CARTESIAN_POINT('',(-7.5,0.,0.));
#2838 = DIRECTION('',(0.,0.,1.));
#2839 = DIRECTION('',(1.,0.,0.));
#2840 = FACE_BOUND('',#2841,.F.);
#2841 = EDGE_LOOP('',(#2842));
#2842 = ORIENTED_EDGE('',*,*,#2843,.F.);
#2843 = EDGE_CURVE('',#2844,#2844,#2846,.T.);
#2844 = VERTEX_POINT('',#2845);
#2845 = CARTESIAN_POINT('',(-4.5,2.5,0.));
#2846 = CIRCLE('',#2847,0.5);
#2847 = AXIS2_PLACEMENT_3D('',#2848,#2849,#2850);
#2848 = CARTESIAN_POINT('',(-5.,2.5,0.));
#2849 = DIRECTION('',(0.,0.,1.));
#2850 = DIRECTION('',(1.,0.,0.));
#2851 = FACE_BOUND('',#2852,.F.);
#2852 = EDGE_LOOP('',(#2853));
#2853 = ORIENTED_EDGE('',*,*,#2854,.F.);
#2854 = EDGE_CURVE('',#2855,#2855,#2857,.T.);
#2855 = VERTEX_POINT('',#2856);
#2856 = CARTESIAN_POINT('',(0.5,0.,0.));
#2857 = CIRCLE('',#2858,0.5);
#2858 = AXIS2_PLACEMENT_3D('',#2859,#2860,#2861);
#2859 = CARTESIAN_POINT('',(0.,0.,0.));
#2860 = DIRECTION('',(0.,0.,1.));
#2861 = DIRECTION('',(1.,0.,0.));
#2862 = FACE_BOUND('',#2863,.F.);
#2863 = EDGE_LOOP('',(#2864));
#2864 = ORIENTED_EDGE('',*,*,#2865,.F.);
#2865 = EDGE_CURVE('',#2866,#2866,#2868,.T.);
#2866 = VERTEX_POINT('',#2867);
#2867 = CARTESIAN_POINT('',(8.,0.,0.));
#2868 = CIRCLE('',#2869,0.5);
#2869 = AXIS2_PLACEMENT_3D('',#2870,#2871,#2872);
#2870 = CARTESIAN_POINT('',(7.5,0.,0.));
#2871 = DIRECTION('',(0.,0.,1.));
#2872 = DIRECTION('',(1.,0.,0.));
#2873 = FACE_BOUND('',#2874,.F.);
#2874 = EDGE_LOOP('',(#2875));
#2875 = ORIENTED_EDGE('',*,*,#2876,.F.);
#2876 = EDGE_CURVE('',#2877,#2877,#2879,.T.);
#2877 = VERTEX_POINT('',#2878);
#2878 = CARTESIAN_POINT('',(5.5,2.5,0.));
#2879 = CIRCLE('',#2880,0.5);
#2880 = AXIS2_PLACEMENT_3D('',#2881,#2882,#2883);
#2881 = CARTESIAN_POINT('',(5.,2.5,0.));
#2882 = DIRECTION('',(0.,0.,1.));
#2883 = DIRECTION('',(1.,0.,0.));
#2884 = PLANE('',#2885);
#2885 = AXIS2_PLACEMENT_3D('',#2886,#2887,#2888);
#2886 = CARTESIAN_POINT('',(0.,-3.,0.));
#2887 = DIRECTION('',(0.,0.,1.));
#2888 = DIRECTION('',(1.,0.,0.));
#2889 = ADVANCED_FACE('',(#2890),#2901,.T.);
#2890 = FACE_BOUND('',#2891,.T.);
#2891 = EDGE_LOOP('',(#2892,#2893,#2894,#2900));
#2892 = ORIENTED_EDGE('',*,*,#2635,.T.);
#2893 = ORIENTED_EDGE('',*,*,#2697,.T.);
#2894 = ORIENTED_EDGE('',*,*,#2895,.T.);
#2895 = EDGE_CURVE('',#2698,#2668,#2896,.T.);
#2896 = LINE('',#2897,#2898);
#2897 = CARTESIAN_POINT('',(-10.,5.,1.));
#2898 = VECTOR('',#2899,1.);
#2899 = DIRECTION('',(0.,-1.,0.));
#2900 = ORIENTED_EDGE('',*,*,#2675,.T.);
#2901 = PLANE('',#2902);
#2902 = AXIS2_PLACEMENT_3D('',#2903,#2904,#2905);
#2903 = CARTESIAN_POINT('',(0.,-3.,1.));
#2904 = DIRECTION('',(0.,0.,1.));
#2905 = DIRECTION('',(1.,0.,0.));
#2906 = ADVANCED_FACE('',(#2907),#2913,.F.);
#2907 = FACE_BOUND('',#2908,.F.);
#2908 = EDGE_LOOP('',(#2909,#2910,#2911,#2912));
#2909 = ORIENTED_EDGE('',*,*,#2705,.T.);
#2910 = ORIENTED_EDGE('',*,*,#2895,.T.);
#2911 = ORIENTED_EDGE('',*,*,#2665,.F.);
#2912 = ORIENTED_EDGE('',*,*,#2802,.F.);
#2913 = PLANE('',#2914);
#2914 = AXIS2_PLACEMENT_3D('',#2915,#2916,#2917);
#2915 = CARTESIAN_POINT('',(-10.,5.,0.));
#2916 = DIRECTION('',(1.,0.,0.));
#2917 = DIRECTION('',(0.,-1.,0.));
#2918 = ADVANCED_FACE('',(#2919),#2929,.T.);
#2919 = FACE_BOUND('',#2920,.T.);
#2920 = EDGE_LOOP('',(#2921,#2922));
#2921 = ORIENTED_EDGE('',*,*,#2753,.F.);
#2922 = ORIENTED_EDGE('',*,*,#2923,.T.);
#2923 = EDGE_CURVE('',#2754,#2746,#2924,.T.);
#2924 = CIRCLE('',#2925,0.5);
#2925 = AXIS2_PLACEMENT_3D('',#2926,#2927,#2928);
#2926 = CARTESIAN_POINT('',(7.5,5.,0.));
#2927 = DIRECTION('',(0.,0.,1.));
#2928 = DIRECTION('',(1.,0.,0.));
#2929 = PLANE('',#2930);
#2930 = AXIS2_PLACEMENT_3D('',#2931,#2932,#2933);
#2931 = CARTESIAN_POINT('',(-3.4E-16,2.E-02,0.));
#2932 = DIRECTION('',(0.,0.,1.));
#2933 = DIRECTION('',(1.,0.,0.));
#2934 = ADVANCED_FACE('',(#2935),#2945,.T.);
#2935 = FACE_BOUND('',#2936,.T.);
#2936 = EDGE_LOOP('',(#2937,#2938));
#2937 = ORIENTED_EDGE('',*,*,#2737,.F.);
#2938 = ORIENTED_EDGE('',*,*,#2939,.T.);
#2939 = EDGE_CURVE('',#2738,#2730,#2940,.T.);
#2940 = CIRCLE('',#2941,0.5);
#2941 = AXIS2_PLACEMENT_3D('',#2942,#2943,#2944);
#2942 = CARTESIAN_POINT('',(-2.7E-16,5.,0.));
#2943 = DIRECTION('',(0.,0.,1.));
#2944 = DIRECTION('',(1.,0.,0.));
#2945 = PLANE('',#2946);
#2946 = AXIS2_PLACEMENT_3D('',#2947,#2948,#2949);
#2947 = CARTESIAN_POINT('',(-3.4E-16,2.E-02,0.));
#2948 = DIRECTION('',(0.,0.,1.));
#2949 = DIRECTION('',(1.,0.,0.));
#2950 = ADVANCED_FACE('',(#2951),#2961,.T.);
#2951 = FACE_BOUND('',#2952,.T.);
#2952 = EDGE_LOOP('',(#2953,#2954));
#2953 = ORIENTED_EDGE('',*,*,#2721,.F.);
#2954 = ORIENTED_EDGE('',*,*,#2955,.T.);
#2955 = EDGE_CURVE('',#2722,#2714,#2956,.T.);
#2956 = CIRCLE('',#2957,0.5);
#2957 = AXIS2_PLACEMENT_3D('',#2958,#2959,#2960);
#2958 = CARTESIAN_POINT('',(-7.5,5.,0.));
#2959 = DIRECTION('',(0.,0.,1.));
#2960 = DIRECTION('',(1.,0.,0.));
#2961 = PLANE('',#2962);
#2962 = AXIS2_PLACEMENT_3D('',#2963,#2964,#2965);
#2963 = CARTESIAN_POINT('',(-3.4E-16,2.E-02,0.));
#2964 = DIRECTION('',(0.,0.,1.));
#2965 = DIRECTION('',(1.,0.,0.));
#2966 = ADVANCED_FACE('',(#2967),#2987,.T.);
#2967 = FACE_BOUND('',#2968,.T.);
#2968 = EDGE_LOOP('',(#2969,#2970,#2978,#2985,#2986));
#2969 = ORIENTED_EDGE('',*,*,#2955,.F.);
#2970 = ORIENTED_EDGE('',*,*,#2971,.T.);
#2971 = EDGE_CURVE('',#2722,#2972,#2974,.T.);
#2972 = VERTEX_POINT('',#2973);
#2973 = CARTESIAN_POINT('',(-7.,5.,-3.9));
#2974 = LINE('',#2975,#2976);
#2975 = CARTESIAN_POINT('',(-7.,5.,0.));
#2976 = VECTOR('',#2977,1.);
#2977 = DIRECTION('',(-0.,-0.,-1.));
#2978 = ORIENTED_EDGE('',*,*,#2979,.T.);
#2979 = EDGE_CURVE('',#2972,#2972,#2980,.T.);
#2980 = CIRCLE('',#2981,0.5);
#2981 = AXIS2_PLACEMENT_3D('',#2982,#2983,#2984);
#2982 = CARTESIAN_POINT('',(-7.5,5.,-3.9));
#2983 = DIRECTION('',(0.,0.,1.));
#2984 = DIRECTION('',(1.,0.,0.));
#2985 = ORIENTED_EDGE('',*,*,#2971,.F.);
#2986 = ORIENTED_EDGE('',*,*,#2794,.F.);
#2987 = CYLINDRICAL_SURFACE('',#2988,0.5);
#2988 = AXIS2_PLACEMENT_3D('',#2989,#2990,#2991);
#2989 = CARTESIAN_POINT('',(-7.5,5.,0.));
#2990 = DIRECTION('',(0.,0.,1.));
#2991 = DIRECTION('',(1.,0.,-0.));
#2992 = ADVANCED_FACE('',(#2993),#3013,.T.);
#2993 = FACE_BOUND('',#2994,.T.);
#2994 = EDGE_LOOP('',(#2995,#2996,#3004,#3011,#3012));
#2995 = ORIENTED_EDGE('',*,*,#2939,.F.);
#2996 = ORIENTED_EDGE('',*,*,#2997,.T.);
#2997 = EDGE_CURVE('',#2738,#2998,#3000,.T.);
#2998 = VERTEX_POINT('',#2999);
#2999 = CARTESIAN_POINT('',(0.5,5.,-3.9));
#3000 = LINE('',#3001,#3002);
#3001 = CARTESIAN_POINT('',(0.5,5.,0.));
#3002 = VECTOR('',#3003,1.);
#3003 = DIRECTION('',(-0.,-0.,-1.));
#3004 = ORIENTED_EDGE('',*,*,#3005,.T.);
#3005 = EDGE_CURVE('',#2998,#2998,#3006,.T.);
#3006 = CIRCLE('',#3007,0.5);
#3007 = AXIS2_PLACEMENT_3D('',#3008,#3009,#3010);
#3008 = CARTESIAN_POINT('',(-2.7E-16,5.,-3.9));
#3009 = DIRECTION('',(0.,0.,1.));
#3010 = DIRECTION('',(1.,0.,0.));
#3011 = ORIENTED_EDGE('',*,*,#2997,.F.);
#3012 = ORIENTED_EDGE('',*,*,#2786,.F.);
#3013 = CYLINDRICAL_SURFACE('',#3014,0.5);
#3014 = AXIS2_PLACEMENT_3D('',#3015,#3016,#3017);
#3015 = CARTESIAN_POINT('',(-2.7E-16,5.,0.));
#3016 = DIRECTION('',(0.,0.,1.));
#3017 = DIRECTION('',(1.,0.,-0.));
#3018 = ADVANCED_FACE('',(#3019),#3039,.T.);
#3019 = FACE_BOUND('',#3020,.T.);
#3020 = EDGE_LOOP('',(#3021,#3022,#3030,#3037,#3038));
#3021 = ORIENTED_EDGE('',*,*,#2923,.F.);
#3022 = ORIENTED_EDGE('',*,*,#3023,.T.);
#3023 = EDGE_CURVE('',#2754,#3024,#3026,.T.);
#3024 = VERTEX_POINT('',#3025);
#3025 = CARTESIAN_POINT('',(8.,5.,-3.9));
#3026 = LINE('',#3027,#3028);
#3027 = CARTESIAN_POINT('',(8.,5.,0.));
#3028 = VECTOR('',#3029,1.);
#3029 = DIRECTION('',(-0.,-0.,-1.));
#3030 = ORIENTED_EDGE('',*,*,#3031,.T.);
#3031 = EDGE_CURVE('',#3024,#3024,#3032,.T.);
#3032 = CIRCLE('',#3033,0.5);
#3033 = AXIS2_PLACEMENT_3D('',#3034,#3035,#3036);
#3034 = CARTESIAN_POINT('',(7.5,5.,-3.9));
#3035 = DIRECTION('',(0.,0.,1.));
#3036 = DIRECTION('',(1.,0.,0.));
#3037 = ORIENTED_EDGE('',*,*,#3023,.F.);
#3038 = ORIENTED_EDGE('',*,*,#2778,.F.);
#3039 = CYLINDRICAL_SURFACE('',#3040,0.5);
#3040 = AXIS2_PLACEMENT_3D('',#3041,#3042,#3043);
#3041 = CARTESIAN_POINT('',(7.5,5.,0.));
#3042 = DIRECTION('',(0.,0.,1.));
#3043 = DIRECTION('',(1.,0.,-0.));
#3044 = ADVANCED_FACE('',(#3045),#3064,.T.);
#3045 = FACE_BOUND('',#3046,.T.);
#3046 = EDGE_LOOP('',(#3047,#3055,#3062,#3063));
#3047 = ORIENTED_EDGE('',*,*,#3048,.T.);
#3048 = EDGE_CURVE('',#2811,#3049,#3051,.T.);
#3049 = VERTEX_POINT('',#3050);
#3050 = CARTESIAN_POINT('',(-4.5,-9.9,-3.9));
#3051 = LINE('',#3052,#3053);
#3052 = CARTESIAN_POINT('',(-4.5,-9.9,0.));
#3053 = VECTOR('',#3054,1.);
#3054 = DIRECTION('',(-0.,-0.,-1.));
#3055 = ORIENTED_EDGE('',*,*,#3056,.T.);
#3056 = EDGE_CURVE('',#3049,#3049,#3057,.T.);
#3057 = CIRCLE('',#3058,0.5);
#3058 = AXIS2_PLACEMENT_3D('',#3059,#3060,#3061);
#3059 = CARTESIAN_POINT('',(-5.,-9.9,-3.9));
#3060 = DIRECTION('',(0.,0.,1.));
#3061 = DIRECTION('',(1.,0.,0.));
#3062 = ORIENTED_EDGE('',*,*,#3048,.F.);
#3063 = ORIENTED_EDGE('',*,*,#2810,.F.);
#3064 = CYLINDRICAL_SURFACE('',#3065,0.5);
#3065 = AXIS2_PLACEMENT_3D('',#3066,#3067,#3068);
#3066 = CARTESIAN_POINT('',(-5.,-9.9,0.));
#3067 = DIRECTION('',(0.,0.,1.));
#3068 = DIRECTION('',(1.,0.,-0.));
#3069 = ADVANCED_FACE('',(#3070),#3089,.T.);
#3070 = FACE_BOUND('',#3071,.T.);
#3071 = EDGE_LOOP('',(#3072,#3080,#3087,#3088));
#3072 = ORIENTED_EDGE('',*,*,#3073,.T.);
#3073 = EDGE_CURVE('',#2822,#3074,#3076,.T.);
#3074 = VERTEX_POINT('',#3075);
#3075 = CARTESIAN_POINT('',(5.5,-9.9,-3.9));
#3076 = LINE('',#3077,#3078);
#3077 = CARTESIAN_POINT('',(5.5,-9.9,0.));
#3078 = VECTOR('',#3079,1.);
#3079 = DIRECTION('',(-0.,-0.,-1.));
#3080 = ORIENTED_EDGE('',*,*,#3081,.T.);
#3081 = EDGE_CURVE('',#3074,#3074,#3082,.T.);
#3082 = CIRCLE('',#3083,0.5);
#3083 = AXIS2_PLACEMENT_3D('',#3084,#3085,#3086);
#3084 = CARTESIAN_POINT('',(5.,-9.9,-3.9));
#3085 = DIRECTION('',(0.,0.,1.));
#3086 = DIRECTION('',(1.,0.,0.));
#3087 = ORIENTED_EDGE('',*,*,#3073,.F.);
#3088 = ORIENTED_EDGE('',*,*,#2821,.F.);
#3089 = CYLINDRICAL_SURFACE('',#3090,0.5);
#3090 = AXIS2_PLACEMENT_3D('',#3091,#3092,#3093);
#3091 = CARTESIAN_POINT('',(5.,-9.9,0.));
#3092 = DIRECTION('',(0.,0.,1.));
#3093 = DIRECTION('',(1.,0.,-0.));
#3094 = ADVANCED_FACE('',(#3095),#3114,.T.);
#3095 = FACE_BOUND('',#3096,.T.);
#3096 = EDGE_LOOP('',(#3097,#3105,#3112,#3113));
#3097 = ORIENTED_EDGE('',*,*,#3098,.T.);
#3098 = EDGE_CURVE('',#2833,#3099,#3101,.T.);
#3099 = VERTEX_POINT('',#3100);
#3100 = CARTESIAN_POINT('',(-7.,0.,-3.9));
#3101 = LINE('',#3102,#3103);
#3102 = CARTESIAN_POINT('',(-7.,0.,0.));
#3103 = VECTOR('',#3104,1.);
#3104 = DIRECTION('',(-0.,-0.,-1.));
#3105 = ORIENTED_EDGE('',*,*,#3106,.T.);
#3106 = EDGE_CURVE('',#3099,#3099,#3107,.T.);
#3107 = CIRCLE('',#3108,0.5);
#3108 = AXIS2_PLACEMENT_3D('',#3109,#3110,#3111);
#3109 = CARTESIAN_POINT('',(-7.5,0.,-3.9));
#3110 = DIRECTION('',(0.,0.,1.));
#3111 = DIRECTION('',(1.,0.,0.));
#3112 = ORIENTED_EDGE('',*,*,#3098,.F.);
#3113 = ORIENTED_EDGE('',*,*,#2832,.F.);
#3114 = CYLINDRICAL_SURFACE('',#3115,0.5);
#3115 = AXIS2_PLACEMENT_3D('',#3116,#3117,#3118);
#3116 = CARTESIAN_POINT('',(-7.5,0.,0.));
#3117 = DIRECTION('',(0.,0.,1.));
#3118 = DIRECTION('',(1.,0.,-0.));
#3119 = ADVANCED_FACE('',(#3120),#3139,.T.);
#3120 = FACE_BOUND('',#3121,.T.);
#3121 = EDGE_LOOP('',(#3122,#3130,#3137,#3138));
#3122 = ORIENTED_EDGE('',*,*,#3123,.T.);
#3123 = EDGE_CURVE('',#2844,#3124,#3126,.T.);
#3124 = VERTEX_POINT('',#3125);
#3125 = CARTESIAN_POINT('',(-4.5,2.5,-3.9));
#3126 = LINE('',#3127,#3128);
#3127 = CARTESIAN_POINT('',(-4.5,2.5,0.));
#3128 = VECTOR('',#3129,1.);
#3129 = DIRECTION('',(-0.,-0.,-1.));
#3130 = ORIENTED_EDGE('',*,*,#3131,.T.);
#3131 = EDGE_CURVE('',#3124,#3124,#3132,.T.);
#3132 = CIRCLE('',#3133,0.5);
#3133 = AXIS2_PLACEMENT_3D('',#3134,#3135,#3136);
#3134 = CARTESIAN_POINT('',(-5.,2.5,-3.9));
#3135 = DIRECTION('',(0.,0.,1.));
#3136 = DIRECTION('',(1.,0.,0.));
#3137 = ORIENTED_EDGE('',*,*,#3123,.F.);
#3138 = ORIENTED_EDGE('',*,*,#2843,.F.);
#3139 = CYLINDRICAL_SURFACE('',#3140,0.5);
#3140 = AXIS2_PLACEMENT_3D('',#3141,#3142,#3143);
#3141 = CARTESIAN_POINT('',(-5.,2.5,0.));
#3142 = DIRECTION('',(0.,0.,1.));
#3143 = DIRECTION('',(1.,0.,-0.));
#3144 = ADVANCED_FACE('',(#3145),#3164,.T.);
#3145 = FACE_BOUND('',#3146,.T.);
#3146 = EDGE_LOOP('',(#3147,#3155,#3162,#3163));
#3147 = ORIENTED_EDGE('',*,*,#3148,.T.);
#3148 = EDGE_CURVE('',#2855,#3149,#3151,.T.);
#3149 = VERTEX_POINT('',#3150);
#3150 = CARTESIAN_POINT('',(0.5,0.,-3.9));
#3151 = LINE('',#3152,#3153);
#3152 = CARTESIAN_POINT('',(0.5,0.,0.));
#3153 = VECTOR('',#3154,1.);
#3154 = DIRECTION('',(-0.,-0.,-1.));
#3155 = ORIENTED_EDGE('',*,*,#3156,.T.);
#3156 = EDGE_CURVE('',#3149,#3149,#3157,.T.);
#3157 = CIRCLE('',#3158,0.5);
#3158 = AXIS2_PLACEMENT_3D('',#3159,#3160,#3161);
#3159 = CARTESIAN_POINT('',(0.,0.,-3.9));
#3160 = DIRECTION('',(0.,0.,1.));
#3161 = DIRECTION('',(1.,0.,0.));
#3162 = ORIENTED_EDGE('',*,*,#3148,.F.);
#3163 = ORIENTED_EDGE('',*,*,#2854,.F.);
#3164 = CYLINDRICAL_SURFACE('',#3165,0.5);
#3165 = AXIS2_PLACEMENT_3D('',#3166,#3167,#3168);
#3166 = CARTESIAN_POINT('',(0.,0.,0.));
#3167 = DIRECTION('',(0.,0.,1.));
#3168 = DIRECTION('',(1.,0.,-0.));
#3169 = ADVANCED_FACE('',(#3170),#3189,.T.);
#3170 = FACE_BOUND('',#3171,.T.);
#3171 = EDGE_LOOP('',(#3172,#3180,#3187,#3188));
#3172 = ORIENTED_EDGE('',*,*,#3173,.T.);
#3173 = EDGE_CURVE('',#2866,#3174,#3176,.T.);
#3174 = VERTEX_POINT('',#3175);
#3175 = CARTESIAN_POINT('',(8.,0.,-3.9));
#3176 = LINE('',#3177,#3178);
#3177 = CARTESIAN_POINT('',(8.,0.,0.));
#3178 = VECTOR('',#3179,1.);
#3179 = DIRECTION('',(-0.,-0.,-1.));
#3180 = ORIENTED_EDGE('',*,*,#3181,.T.);
#3181 = EDGE_CURVE('',#3174,#3174,#3182,.T.);
#3182 = CIRCLE('',#3183,0.5);
#3183 = AXIS2_PLACEMENT_3D('',#3184,#3185,#3186);
#3184 = CARTESIAN_POINT('',(7.5,0.,-3.9));
#3185 = DIRECTION('',(0.,0.,1.));
#3186 = DIRECTION('',(1.,0.,0.));
#3187 = ORIENTED_EDGE('',*,*,#3173,.F.);
#3188 = ORIENTED_EDGE('',*,*,#2865,.F.);
#3189 = CYLINDRICAL_SURFACE('',#3190,0.5);
#3190 = AXIS2_PLACEMENT_3D('',#3191,#3192,#3193);
#3191 = CARTESIAN_POINT('',(7.5,0.,0.));
#3192 = DIRECTION('',(0.,0.,1.));
#3193 = DIRECTION('',(1.,0.,-0.));
#3194 = ADVANCED_FACE('',(#3195),#3214,.T.);
#3195 = FACE_BOUND('',#3196,.T.);
#3196 = EDGE_LOOP('',(#3197,#3205,#3212,#3213));
#3197 = ORIENTED_EDGE('',*,*,#3198,.T.);
#3198 = EDGE_CURVE('',#2877,#3199,#3201,.T.);
#3199 = VERTEX_POINT('',#3200);
#3200 = CARTESIAN_POINT('',(5.5,2.5,-3.9));
#3201 = LINE('',#3202,#3203);
#3202 = CARTESIAN_POINT('',(5.5,2.5,0.));
#3203 = VECTOR('',#3204,1.);
#3204 = DIRECTION('',(-0.,-0.,-1.));
#3205 = ORIENTED_EDGE('',*,*,#3206,.T.);
#3206 = EDGE_CURVE('',#3199,#3199,#3207,.T.);
#3207 = CIRCLE('',#3208,0.5);
#3208 = AXIS2_PLACEMENT_3D('',#3209,#3210,#3211);
#3209 = CARTESIAN_POINT('',(5.,2.5,-3.9));
#3210 = DIRECTION('',(0.,0.,1.));
#3211 = DIRECTION('',(1.,0.,0.));
#3212 = ORIENTED_EDGE('',*,*,#3198,.F.);
#3213 = ORIENTED_EDGE('',*,*,#2876,.F.);
#3214 = CYLINDRICAL_SURFACE('',#3215,0.5);
#3215 = AXIS2_PLACEMENT_3D('',#3216,#3217,#3218);
#3216 = CARTESIAN_POINT('',(5.,2.5,0.));
#3217 = DIRECTION('',(0.,0.,1.));
#3218 = DIRECTION('',(1.,0.,-0.));
#3219 = ADVANCED_FACE('',(#3220),#3223,.F.);
#3220 = FACE_BOUND('',#3221,.F.);
#3221 = EDGE_LOOP('',(#3222));
#3222 = ORIENTED_EDGE('',*,*,#2979,.T.);
#3223 = PLANE('',#3224);
#3224 = AXIS2_PLACEMENT_3D('',#3225,#3226,#3227);
#3225 = CARTESIAN_POINT('',(-3.4E-16,2.E-02,-3.9));
#3226 = DIRECTION('',(0.,0.,1.));
#3227 = DIRECTION('',(1.,0.,0.));
#3228 = ADVANCED_FACE('',(#3229),#3232,.F.);
#3229 = FACE_BOUND('',#3230,.F.);
#3230 = EDGE_LOOP('',(#3231));
#3231 = ORIENTED_EDGE('',*,*,#3005,.T.);
#3232 = PLANE('',#3233);
#3233 = AXIS2_PLACEMENT_3D('',#3234,#3235,#3236);
#3234 = CARTESIAN_POINT('',(-3.4E-16,2.E-02,-3.9));
#3235 = DIRECTION('',(0.,0.,1.));
#3236 = DIRECTION('',(1.,0.,0.));
#3237 = ADVANCED_FACE('',(#3238),#3241,.F.);
#3238 = FACE_BOUND('',#3239,.F.);
#3239 = EDGE_LOOP('',(#3240));
#3240 = ORIENTED_EDGE('',*,*,#3031,.T.);
#3241 = PLANE('',#3242);
#3242 = AXIS2_PLACEMENT_3D('',#3243,#3244,#3245);
#3243 = CARTESIAN_POINT('',(-3.4E-16,2.E-02,-3.9));
#3244 = DIRECTION('',(0.,0.,1.));
#3245 = DIRECTION('',(1.,0.,0.));
#3246 = ADVANCED_FACE('',(#3247),#3250,.F.);
#3247 = FACE_BOUND('',#3248,.F.);
#3248 = EDGE_LOOP('',(#3249));
#3249 = ORIENTED_EDGE('',*,*,#3056,.T.);
#3250 = PLANE('',#3251);
#3251 = AXIS2_PLACEMENT_3D('',#3252,#3253,#3254);
#3252 = CARTESIAN_POINT('',(-3.4E-16,2.E-02,-3.9));
#3253 = DIRECTION('',(0.,0.,1.));
#3254 = DIRECTION('',(1.,0.,0.));
#3255 = ADVANCED_FACE('',(#3256),#3259,.F.);
#3256 = FACE_BOUND('',#3257,.F.);
#3257 = EDGE_LOOP('',(#3258));
#3258 = ORIENTED_EDGE('',*,*,#3081,.T.);
#3259 = PLANE('',#3260);
#3260 = AXIS2_PLACEMENT_3D('',#3261,#3262,#3263);
#3261 = CARTESIAN_POINT('',(-3.4E-16,2.E-02,-3.9));
#3262 = DIRECTION('',(0.,0.,1.));
#3263 = DIRECTION('',(1.,0.,0.));
#3264 = ADVANCED_FACE('',(#3265),#3268,.F.);
#3265 = FACE_BOUND('',#3266,.F.);
#3266 = EDGE_LOOP('',(#3267));
#3267 = ORIENTED_EDGE('',*,*,#3106,.T.);
#3268 = PLANE('',#3269);
#3269 = AXIS2_PLACEMENT_3D('',#3270,#3271,#3272);
#3270 = CARTESIAN_POINT('',(-3.4E-16,2.E-02,-3.9));
#3271 = DIRECTION('',(0.,0.,1.));
#3272 = DIRECTION('',(1.,0.,0.));
#3273 = ADVANCED_FACE('',(#3274),#3277,.F.);
#3274 = FACE_BOUND('',#3275,.F.);
#3275 = EDGE_LOOP('',(#3276));
#3276 = ORIENTED_EDGE('',*,*,#3131,.T.);
#3277 = PLANE('',#3278);
#3278 = AXIS2_PLACEMENT_3D('',#3279,#3280,#3281);
#3279 = CARTESIAN_POINT('',(-3.4E-16,2.E-02,-3.9));
#3280 = DIRECTION('',(0.,0.,1.));
#3281 = DIRECTION('',(1.,0.,0.));
#3282 = ADVANCED_FACE('',(#3283),#3286,.F.);
#3283 = FACE_BOUND('',#3284,.F.);
#3284 = EDGE_LOOP('',(#3285));
#3285 = ORIENTED_EDGE('',*,*,#3156,.T.);
#3286 = PLANE('',#3287);
#3287 = AXIS2_PLACEMENT_3D('',#3288,#3289,#3290);
#3288 = CARTESIAN_POINT('',(-3.4E-16,2.E-02,-3.9));
#3289 = DIRECTION('',(0.,0.,1.));
#3290 = DIRECTION('',(1.,0.,0.));
#3291 = ADVANCED_FACE('',(#3292),#3295,.F.);
#3292 = FACE_BOUND('',#3293,.F.);
#3293 = EDGE_LOOP('',(#3294));
#3294 = ORIENTED_EDGE('',*,*,#3181,.T.);
#3295 = PLANE('',#3296);
#3296 = AXIS2_PLACEMENT_3D('',#3297,#3298,#3299);
#3297 = CARTESIAN_POINT('',(-3.4E-16,2.E-02,-3.9));
#3298 = DIRECTION('',(0.,0.,1.));
#3299 = DIRECTION('',(1.,0.,0.));
#3300 = ADVANCED_FACE('',(#3301),#3304,.F.);
#3301 = FACE_BOUND('',#3302,.F.);
#3302 = EDGE_LOOP('',(#3303));
#3303 = ORIENTED_EDGE('',*,*,#3206,.T.);
#3304 = PLANE('',#3305);
#3305 = AXIS2_PLACEMENT_3D('',#3306,#3307,#3308);
#3306 = CARTESIAN_POINT('',(-3.4E-16,2.E-02,-3.9));
#3307 = DIRECTION('',(0.,0.,1.));
#3308 = DIRECTION('',(1.,0.,0.));
#3309 = ( GEOMETRIC_REPRESENTATION_CONTEXT(3) 
GLOBAL_UNCERTAINTY_ASSIGNED_CONTEXT((#3313)) 
GLOBAL_UNIT_ASSIGNED_CONTEXT((#3310,#3311,#3312)) REPRESENTATION_CONTEXT
('Context #1','3D Context with UNIT and UNCERTAINTY') );
#3310 = ( LENGTH_UNIT() NAMED_UNIT(*) SI_UNIT(.MILLI.,.METRE.) );
#3311 = ( NAMED_UNIT(*) PLANE_ANGLE_UNIT() SI_UNIT($,.RADIAN.) );
#3312 = ( NAMED_UNIT(*) SI_UNIT($,.STERADIAN.) SOLID_ANGLE_UNIT() );
#3313 = UNCERTAINTY_MEASURE_WITH_UNIT(LENGTH_MEASURE(1.E-07),#3310,
  'distance_accuracy_value','confusion accuracy');
#3314 = CONTEXT_DEPENDENT_SHAPE_REPRESENTATION(#3315,#3317);
#3315 = ( REPRESENTATION_RELATIONSHIP('','',#2618,#10) 
REPRESENTATION_RELATIONSHIP_WITH_TRANSFORMATION(#3316) 
SHAPE_REPRESENTATION_RELATIONSHIP() );
#3316 = ITEM_DEFINED_TRANSFORMATION('','',#11,#19);
#3317 = PRODUCT_DEFINITION_SHAPE('Placement','Placement of an item',
  #3318);
#3318 = NEXT_ASSEMBLY_USAGE_OCCURRENCE('2','Pads','',#5,#2613,$);
#3319 = PRODUCT_RELATED_PRODUCT_CATEGORY('part',$,(#2615));
#3320 = MECHANICAL_DESIGN_GEOMETRIC_PRESENTATION_REPRESENTATION('',(
    #3321),#2600);
#3321 = STYLED_ITEM('color',(#3322),#37);
#3322 = PRESENTATION_STYLE_ASSIGNMENT((#3323,#3329));
#3323 = SURFACE_STYLE_USAGE(.BOTH.,#3324);
#3324 = SURFACE_SIDE_STYLE('',(#3325));
#3325 = SURFACE_STYLE_FILL_AREA(#3326);
#3326 = FILL_AREA_STYLE('',(#3327));
#3327 = FILL_AREA_STYLE_COLOUR('',#3328);
#3328 = COLOUR_RGB('',0.274509816483,0.274509816483,0.274509816483);
#3329 = CURVE_STYLE('',#3330,POSITIVE_LENGTH_MEASURE(0.1),#3331);
#3330 = DRAUGHTING_PRE_DEFINED_CURVE_FONT('continuous');
#3331 = COLOUR_RGB('',9.803921802644E-02,9.803921802644E-02,
  9.803921802644E-02);
#3332 = MECHANICAL_DESIGN_GEOMETRIC_PRESENTATION_REPRESENTATION('',(
    #3333),#3309);
#3333 = STYLED_ITEM('color',(#3334),#2619);
#3334 = PRESENTATION_STYLE_ASSIGNMENT((#3335,#3341));
#3335 = SURFACE_STYLE_USAGE(.BOTH.,#3336);
#3336 = SURFACE_SIDE_STYLE('',(#3337));
#3337 = SURFACE_STYLE_FILL_AREA(#3338);
#3338 = FILL_AREA_STYLE('',(#3339));
#3339 = FILL_AREA_STYLE_COLOUR('',#3340);
#3340 = COLOUR_RGB('',0.662745111292,0.662745111292,0.662745111292);
#3341 = CURVE_STYLE('',#3342,POSITIVE_LENGTH_MEASURE(0.1),#3331);
#3342 = DRAUGHTING_PRE_DEFINED_CURVE_FONT('continuous');
ENDSEC;
END-ISO-10303-21;
