ISO-10303-21;
HEADER;
FILE_DESCRIPTION(('FreeCAD Model'),'2;1');
FILE_NAME('Open CASCADE Shape Model','2025-12-27T11:05:42',(''),(''),
  'Open CASCADE STEP processor 7.8','FreeCAD','Unknown');
FILE_SCHEMA(('AUTOMOTIVE_DESIGN { 1 0 10303 214 1 1 1 1 }'));
ENDSEC;
DATA;
#1 = APPLICATION_PROTOCOL_DEFINITION('international standard',
  'automotive_design',2000,#2);
#2 = APPLICATION_CONTEXT(
  'core data for automotive mechanical design processes');
#3 = SHAPE_DEFINITION_REPRESENTATION(#4,#10);
#4 = PRODUCT_DEFINITION_SHAPE('','',#5);
#5 = PRODUCT_DEFINITION('design','',#6,#9);
#6 = PRODUCT_DEFINITION_FORMATION('','',#7);
#7 = PRODUCT('Unnamed1','Unnamed1','',(#8));
#8 = PRODUCT_CONTEXT('',#2,'mechanical');
#9 = PRODUCT_DEFINITION_CONTEXT('part definition',#2,'design');
#10 = SHAPE_REPRESENTATION('',(#11,#15,#19),#23);
#11 = AXIS2_PLACEMENT_3D('',#12,#13,#14);
#12 = CARTESIAN_POINT('',(0.,0.,0.));
#13 = DIRECTION('',(0.,0.,1.));
#14 = DIRECTION('',(1.,0.,-0.));
#15 = AXIS2_PLACEMENT_3D('',#16,#17,#18);
#16 = CARTESIAN_POINT('',(0.,0.,0.));
#17 = DIRECTION('',(0.,0.,1.));
#18 = DIRECTION('',(1.,0.,0.));
#19 = AXIS2_PLACEMENT_3D('',#20,#21,#22);
#20 = CARTESIAN_POINT('',(0.,0.,0.));
#21 = DIRECTION('',(0.,0.,1.));
#22 = DIRECTION('',(1.,0.,0.));
#23 = ( GEOMETRIC_REPRESENTATION_CONTEXT(3) 
GLOBAL_UNCERTAINTY_ASSIGNED_CONTEXT((#27)) GLOBAL_UNIT_ASSIGNED_CONTEXT(
(#24,#25,#26)) REPRESENTATION_CONTEXT('Context #1',
  '3D Context with UNIT and UNCERTAINTY') );
#24 = ( LENGTH_UNIT() NAMED_UNIT(*) SI_UNIT(.MILLI.,.METRE.) );
#25 = ( NAMED_UNIT(*) PLANE_ANGLE_UNIT() SI_UNIT($,.RADIAN.) );
#26 = ( NAMED_UNIT(*) SI_UNIT($,.STERADIAN.) SOLID_ANGLE_UNIT() );
#27 = UNCERTAINTY_MEASURE_WITH_UNIT(LENGTH_MEASURE(1.E-05),#24,
  'distance_accuracy_value','confusion accuracy');
#28 = PRODUCT_RELATED_PRODUCT_CATEGORY('part',$,(#7));
#29 = SHAPE_DEFINITION_REPRESENTATION(#30,#36);
#30 = PRODUCT_DEFINITION_SHAPE('','',#31);
#31 = PRODUCT_DEFINITION('design','',#32,#35);
#32 = PRODUCT_DEFINITION_FORMATION('','',#33);
#33 = PRODUCT('Pins','Pins','',(#34));
#34 = PRODUCT_CONTEXT('',#2,'mechanical');
#35 = PRODUCT_DEFINITION_CONTEXT('part definition',#2,'design');
#36 = ADVANCED_BREP_SHAPE_REPRESENTATION('',(#11,#37),#2437);
#37 = MANIFOLD_SOLID_BREP('',#38);
#38 = CLOSED_SHELL('',(#39,#79,#110,#141,#708,#725,#750,#775,#800,#825,
    #850,#875,#900,#925,#950,#975,#1000,#1025,#1050,#1075,#1100,#1125,
    #1150,#1175,#1200,#1225,#1250,#1275,#1300,#1325,#1350,#1375,#1400,
    #1425,#1450,#1475,#1500,#1525,#1550,#1575,#1600,#1625,#1650,#1675,
    #1700,#1725,#1750,#1775,#1800,#1825,#1850,#1875,#1900,#1925,#1950,
    #1975,#1984,#1993,#2002,#2011,#2020,#2029,#2038,#2047,#2056,#2065,
    #2074,#2083,#2092,#2101,#2110,#2119,#2128,#2137,#2146,#2155,#2164,
    #2173,#2182,#2191,#2200,#2209,#2218,#2227,#2236,#2245,#2254,#2263,
    #2272,#2281,#2290,#2299,#2308,#2317,#2326,#2335,#2344,#2353,#2362,
    #2371,#2380,#2389,#2398,#2407,#2416,#2425));
#39 = ADVANCED_FACE('',(#40),#74,.F.);
#40 = FACE_BOUND('',#41,.F.);
#41 = EDGE_LOOP('',(#42,#52,#60,#68));
#42 = ORIENTED_EDGE('',*,*,#43,.T.);
#43 = EDGE_CURVE('',#44,#46,#48,.T.);
#44 = VERTEX_POINT('',#45);
#45 = CARTESIAN_POINT('',(-32.5,-3.5,1.));
#46 = VERTEX_POINT('',#47);
#47 = CARTESIAN_POINT('',(-32.5,-3.5,1.1));
#48 = LINE('',#49,#50);
#49 = CARTESIAN_POINT('',(-32.5,-3.5,1.));
#50 = VECTOR('',#51,1.);
#51 = DIRECTION('',(0.,0.,1.));
#52 = ORIENTED_EDGE('',*,*,#53,.T.);
#53 = EDGE_CURVE('',#46,#54,#56,.T.);
#54 = VERTEX_POINT('',#55);
#55 = CARTESIAN_POINT('',(32.5,-3.5,1.1));
#56 = LINE('',#57,#58);
#57 = CARTESIAN_POINT('',(-32.5,-3.5,1.1));
#58 = VECTOR('',#59,1.);
#59 = DIRECTION('',(1.,0.,0.));
#60 = ORIENTED_EDGE('',*,*,#61,.F.);
#61 = EDGE_CURVE('',#62,#54,#64,.T.);
#62 = VERTEX_POINT('',#63);
#63 = CARTESIAN_POINT('',(32.5,-3.5,1.));
#64 = LINE('',#65,#66);
#65 = CARTESIAN_POINT('',(32.5,-3.5,1.));
#66 = VECTOR('',#67,1.);
#67 = DIRECTION('',(0.,0.,1.));
#68 = ORIENTED_EDGE('',*,*,#69,.F.);
#69 = EDGE_CURVE('',#44,#62,#70,.T.);
#70 = LINE('',#71,#72);
#71 = CARTESIAN_POINT('',(-32.5,-3.5,1.));
#72 = VECTOR('',#73,1.);
#73 = DIRECTION('',(1.,0.,0.));
#74 = PLANE('',#75);
#75 = AXIS2_PLACEMENT_3D('',#76,#77,#78);
#76 = CARTESIAN_POINT('',(-32.5,-3.5,1.));
#77 = DIRECTION('',(0.,1.,0.));
#78 = DIRECTION('',(1.,0.,0.));
#79 = ADVANCED_FACE('',(#80),#105,.F.);
#80 = FACE_BOUND('',#81,.F.);
#81 = EDGE_LOOP('',(#82,#92,#98,#99));
#82 = ORIENTED_EDGE('',*,*,#83,.T.);
#83 = EDGE_CURVE('',#84,#86,#88,.T.);
#84 = VERTEX_POINT('',#85);
#85 = CARTESIAN_POINT('',(-32.5,3.5,1.));
#86 = VERTEX_POINT('',#87);
#87 = CARTESIAN_POINT('',(-32.5,3.5,1.1));
#88 = LINE('',#89,#90);
#89 = CARTESIAN_POINT('',(-32.5,3.5,1.));
#90 = VECTOR('',#91,1.);
#91 = DIRECTION('',(0.,0.,1.));
#92 = ORIENTED_EDGE('',*,*,#93,.T.);
#93 = EDGE_CURVE('',#86,#46,#94,.T.);
#94 = LINE('',#95,#96);
#95 = CARTESIAN_POINT('',(-32.5,3.5,1.1));
#96 = VECTOR('',#97,1.);
#97 = DIRECTION('',(0.,-1.,0.));
#98 = ORIENTED_EDGE('',*,*,#43,.F.);
#99 = ORIENTED_EDGE('',*,*,#100,.F.);
#100 = EDGE_CURVE('',#84,#44,#101,.T.);
#101 = LINE('',#102,#103);
#102 = CARTESIAN_POINT('',(-32.5,3.5,1.));
#103 = VECTOR('',#104,1.);
#104 = DIRECTION('',(0.,-1.,0.));
#105 = PLANE('',#106);
#106 = AXIS2_PLACEMENT_3D('',#107,#108,#109);
#107 = CARTESIAN_POINT('',(-32.5,3.5,1.));
#108 = DIRECTION('',(1.,0.,0.));
#109 = DIRECTION('',(0.,-1.,0.));
#110 = ADVANCED_FACE('',(#111),#136,.F.);
#111 = FACE_BOUND('',#112,.F.);
#112 = EDGE_LOOP('',(#113,#114,#122,#130));
#113 = ORIENTED_EDGE('',*,*,#61,.T.);
#114 = ORIENTED_EDGE('',*,*,#115,.T.);
#115 = EDGE_CURVE('',#54,#116,#118,.T.);
#116 = VERTEX_POINT('',#117);
#117 = CARTESIAN_POINT('',(32.5,3.5,1.1));
#118 = LINE('',#119,#120);
#119 = CARTESIAN_POINT('',(32.5,-3.5,1.1));
#120 = VECTOR('',#121,1.);
#121 = DIRECTION('',(0.,1.,0.));
#122 = ORIENTED_EDGE('',*,*,#123,.F.);
#123 = EDGE_CURVE('',#124,#116,#126,.T.);
#124 = VERTEX_POINT('',#125);
#125 = CARTESIAN_POINT('',(32.5,3.5,1.));
#126 = LINE('',#127,#128);
#127 = CARTESIAN_POINT('',(32.5,3.5,1.));
#128 = VECTOR('',#129,1.);
#129 = DIRECTION('',(0.,0.,1.));
#130 = ORIENTED_EDGE('',*,*,#131,.F.);
#131 = EDGE_CURVE('',#62,#124,#132,.T.);
#132 = LINE('',#133,#134);
#133 = CARTESIAN_POINT('',(32.5,-3.5,1.));
#134 = VECTOR('',#135,1.);
#135 = DIRECTION('',(0.,1.,0.));
#136 = PLANE('',#137);
#137 = AXIS2_PLACEMENT_3D('',#138,#139,#140);
#138 = CARTESIAN_POINT('',(32.5,-3.5,1.));
#139 = DIRECTION('',(-1.,0.,0.));
#140 = DIRECTION('',(0.,1.,0.));
#141 = ADVANCED_FACE('',(#142,#153,#164,#175,#186,#197,#208,#219,#230,
    #241,#252,#263,#274,#285,#296,#307,#318,#329,#340,#351,#362,#373,
    #384,#395,#406,#417,#428,#439,#450,#461,#472,#483,#494,#505,#516,
    #527,#538,#549,#560,#571,#582,#593,#604,#615,#626,#637,#648,#659,
    #670,#681,#692),#703,.F.);
#142 = FACE_BOUND('',#143,.F.);
#143 = EDGE_LOOP('',(#144,#145,#146,#152));
#144 = ORIENTED_EDGE('',*,*,#69,.T.);
#145 = ORIENTED_EDGE('',*,*,#131,.T.);
#146 = ORIENTED_EDGE('',*,*,#147,.T.);
#147 = EDGE_CURVE('',#124,#84,#148,.T.);
#148 = LINE('',#149,#150);
#149 = CARTESIAN_POINT('',(32.5,3.5,1.));
#150 = VECTOR('',#151,1.);
#151 = DIRECTION('',(-1.,0.,0.));
#152 = ORIENTED_EDGE('',*,*,#100,.T.);
#153 = FACE_BOUND('',#154,.F.);
#154 = EDGE_LOOP('',(#155));
#155 = ORIENTED_EDGE('',*,*,#156,.F.);
#156 = EDGE_CURVE('',#157,#157,#159,.T.);
#157 = VERTEX_POINT('',#158);
#158 = CARTESIAN_POINT('',(-29.98000000135,-2.54,1.));
#159 = CIRCLE('',#160,0.5);
#160 = AXIS2_PLACEMENT_3D('',#161,#162,#163);
#161 = CARTESIAN_POINT('',(-30.48000000135,-2.54,1.));
#162 = DIRECTION('',(0.,0.,1.));
#163 = DIRECTION('',(1.,0.,0.));
#164 = FACE_BOUND('',#165,.F.);
#165 = EDGE_LOOP('',(#166));
#166 = ORIENTED_EDGE('',*,*,#167,.F.);
#167 = EDGE_CURVE('',#168,#168,#170,.T.);
#168 = VERTEX_POINT('',#169);
#169 = CARTESIAN_POINT('',(-27.44000000106,-2.54,1.));
#170 = CIRCLE('',#171,0.5);
#171 = AXIS2_PLACEMENT_3D('',#172,#173,#174);
#172 = CARTESIAN_POINT('',(-27.94000000106,-2.54,1.));
#173 = DIRECTION('',(0.,0.,1.));
#174 = DIRECTION('',(1.,0.,0.));
#175 = FACE_BOUND('',#176,.F.);
#176 = EDGE_LOOP('',(#177));
#177 = ORIENTED_EDGE('',*,*,#178,.F.);
#178 = EDGE_CURVE('',#179,#179,#181,.T.);
#179 = VERTEX_POINT('',#180);
#180 = CARTESIAN_POINT('',(-24.9000000008,-2.54,1.));
#181 = CIRCLE('',#182,0.5);
#182 = AXIS2_PLACEMENT_3D('',#183,#184,#185);
#183 = CARTESIAN_POINT('',(-25.4000000008,-2.54,1.));
#184 = DIRECTION('',(0.,0.,1.));
#185 = DIRECTION('',(1.,0.,0.));
#186 = FACE_BOUND('',#187,.F.);
#187 = EDGE_LOOP('',(#188));
#188 = ORIENTED_EDGE('',*,*,#189,.F.);
#189 = EDGE_CURVE('',#190,#190,#192,.T.);
#190 = VERTEX_POINT('',#191);
#191 = CARTESIAN_POINT('',(-22.36000000057,-2.54,1.));
#192 = CIRCLE('',#193,0.5);
#193 = AXIS2_PLACEMENT_3D('',#194,#195,#196);
#194 = CARTESIAN_POINT('',(-22.86000000057,-2.54,1.));
#195 = DIRECTION('',(0.,0.,1.));
#196 = DIRECTION('',(1.,0.,0.));
#197 = FACE_BOUND('',#198,.F.);
#198 = EDGE_LOOP('',(#199));
#199 = ORIENTED_EDGE('',*,*,#200,.F.);
#200 = EDGE_CURVE('',#201,#201,#203,.T.);
#201 = VERTEX_POINT('',#202);
#202 = CARTESIAN_POINT('',(-19.82000000038,-2.54,1.));
#203 = CIRCLE('',#204,0.5);
#204 = AXIS2_PLACEMENT_3D('',#205,#206,#207);
#205 = CARTESIAN_POINT('',(-20.32000000038,-2.54,1.));
#206 = DIRECTION('',(0.,0.,1.));
#207 = DIRECTION('',(1.,0.,0.));
#208 = FACE_BOUND('',#209,.F.);
#209 = EDGE_LOOP('',(#210));
#210 = ORIENTED_EDGE('',*,*,#211,.F.);
#211 = EDGE_CURVE('',#212,#212,#214,.T.);
#212 = VERTEX_POINT('',#213);
#213 = CARTESIAN_POINT('',(-17.28000000022,-2.54,1.));
#214 = CIRCLE('',#215,0.5);
#215 = AXIS2_PLACEMENT_3D('',#216,#217,#218);
#216 = CARTESIAN_POINT('',(-17.78000000022,-2.54,1.));
#217 = DIRECTION('',(0.,0.,1.));
#218 = DIRECTION('',(1.,0.,0.));
#219 = FACE_BOUND('',#220,.F.);
#220 = EDGE_LOOP('',(#221));
#221 = ORIENTED_EDGE('',*,*,#222,.F.);
#222 = EDGE_CURVE('',#223,#223,#225,.T.);
#223 = VERTEX_POINT('',#224);
#224 = CARTESIAN_POINT('',(-14.74000000009,-2.54,1.));
#225 = CIRCLE('',#226,0.5);
#226 = AXIS2_PLACEMENT_3D('',#227,#228,#229);
#227 = CARTESIAN_POINT('',(-15.24000000009,-2.54,1.));
#228 = DIRECTION('',(0.,0.,1.));
#229 = DIRECTION('',(1.,0.,0.));
#230 = FACE_BOUND('',#231,.F.);
#231 = EDGE_LOOP('',(#232));
#232 = ORIENTED_EDGE('',*,*,#233,.F.);
#233 = EDGE_CURVE('',#234,#234,#236,.T.);
#234 = VERTEX_POINT('',#235);
#235 = CARTESIAN_POINT('',(-12.2,-2.54,1.));
#236 = CIRCLE('',#237,0.5);
#237 = AXIS2_PLACEMENT_3D('',#238,#239,#240);
#238 = CARTESIAN_POINT('',(-12.7,-2.54,1.));
#239 = DIRECTION('',(0.,0.,1.));
#240 = DIRECTION('',(1.,0.,0.));
#241 = FACE_BOUND('',#242,.F.);
#242 = EDGE_LOOP('',(#243));
#243 = ORIENTED_EDGE('',*,*,#244,.F.);
#244 = EDGE_CURVE('',#245,#245,#247,.T.);
#245 = VERTEX_POINT('',#246);
#246 = CARTESIAN_POINT('',(-9.659999999936,-2.54,1.));
#247 = CIRCLE('',#248,0.5);
#248 = AXIS2_PLACEMENT_3D('',#249,#250,#251);
#249 = CARTESIAN_POINT('',(-10.15999999993,-2.54,1.));
#250 = DIRECTION('',(0.,0.,1.));
#251 = DIRECTION('',(1.,0.,0.));
#252 = FACE_BOUND('',#253,.F.);
#253 = EDGE_LOOP('',(#254));
#254 = ORIENTED_EDGE('',*,*,#255,.F.);
#255 = EDGE_CURVE('',#256,#256,#258,.T.);
#256 = VERTEX_POINT('',#257);
#257 = CARTESIAN_POINT('',(-7.119999999904,-2.54,1.));
#258 = CIRCLE('',#259,0.5);
#259 = AXIS2_PLACEMENT_3D('',#260,#261,#262);
#260 = CARTESIAN_POINT('',(-7.619999999904,-2.54,1.));
#261 = DIRECTION('',(0.,0.,1.));
#262 = DIRECTION('',(1.,0.,0.));
#263 = FACE_BOUND('',#264,.F.);
#264 = EDGE_LOOP('',(#265));
#265 = ORIENTED_EDGE('',*,*,#266,.F.);
#266 = EDGE_CURVE('',#267,#267,#269,.T.);
#267 = VERTEX_POINT('',#268);
#268 = CARTESIAN_POINT('',(-4.579999999904,-2.54,1.));
#269 = CIRCLE('',#270,0.5);
#270 = AXIS2_PLACEMENT_3D('',#271,#272,#273);
#271 = CARTESIAN_POINT('',(-5.079999999904,-2.54,1.));
#272 = DIRECTION('',(0.,0.,1.));
#273 = DIRECTION('',(1.,0.,0.));
#274 = FACE_BOUND('',#275,.F.);
#275 = EDGE_LOOP('',(#276));
#276 = ORIENTED_EDGE('',*,*,#277,.F.);
#277 = EDGE_CURVE('',#278,#278,#280,.T.);
#278 = VERTEX_POINT('',#279);
#279 = CARTESIAN_POINT('',(-2.039999999968,-2.54,1.));
#280 = CIRCLE('',#281,0.5);
#281 = AXIS2_PLACEMENT_3D('',#282,#283,#284);
#282 = CARTESIAN_POINT('',(-2.539999999968,-2.54,1.));
#283 = DIRECTION('',(0.,0.,1.));
#284 = DIRECTION('',(1.,0.,0.));
#285 = FACE_BOUND('',#286,.F.);
#286 = EDGE_LOOP('',(#287));
#287 = ORIENTED_EDGE('',*,*,#288,.F.);
#288 = EDGE_CURVE('',#289,#289,#291,.T.);
#289 = VERTEX_POINT('',#290);
#290 = CARTESIAN_POINT('',(0.5,-2.54,1.));
#291 = CIRCLE('',#292,0.5);
#292 = AXIS2_PLACEMENT_3D('',#293,#294,#295);
#293 = CARTESIAN_POINT('',(0.,-2.54,1.));
#294 = DIRECTION('',(0.,0.,1.));
#295 = DIRECTION('',(1.,0.,0.));
#296 = FACE_BOUND('',#297,.F.);
#297 = EDGE_LOOP('',(#298));
#298 = ORIENTED_EDGE('',*,*,#299,.F.);
#299 = EDGE_CURVE('',#300,#300,#302,.T.);
#300 = VERTEX_POINT('',#301);
#301 = CARTESIAN_POINT('',(3.039999999871,-2.54,1.));
#302 = CIRCLE('',#303,0.5);
#303 = AXIS2_PLACEMENT_3D('',#304,#305,#306);
#304 = CARTESIAN_POINT('',(2.539999999871,-2.54,1.));
#305 = DIRECTION('',(0.,0.,1.));
#306 = DIRECTION('',(1.,0.,0.));
#307 = FACE_BOUND('',#308,.F.);
#308 = EDGE_LOOP('',(#309));
#309 = ORIENTED_EDGE('',*,*,#310,.F.);
#310 = EDGE_CURVE('',#311,#311,#313,.T.);
#311 = VERTEX_POINT('',#312);
#312 = CARTESIAN_POINT('',(5.579999999775,-2.54,1.));
#313 = CIRCLE('',#314,0.5);
#314 = AXIS2_PLACEMENT_3D('',#315,#316,#317);
#315 = CARTESIAN_POINT('',(5.079999999775,-2.54,1.));
#316 = DIRECTION('',(0.,0.,1.));
#317 = DIRECTION('',(1.,0.,0.));
#318 = FACE_BOUND('',#319,.F.);
#319 = EDGE_LOOP('',(#320));
#320 = ORIENTED_EDGE('',*,*,#321,.F.);
#321 = EDGE_CURVE('',#322,#322,#324,.T.);
#322 = VERTEX_POINT('',#323);
#323 = CARTESIAN_POINT('',(8.119999999711,-2.54,1.));
#324 = CIRCLE('',#325,0.5);
#325 = AXIS2_PLACEMENT_3D('',#326,#327,#328);
#326 = CARTESIAN_POINT('',(7.619999999711,-2.54,1.));
#327 = DIRECTION('',(0.,0.,1.));
#328 = DIRECTION('',(1.,0.,0.));
#329 = FACE_BOUND('',#330,.F.);
#330 = EDGE_LOOP('',(#331));
#331 = ORIENTED_EDGE('',*,*,#332,.F.);
#332 = EDGE_CURVE('',#333,#333,#335,.T.);
#333 = VERTEX_POINT('',#334);
#334 = CARTESIAN_POINT('',(10.659999999711,-2.54,1.));
#335 = CIRCLE('',#336,0.5);
#336 = AXIS2_PLACEMENT_3D('',#337,#338,#339);
#337 = CARTESIAN_POINT('',(10.159999999711,-2.54,1.));
#338 = DIRECTION('',(0.,0.,1.));
#339 = DIRECTION('',(1.,0.,0.));
#340 = FACE_BOUND('',#341,.F.);
#341 = EDGE_LOOP('',(#342));
#342 = ORIENTED_EDGE('',*,*,#343,.F.);
#343 = EDGE_CURVE('',#344,#344,#346,.T.);
#344 = VERTEX_POINT('',#345);
#345 = CARTESIAN_POINT('',(13.199999999743,-2.54,1.));
#346 = CIRCLE('',#347,0.5);
#347 = AXIS2_PLACEMENT_3D('',#348,#349,#350);
#348 = CARTESIAN_POINT('',(12.699999999743,-2.54,1.));
#349 = DIRECTION('',(0.,0.,1.));
#350 = DIRECTION('',(1.,0.,0.));
#351 = FACE_BOUND('',#352,.F.);
#352 = EDGE_LOOP('',(#353));
#353 = ORIENTED_EDGE('',*,*,#354,.F.);
#354 = EDGE_CURVE('',#355,#355,#357,.T.);
#355 = VERTEX_POINT('',#356);
#356 = CARTESIAN_POINT('',(15.739999999807,-2.54,1.));
#357 = CIRCLE('',#358,0.5);
#358 = AXIS2_PLACEMENT_3D('',#359,#360,#361);
#359 = CARTESIAN_POINT('',(15.239999999807,-2.54,1.));
#360 = DIRECTION('',(0.,0.,1.));
#361 = DIRECTION('',(1.,0.,0.));
#362 = FACE_BOUND('',#363,.F.);
#363 = EDGE_LOOP('',(#364));
#364 = ORIENTED_EDGE('',*,*,#365,.F.);
#365 = EDGE_CURVE('',#366,#366,#368,.T.);
#366 = VERTEX_POINT('',#367);
#367 = CARTESIAN_POINT('',(18.279999999904,-2.54,1.));
#368 = CIRCLE('',#369,0.5);
#369 = AXIS2_PLACEMENT_3D('',#370,#371,#372);
#370 = CARTESIAN_POINT('',(17.779999999904,-2.54,1.));
#371 = DIRECTION('',(0.,0.,1.));
#372 = DIRECTION('',(1.,0.,0.));
#373 = FACE_BOUND('',#374,.F.);
#374 = EDGE_LOOP('',(#375));
#375 = ORIENTED_EDGE('',*,*,#376,.F.);
#376 = EDGE_CURVE('',#377,#377,#379,.T.);
#377 = VERTEX_POINT('',#378);
#378 = CARTESIAN_POINT('',(20.820000000032,-2.54,1.));
#379 = CIRCLE('',#380,0.5);
#380 = AXIS2_PLACEMENT_3D('',#381,#382,#383);
#381 = CARTESIAN_POINT('',(20.320000000032,-2.54,1.));
#382 = DIRECTION('',(0.,0.,1.));
#383 = DIRECTION('',(1.,0.,0.));
#384 = FACE_BOUND('',#385,.F.);
#385 = EDGE_LOOP('',(#386));
#386 = ORIENTED_EDGE('',*,*,#387,.F.);
#387 = EDGE_CURVE('',#388,#388,#390,.T.);
#388 = VERTEX_POINT('',#389);
#389 = CARTESIAN_POINT('',(23.360000000193,-2.54,1.));
#390 = CIRCLE('',#391,0.5);
#391 = AXIS2_PLACEMENT_3D('',#392,#393,#394);
#392 = CARTESIAN_POINT('',(22.860000000193,-2.54,1.));
#393 = DIRECTION('',(0.,0.,1.));
#394 = DIRECTION('',(1.,0.,0.));
#395 = FACE_BOUND('',#396,.F.);
#396 = EDGE_LOOP('',(#397));
#397 = ORIENTED_EDGE('',*,*,#398,.F.);
#398 = EDGE_CURVE('',#399,#399,#401,.T.);
#399 = VERTEX_POINT('',#400);
#400 = CARTESIAN_POINT('',(25.900000000386,-2.54,1.));
#401 = CIRCLE('',#402,0.5);
#402 = AXIS2_PLACEMENT_3D('',#403,#404,#405);
#403 = CARTESIAN_POINT('',(25.400000000386,-2.54,1.));
#404 = DIRECTION('',(0.,0.,1.));
#405 = DIRECTION('',(1.,0.,0.));
#406 = FACE_BOUND('',#407,.F.);
#407 = EDGE_LOOP('',(#408));
#408 = ORIENTED_EDGE('',*,*,#409,.F.);
#409 = EDGE_CURVE('',#410,#410,#412,.T.);
#410 = VERTEX_POINT('',#411);
#411 = CARTESIAN_POINT('',(28.440000000611,-2.54,1.));
#412 = CIRCLE('',#413,0.5);
#413 = AXIS2_PLACEMENT_3D('',#414,#415,#416);
#414 = CARTESIAN_POINT('',(27.940000000611,-2.54,1.));
#415 = DIRECTION('',(0.,0.,1.));
#416 = DIRECTION('',(1.,0.,0.));
#417 = FACE_BOUND('',#418,.F.);
#418 = EDGE_LOOP('',(#419));
#419 = ORIENTED_EDGE('',*,*,#420,.F.);
#420 = EDGE_CURVE('',#421,#421,#423,.T.);
#421 = VERTEX_POINT('',#422);
#422 = CARTESIAN_POINT('',(30.980000000868,-2.54,1.));
#423 = CIRCLE('',#424,0.5);
#424 = AXIS2_PLACEMENT_3D('',#425,#426,#427);
#425 = CARTESIAN_POINT('',(30.480000000868,-2.54,1.));
#426 = DIRECTION('',(0.,0.,1.));
#427 = DIRECTION('',(1.,0.,0.));
#428 = FACE_BOUND('',#429,.F.);
#429 = EDGE_LOOP('',(#430));
#430 = ORIENTED_EDGE('',*,*,#431,.F.);
#431 = EDGE_CURVE('',#432,#432,#434,.T.);
#432 = VERTEX_POINT('',#433);
#433 = CARTESIAN_POINT('',(-29.98,2.54,1.));
#434 = CIRCLE('',#435,0.5);
#435 = AXIS2_PLACEMENT_3D('',#436,#437,#438);
#436 = CARTESIAN_POINT('',(-30.48,2.54,1.));
#437 = DIRECTION('',(0.,0.,1.));
#438 = DIRECTION('',(1.,0.,0.));
#439 = FACE_BOUND('',#440,.F.);
#440 = EDGE_LOOP('',(#441));
#441 = ORIENTED_EDGE('',*,*,#442,.F.);
#442 = EDGE_CURVE('',#443,#443,#445,.T.);
#443 = VERTEX_POINT('',#444);
#444 = CARTESIAN_POINT('',(-27.44,2.54,1.));
#445 = CIRCLE('',#446,0.5);
#446 = AXIS2_PLACEMENT_3D('',#447,#448,#449);
#447 = CARTESIAN_POINT('',(-27.94,2.54,1.));
#448 = DIRECTION('',(0.,0.,1.));
#449 = DIRECTION('',(1.,0.,0.));
#450 = FACE_BOUND('',#451,.F.);
#451 = EDGE_LOOP('',(#452));
#452 = ORIENTED_EDGE('',*,*,#453,.F.);
#453 = EDGE_CURVE('',#454,#454,#456,.T.);
#454 = VERTEX_POINT('',#455);
#455 = CARTESIAN_POINT('',(-24.9,2.54,1.));
#456 = CIRCLE('',#457,0.5);
#457 = AXIS2_PLACEMENT_3D('',#458,#459,#460);
#458 = CARTESIAN_POINT('',(-25.4,2.54,1.));
#459 = DIRECTION('',(0.,0.,1.));
#460 = DIRECTION('',(1.,0.,0.));
#461 = FACE_BOUND('',#462,.F.);
#462 = EDGE_LOOP('',(#463));
#463 = ORIENTED_EDGE('',*,*,#464,.F.);
#464 = EDGE_CURVE('',#465,#465,#467,.T.);
#465 = VERTEX_POINT('',#466);
#466 = CARTESIAN_POINT('',(-22.36,2.54,1.));
#467 = CIRCLE('',#468,0.5);
#468 = AXIS2_PLACEMENT_3D('',#469,#470,#471);
#469 = CARTESIAN_POINT('',(-22.86,2.54,1.));
#470 = DIRECTION('',(0.,0.,1.));
#471 = DIRECTION('',(1.,0.,0.));
#472 = FACE_BOUND('',#473,.F.);
#473 = EDGE_LOOP('',(#474));
#474 = ORIENTED_EDGE('',*,*,#475,.F.);
#475 = EDGE_CURVE('',#476,#476,#478,.T.);
#476 = VERTEX_POINT('',#477);
#477 = CARTESIAN_POINT('',(-19.82,2.54,1.));
#478 = CIRCLE('',#479,0.5);
#479 = AXIS2_PLACEMENT_3D('',#480,#481,#482);
#480 = CARTESIAN_POINT('',(-20.32,2.54,1.));
#481 = DIRECTION('',(0.,0.,1.));
#482 = DIRECTION('',(1.,0.,0.));
#483 = FACE_BOUND('',#484,.F.);
#484 = EDGE_LOOP('',(#485));
#485 = ORIENTED_EDGE('',*,*,#486,.F.);
#486 = EDGE_CURVE('',#487,#487,#489,.T.);
#487 = VERTEX_POINT('',#488);
#488 = CARTESIAN_POINT('',(-17.28,2.54,1.));
#489 = CIRCLE('',#490,0.5);
#490 = AXIS2_PLACEMENT_3D('',#491,#492,#493);
#491 = CARTESIAN_POINT('',(-17.78,2.54,1.));
#492 = DIRECTION('',(0.,0.,1.));
#493 = DIRECTION('',(1.,0.,0.));
#494 = FACE_BOUND('',#495,.F.);
#495 = EDGE_LOOP('',(#496));
#496 = ORIENTED_EDGE('',*,*,#497,.F.);
#497 = EDGE_CURVE('',#498,#498,#500,.T.);
#498 = VERTEX_POINT('',#499);
#499 = CARTESIAN_POINT('',(-14.74,2.54,1.));
#500 = CIRCLE('',#501,0.5);
#501 = AXIS2_PLACEMENT_3D('',#502,#503,#504);
#502 = CARTESIAN_POINT('',(-15.24,2.54,1.));
#503 = DIRECTION('',(0.,0.,1.));
#504 = DIRECTION('',(1.,0.,0.));
#505 = FACE_BOUND('',#506,.F.);
#506 = EDGE_LOOP('',(#507));
#507 = ORIENTED_EDGE('',*,*,#508,.F.);
#508 = EDGE_CURVE('',#509,#509,#511,.T.);
#509 = VERTEX_POINT('',#510);
#510 = CARTESIAN_POINT('',(-12.2,2.54,1.));
#511 = CIRCLE('',#512,0.5);
#512 = AXIS2_PLACEMENT_3D('',#513,#514,#515);
#513 = CARTESIAN_POINT('',(-12.7,2.54,1.));
#514 = DIRECTION('',(0.,0.,1.));
#515 = DIRECTION('',(1.,0.,0.));
#516 = FACE_BOUND('',#517,.F.);
#517 = EDGE_LOOP('',(#518));
#518 = ORIENTED_EDGE('',*,*,#519,.F.);
#519 = EDGE_CURVE('',#520,#520,#522,.T.);
#520 = VERTEX_POINT('',#521);
#521 = CARTESIAN_POINT('',(-9.66,2.54,1.));
#522 = CIRCLE('',#523,0.5);
#523 = AXIS2_PLACEMENT_3D('',#524,#525,#526);
#524 = CARTESIAN_POINT('',(-10.16,2.54,1.));
#525 = DIRECTION('',(0.,0.,1.));
#526 = DIRECTION('',(1.,0.,0.));
#527 = FACE_BOUND('',#528,.F.);
#528 = EDGE_LOOP('',(#529));
#529 = ORIENTED_EDGE('',*,*,#530,.F.);
#530 = EDGE_CURVE('',#531,#531,#533,.T.);
#531 = VERTEX_POINT('',#532);
#532 = CARTESIAN_POINT('',(-7.12,2.54,1.));
#533 = CIRCLE('',#534,0.5);
#534 = AXIS2_PLACEMENT_3D('',#535,#536,#537);
#535 = CARTESIAN_POINT('',(-7.62,2.54,1.));
#536 = DIRECTION('',(0.,0.,1.));
#537 = DIRECTION('',(1.,0.,0.));
#538 = FACE_BOUND('',#539,.F.);
#539 = EDGE_LOOP('',(#540));
#540 = ORIENTED_EDGE('',*,*,#541,.F.);
#541 = EDGE_CURVE('',#542,#542,#544,.T.);
#542 = VERTEX_POINT('',#543);
#543 = CARTESIAN_POINT('',(-4.58,2.54,1.));
#544 = CIRCLE('',#545,0.5);
#545 = AXIS2_PLACEMENT_3D('',#546,#547,#548);
#546 = CARTESIAN_POINT('',(-5.08,2.54,1.));
#547 = DIRECTION('',(0.,0.,1.));
#548 = DIRECTION('',(1.,0.,0.));
#549 = FACE_BOUND('',#550,.F.);
#550 = EDGE_LOOP('',(#551));
#551 = ORIENTED_EDGE('',*,*,#552,.F.);
#552 = EDGE_CURVE('',#553,#553,#555,.T.);
#553 = VERTEX_POINT('',#554);
#554 = CARTESIAN_POINT('',(-2.04,2.54,1.));
#555 = CIRCLE('',#556,0.5);
#556 = AXIS2_PLACEMENT_3D('',#557,#558,#559);
#557 = CARTESIAN_POINT('',(-2.54,2.54,1.));
#558 = DIRECTION('',(0.,0.,1.));
#559 = DIRECTION('',(1.,0.,0.));
#560 = FACE_BOUND('',#561,.F.);
#561 = EDGE_LOOP('',(#562));
#562 = ORIENTED_EDGE('',*,*,#563,.F.);
#563 = EDGE_CURVE('',#564,#564,#566,.T.);
#564 = VERTEX_POINT('',#565);
#565 = CARTESIAN_POINT('',(0.5,2.54,1.));
#566 = CIRCLE('',#567,0.5);
#567 = AXIS2_PLACEMENT_3D('',#568,#569,#570);
#568 = CARTESIAN_POINT('',(0.,2.54,1.));
#569 = DIRECTION('',(0.,0.,1.));
#570 = DIRECTION('',(1.,0.,0.));
#571 = FACE_BOUND('',#572,.F.);
#572 = EDGE_LOOP('',(#573));
#573 = ORIENTED_EDGE('',*,*,#574,.F.);
#574 = EDGE_CURVE('',#575,#575,#577,.T.);
#575 = VERTEX_POINT('',#576);
#576 = CARTESIAN_POINT('',(3.04,2.54,1.));
#577 = CIRCLE('',#578,0.5);
#578 = AXIS2_PLACEMENT_3D('',#579,#580,#581);
#579 = CARTESIAN_POINT('',(2.54,2.54,1.));
#580 = DIRECTION('',(0.,0.,1.));
#581 = DIRECTION('',(1.,0.,0.));
#582 = FACE_BOUND('',#583,.F.);
#583 = EDGE_LOOP('',(#584));
#584 = ORIENTED_EDGE('',*,*,#585,.F.);
#585 = EDGE_CURVE('',#586,#586,#588,.T.);
#586 = VERTEX_POINT('',#587);
#587 = CARTESIAN_POINT('',(5.58,2.54,1.));
#588 = CIRCLE('',#589,0.5);
#589 = AXIS2_PLACEMENT_3D('',#590,#591,#592);
#590 = CARTESIAN_POINT('',(5.08,2.54,1.));
#591 = DIRECTION('',(0.,0.,1.));
#592 = DIRECTION('',(1.,0.,0.));
#593 = FACE_BOUND('',#594,.F.);
#594 = EDGE_LOOP('',(#595));
#595 = ORIENTED_EDGE('',*,*,#596,.F.);
#596 = EDGE_CURVE('',#597,#597,#599,.T.);
#597 = VERTEX_POINT('',#598);
#598 = CARTESIAN_POINT('',(8.12,2.54,1.));
#599 = CIRCLE('',#600,0.5);
#600 = AXIS2_PLACEMENT_3D('',#601,#602,#603);
#601 = CARTESIAN_POINT('',(7.62,2.54,1.));
#602 = DIRECTION('',(0.,0.,1.));
#603 = DIRECTION('',(1.,0.,0.));
#604 = FACE_BOUND('',#605,.F.);
#605 = EDGE_LOOP('',(#606));
#606 = ORIENTED_EDGE('',*,*,#607,.F.);
#607 = EDGE_CURVE('',#608,#608,#610,.T.);
#608 = VERTEX_POINT('',#609);
#609 = CARTESIAN_POINT('',(10.66,2.54,1.));
#610 = CIRCLE('',#611,0.5);
#611 = AXIS2_PLACEMENT_3D('',#612,#613,#614);
#612 = CARTESIAN_POINT('',(10.16,2.54,1.));
#613 = DIRECTION('',(0.,0.,1.));
#614 = DIRECTION('',(1.,0.,0.));
#615 = FACE_BOUND('',#616,.F.);
#616 = EDGE_LOOP('',(#617));
#617 = ORIENTED_EDGE('',*,*,#618,.F.);
#618 = EDGE_CURVE('',#619,#619,#621,.T.);
#619 = VERTEX_POINT('',#620);
#620 = CARTESIAN_POINT('',(13.2,2.54,1.));
#621 = CIRCLE('',#622,0.5);
#622 = AXIS2_PLACEMENT_3D('',#623,#624,#625);
#623 = CARTESIAN_POINT('',(12.7,2.54,1.));
#624 = DIRECTION('',(0.,0.,1.));
#625 = DIRECTION('',(1.,0.,0.));
#626 = FACE_BOUND('',#627,.F.);
#627 = EDGE_LOOP('',(#628));
#628 = ORIENTED_EDGE('',*,*,#629,.F.);
#629 = EDGE_CURVE('',#630,#630,#632,.T.);
#630 = VERTEX_POINT('',#631);
#631 = CARTESIAN_POINT('',(15.74,2.54,1.));
#632 = CIRCLE('',#633,0.5);
#633 = AXIS2_PLACEMENT_3D('',#634,#635,#636);
#634 = CARTESIAN_POINT('',(15.24,2.54,1.));
#635 = DIRECTION('',(0.,0.,1.));
#636 = DIRECTION('',(1.,0.,0.));
#637 = FACE_BOUND('',#638,.F.);
#638 = EDGE_LOOP('',(#639));
#639 = ORIENTED_EDGE('',*,*,#640,.F.);
#640 = EDGE_CURVE('',#641,#641,#643,.T.);
#641 = VERTEX_POINT('',#642);
#642 = CARTESIAN_POINT('',(18.28,2.54,1.));
#643 = CIRCLE('',#644,0.5);
#644 = AXIS2_PLACEMENT_3D('',#645,#646,#647);
#645 = CARTESIAN_POINT('',(17.78,2.54,1.));
#646 = DIRECTION('',(0.,0.,1.));
#647 = DIRECTION('',(1.,0.,0.));
#648 = FACE_BOUND('',#649,.F.);
#649 = EDGE_LOOP('',(#650));
#650 = ORIENTED_EDGE('',*,*,#651,.F.);
#651 = EDGE_CURVE('',#652,#652,#654,.T.);
#652 = VERTEX_POINT('',#653);
#653 = CARTESIAN_POINT('',(20.82,2.54,1.));
#654 = CIRCLE('',#655,0.5);
#655 = AXIS2_PLACEMENT_3D('',#656,#657,#658);
#656 = CARTESIAN_POINT('',(20.32,2.54,1.));
#657 = DIRECTION('',(0.,0.,1.));
#658 = DIRECTION('',(1.,0.,0.));
#659 = FACE_BOUND('',#660,.F.);
#660 = EDGE_LOOP('',(#661));
#661 = ORIENTED_EDGE('',*,*,#662,.F.);
#662 = EDGE_CURVE('',#663,#663,#665,.T.);
#663 = VERTEX_POINT('',#664);
#664 = CARTESIAN_POINT('',(23.36,2.54,1.));
#665 = CIRCLE('',#666,0.5);
#666 = AXIS2_PLACEMENT_3D('',#667,#668,#669);
#667 = CARTESIAN_POINT('',(22.86,2.54,1.));
#668 = DIRECTION('',(0.,0.,1.));
#669 = DIRECTION('',(1.,0.,0.));
#670 = FACE_BOUND('',#671,.F.);
#671 = EDGE_LOOP('',(#672));
#672 = ORIENTED_EDGE('',*,*,#673,.F.);
#673 = EDGE_CURVE('',#674,#674,#676,.T.);
#674 = VERTEX_POINT('',#675);
#675 = CARTESIAN_POINT('',(25.9,2.54,1.));
#676 = CIRCLE('',#677,0.5);
#677 = AXIS2_PLACEMENT_3D('',#678,#679,#680);
#678 = CARTESIAN_POINT('',(25.4,2.54,1.));
#679 = DIRECTION('',(0.,0.,1.));
#680 = DIRECTION('',(1.,0.,0.));
#681 = FACE_BOUND('',#682,.F.);
#682 = EDGE_LOOP('',(#683));
#683 = ORIENTED_EDGE('',*,*,#684,.F.);
#684 = EDGE_CURVE('',#685,#685,#687,.T.);
#685 = VERTEX_POINT('',#686);
#686 = CARTESIAN_POINT('',(28.44,2.54,1.));
#687 = CIRCLE('',#688,0.5);
#688 = AXIS2_PLACEMENT_3D('',#689,#690,#691);
#689 = CARTESIAN_POINT('',(27.94,2.54,1.));
#690 = DIRECTION('',(0.,0.,1.));
#691 = DIRECTION('',(1.,0.,0.));
#692 = FACE_BOUND('',#693,.F.);
#693 = EDGE_LOOP('',(#694));
#694 = ORIENTED_EDGE('',*,*,#695,.F.);
#695 = EDGE_CURVE('',#696,#696,#698,.T.);
#696 = VERTEX_POINT('',#697);
#697 = CARTESIAN_POINT('',(30.98,2.54,1.));
#698 = CIRCLE('',#699,0.5);
#699 = AXIS2_PLACEMENT_3D('',#700,#701,#702);
#700 = CARTESIAN_POINT('',(30.48,2.54,1.));
#701 = DIRECTION('',(0.,0.,1.));
#702 = DIRECTION('',(1.,0.,0.));
#703 = PLANE('',#704);
#704 = AXIS2_PLACEMENT_3D('',#705,#706,#707);
#705 = CARTESIAN_POINT('',(0.,0.,1.));
#706 = DIRECTION('',(0.,0.,1.));
#707 = DIRECTION('',(1.,0.,0.));
#708 = ADVANCED_FACE('',(#709),#720,.F.);
#709 = FACE_BOUND('',#710,.F.);
#710 = EDGE_LOOP('',(#711,#712,#718,#719));
#711 = ORIENTED_EDGE('',*,*,#123,.T.);
#712 = ORIENTED_EDGE('',*,*,#713,.T.);
#713 = EDGE_CURVE('',#116,#86,#714,.T.);
#714 = LINE('',#715,#716);
#715 = CARTESIAN_POINT('',(32.5,3.5,1.1));
#716 = VECTOR('',#717,1.);
#717 = DIRECTION('',(-1.,0.,0.));
#718 = ORIENTED_EDGE('',*,*,#83,.F.);
#719 = ORIENTED_EDGE('',*,*,#147,.F.);
#720 = PLANE('',#721);
#721 = AXIS2_PLACEMENT_3D('',#722,#723,#724);
#722 = CARTESIAN_POINT('',(32.5,3.5,1.));
#723 = DIRECTION('',(0.,-1.,0.));
#724 = DIRECTION('',(-1.,0.,0.));
#725 = ADVANCED_FACE('',(#726),#745,.T.);
#726 = FACE_BOUND('',#727,.T.);
#727 = EDGE_LOOP('',(#728,#729,#737,#744));
#728 = ORIENTED_EDGE('',*,*,#156,.F.);
#729 = ORIENTED_EDGE('',*,*,#730,.T.);
#730 = EDGE_CURVE('',#157,#731,#733,.T.);
#731 = VERTEX_POINT('',#732);
#732 = CARTESIAN_POINT('',(-29.98000000135,-2.54,-4.5));
#733 = LINE('',#734,#735);
#734 = CARTESIAN_POINT('',(-29.98000000135,-2.54,1.1));
#735 = VECTOR('',#736,1.);
#736 = DIRECTION('',(-0.,-0.,-1.));
#737 = ORIENTED_EDGE('',*,*,#738,.T.);
#738 = EDGE_CURVE('',#731,#731,#739,.T.);
#739 = CIRCLE('',#740,0.5);
#740 = AXIS2_PLACEMENT_3D('',#741,#742,#743);
#741 = CARTESIAN_POINT('',(-30.48000000135,-2.54,-4.5));
#742 = DIRECTION('',(0.,0.,1.));
#743 = DIRECTION('',(1.,0.,0.));
#744 = ORIENTED_EDGE('',*,*,#730,.F.);
#745 = CYLINDRICAL_SURFACE('',#746,0.5);
#746 = AXIS2_PLACEMENT_3D('',#747,#748,#749);
#747 = CARTESIAN_POINT('',(-30.48000000135,-2.54,1.1));
#748 = DIRECTION('',(0.,0.,1.));
#749 = DIRECTION('',(1.,0.,0.));
#750 = ADVANCED_FACE('',(#751),#770,.T.);
#751 = FACE_BOUND('',#752,.T.);
#752 = EDGE_LOOP('',(#753,#754,#762,#769));
#753 = ORIENTED_EDGE('',*,*,#167,.F.);
#754 = ORIENTED_EDGE('',*,*,#755,.T.);
#755 = EDGE_CURVE('',#168,#756,#758,.T.);
#756 = VERTEX_POINT('',#757);
#757 = CARTESIAN_POINT('',(-27.44000000106,-2.54,-4.5));
#758 = LINE('',#759,#760);
#759 = CARTESIAN_POINT('',(-27.44000000106,-2.54,1.1));
#760 = VECTOR('',#761,1.);
#761 = DIRECTION('',(-0.,-0.,-1.));
#762 = ORIENTED_EDGE('',*,*,#763,.T.);
#763 = EDGE_CURVE('',#756,#756,#764,.T.);
#764 = CIRCLE('',#765,0.5);
#765 = AXIS2_PLACEMENT_3D('',#766,#767,#768);
#766 = CARTESIAN_POINT('',(-27.94000000106,-2.54,-4.5));
#767 = DIRECTION('',(0.,0.,1.));
#768 = DIRECTION('',(1.,0.,0.));
#769 = ORIENTED_EDGE('',*,*,#755,.F.);
#770 = CYLINDRICAL_SURFACE('',#771,0.5);
#771 = AXIS2_PLACEMENT_3D('',#772,#773,#774);
#772 = CARTESIAN_POINT('',(-27.94000000106,-2.54,1.1));
#773 = DIRECTION('',(0.,0.,1.));
#774 = DIRECTION('',(1.,0.,0.));
#775 = ADVANCED_FACE('',(#776),#795,.T.);
#776 = FACE_BOUND('',#777,.T.);
#777 = EDGE_LOOP('',(#778,#779,#787,#794));
#778 = ORIENTED_EDGE('',*,*,#178,.F.);
#779 = ORIENTED_EDGE('',*,*,#780,.T.);
#780 = EDGE_CURVE('',#179,#781,#783,.T.);
#781 = VERTEX_POINT('',#782);
#782 = CARTESIAN_POINT('',(-24.9000000008,-2.54,-4.5));
#783 = LINE('',#784,#785);
#784 = CARTESIAN_POINT('',(-24.9000000008,-2.54,1.1));
#785 = VECTOR('',#786,1.);
#786 = DIRECTION('',(-0.,-0.,-1.));
#787 = ORIENTED_EDGE('',*,*,#788,.T.);
#788 = EDGE_CURVE('',#781,#781,#789,.T.);
#789 = CIRCLE('',#790,0.5);
#790 = AXIS2_PLACEMENT_3D('',#791,#792,#793);
#791 = CARTESIAN_POINT('',(-25.4000000008,-2.54,-4.5));
#792 = DIRECTION('',(0.,0.,1.));
#793 = DIRECTION('',(1.,0.,0.));
#794 = ORIENTED_EDGE('',*,*,#780,.F.);
#795 = CYLINDRICAL_SURFACE('',#796,0.5);
#796 = AXIS2_PLACEMENT_3D('',#797,#798,#799);
#797 = CARTESIAN_POINT('',(-25.4000000008,-2.54,1.1));
#798 = DIRECTION('',(0.,0.,1.));
#799 = DIRECTION('',(1.,0.,0.));
#800 = ADVANCED_FACE('',(#801),#820,.T.);
#801 = FACE_BOUND('',#802,.T.);
#802 = EDGE_LOOP('',(#803,#804,#812,#819));
#803 = ORIENTED_EDGE('',*,*,#189,.F.);
#804 = ORIENTED_EDGE('',*,*,#805,.T.);
#805 = EDGE_CURVE('',#190,#806,#808,.T.);
#806 = VERTEX_POINT('',#807);
#807 = CARTESIAN_POINT('',(-22.36000000057,-2.54,-4.5));
#808 = LINE('',#809,#810);
#809 = CARTESIAN_POINT('',(-22.36000000057,-2.54,1.1));
#810 = VECTOR('',#811,1.);
#811 = DIRECTION('',(-0.,-0.,-1.));
#812 = ORIENTED_EDGE('',*,*,#813,.T.);
#813 = EDGE_CURVE('',#806,#806,#814,.T.);
#814 = CIRCLE('',#815,0.5);
#815 = AXIS2_PLACEMENT_3D('',#816,#817,#818);
#816 = CARTESIAN_POINT('',(-22.86000000057,-2.54,-4.5));
#817 = DIRECTION('',(0.,0.,1.));
#818 = DIRECTION('',(1.,0.,0.));
#819 = ORIENTED_EDGE('',*,*,#805,.F.);
#820 = CYLINDRICAL_SURFACE('',#821,0.5);
#821 = AXIS2_PLACEMENT_3D('',#822,#823,#824);
#822 = CARTESIAN_POINT('',(-22.86000000057,-2.54,1.1));
#823 = DIRECTION('',(0.,0.,1.));
#824 = DIRECTION('',(1.,0.,0.));
#825 = ADVANCED_FACE('',(#826),#845,.T.);
#826 = FACE_BOUND('',#827,.T.);
#827 = EDGE_LOOP('',(#828,#829,#837,#844));
#828 = ORIENTED_EDGE('',*,*,#200,.F.);
#829 = ORIENTED_EDGE('',*,*,#830,.T.);
#830 = EDGE_CURVE('',#201,#831,#833,.T.);
#831 = VERTEX_POINT('',#832);
#832 = CARTESIAN_POINT('',(-19.82000000038,-2.54,-4.5));
#833 = LINE('',#834,#835);
#834 = CARTESIAN_POINT('',(-19.82000000038,-2.54,1.1));
#835 = VECTOR('',#836,1.);
#836 = DIRECTION('',(-0.,-0.,-1.));
#837 = ORIENTED_EDGE('',*,*,#838,.T.);
#838 = EDGE_CURVE('',#831,#831,#839,.T.);
#839 = CIRCLE('',#840,0.5);
#840 = AXIS2_PLACEMENT_3D('',#841,#842,#843);
#841 = CARTESIAN_POINT('',(-20.32000000038,-2.54,-4.5));
#842 = DIRECTION('',(0.,0.,1.));
#843 = DIRECTION('',(1.,0.,0.));
#844 = ORIENTED_EDGE('',*,*,#830,.F.);
#845 = CYLINDRICAL_SURFACE('',#846,0.5);
#846 = AXIS2_PLACEMENT_3D('',#847,#848,#849);
#847 = CARTESIAN_POINT('',(-20.32000000038,-2.54,1.1));
#848 = DIRECTION('',(0.,0.,1.));
#849 = DIRECTION('',(1.,0.,0.));
#850 = ADVANCED_FACE('',(#851),#870,.T.);
#851 = FACE_BOUND('',#852,.T.);
#852 = EDGE_LOOP('',(#853,#854,#862,#869));
#853 = ORIENTED_EDGE('',*,*,#211,.F.);
#854 = ORIENTED_EDGE('',*,*,#855,.T.);
#855 = EDGE_CURVE('',#212,#856,#858,.T.);
#856 = VERTEX_POINT('',#857);
#857 = CARTESIAN_POINT('',(-17.28000000022,-2.54,-4.5));
#858 = LINE('',#859,#860);
#859 = CARTESIAN_POINT('',(-17.28000000022,-2.54,1.1));
#860 = VECTOR('',#861,1.);
#861 = DIRECTION('',(-0.,-0.,-1.));
#862 = ORIENTED_EDGE('',*,*,#863,.T.);
#863 = EDGE_CURVE('',#856,#856,#864,.T.);
#864 = CIRCLE('',#865,0.5);
#865 = AXIS2_PLACEMENT_3D('',#866,#867,#868);
#866 = CARTESIAN_POINT('',(-17.78000000022,-2.54,-4.5));
#867 = DIRECTION('',(0.,0.,1.));
#868 = DIRECTION('',(1.,0.,0.));
#869 = ORIENTED_EDGE('',*,*,#855,.F.);
#870 = CYLINDRICAL_SURFACE('',#871,0.5);
#871 = AXIS2_PLACEMENT_3D('',#872,#873,#874);
#872 = CARTESIAN_POINT('',(-17.78000000022,-2.54,1.1));
#873 = DIRECTION('',(0.,0.,1.));
#874 = DIRECTION('',(1.,0.,0.));
#875 = ADVANCED_FACE('',(#876),#895,.T.);
#876 = FACE_BOUND('',#877,.T.);
#877 = EDGE_LOOP('',(#878,#879,#887,#894));
#878 = ORIENTED_EDGE('',*,*,#222,.F.);
#879 = ORIENTED_EDGE('',*,*,#880,.T.);
#880 = EDGE_CURVE('',#223,#881,#883,.T.);
#881 = VERTEX_POINT('',#882);
#882 = CARTESIAN_POINT('',(-14.74000000009,-2.54,-4.5));
#883 = LINE('',#884,#885);
#884 = CARTESIAN_POINT('',(-14.74000000009,-2.54,1.1));
#885 = VECTOR('',#886,1.);
#886 = DIRECTION('',(-0.,-0.,-1.));
#887 = ORIENTED_EDGE('',*,*,#888,.T.);
#888 = EDGE_CURVE('',#881,#881,#889,.T.);
#889 = CIRCLE('',#890,0.5);
#890 = AXIS2_PLACEMENT_3D('',#891,#892,#893);
#891 = CARTESIAN_POINT('',(-15.24000000009,-2.54,-4.5));
#892 = DIRECTION('',(0.,0.,1.));
#893 = DIRECTION('',(1.,0.,0.));
#894 = ORIENTED_EDGE('',*,*,#880,.F.);
#895 = CYLINDRICAL_SURFACE('',#896,0.5);
#896 = AXIS2_PLACEMENT_3D('',#897,#898,#899);
#897 = CARTESIAN_POINT('',(-15.24000000009,-2.54,1.1));
#898 = DIRECTION('',(0.,0.,1.));
#899 = DIRECTION('',(1.,0.,0.));
#900 = ADVANCED_FACE('',(#901),#920,.T.);
#901 = FACE_BOUND('',#902,.T.);
#902 = EDGE_LOOP('',(#903,#904,#912,#919));
#903 = ORIENTED_EDGE('',*,*,#233,.F.);
#904 = ORIENTED_EDGE('',*,*,#905,.T.);
#905 = EDGE_CURVE('',#234,#906,#908,.T.);
#906 = VERTEX_POINT('',#907);
#907 = CARTESIAN_POINT('',(-12.2,-2.54,-4.5));
#908 = LINE('',#909,#910);
#909 = CARTESIAN_POINT('',(-12.2,-2.54,1.1));
#910 = VECTOR('',#911,1.);
#911 = DIRECTION('',(-0.,-0.,-1.));
#912 = ORIENTED_EDGE('',*,*,#913,.T.);
#913 = EDGE_CURVE('',#906,#906,#914,.T.);
#914 = CIRCLE('',#915,0.5);
#915 = AXIS2_PLACEMENT_3D('',#916,#917,#918);
#916 = CARTESIAN_POINT('',(-12.7,-2.54,-4.5));
#917 = DIRECTION('',(0.,0.,1.));
#918 = DIRECTION('',(1.,0.,0.));
#919 = ORIENTED_EDGE('',*,*,#905,.F.);
#920 = CYLINDRICAL_SURFACE('',#921,0.5);
#921 = AXIS2_PLACEMENT_3D('',#922,#923,#924);
#922 = CARTESIAN_POINT('',(-12.7,-2.54,1.1));
#923 = DIRECTION('',(0.,0.,1.));
#924 = DIRECTION('',(1.,0.,0.));
#925 = ADVANCED_FACE('',(#926),#945,.T.);
#926 = FACE_BOUND('',#927,.T.);
#927 = EDGE_LOOP('',(#928,#929,#937,#944));
#928 = ORIENTED_EDGE('',*,*,#244,.F.);
#929 = ORIENTED_EDGE('',*,*,#930,.T.);
#930 = EDGE_CURVE('',#245,#931,#933,.T.);
#931 = VERTEX_POINT('',#932);
#932 = CARTESIAN_POINT('',(-9.659999999936,-2.54,-4.5));
#933 = LINE('',#934,#935);
#934 = CARTESIAN_POINT('',(-9.659999999936,-2.54,1.1));
#935 = VECTOR('',#936,1.);
#936 = DIRECTION('',(-0.,-0.,-1.));
#937 = ORIENTED_EDGE('',*,*,#938,.T.);
#938 = EDGE_CURVE('',#931,#931,#939,.T.);
#939 = CIRCLE('',#940,0.5);
#940 = AXIS2_PLACEMENT_3D('',#941,#942,#943);
#941 = CARTESIAN_POINT('',(-10.15999999993,-2.54,-4.5));
#942 = DIRECTION('',(0.,0.,1.));
#943 = DIRECTION('',(1.,0.,0.));
#944 = ORIENTED_EDGE('',*,*,#930,.F.);
#945 = CYLINDRICAL_SURFACE('',#946,0.5);
#946 = AXIS2_PLACEMENT_3D('',#947,#948,#949);
#947 = CARTESIAN_POINT('',(-10.15999999993,-2.54,1.1));
#948 = DIRECTION('',(0.,0.,1.));
#949 = DIRECTION('',(1.,0.,0.));
#950 = ADVANCED_FACE('',(#951),#970,.T.);
#951 = FACE_BOUND('',#952,.T.);
#952 = EDGE_LOOP('',(#953,#954,#962,#969));
#953 = ORIENTED_EDGE('',*,*,#255,.F.);
#954 = ORIENTED_EDGE('',*,*,#955,.T.);
#955 = EDGE_CURVE('',#256,#956,#958,.T.);
#956 = VERTEX_POINT('',#957);
#957 = CARTESIAN_POINT('',(-7.119999999904,-2.54,-4.5));
#958 = LINE('',#959,#960);
#959 = CARTESIAN_POINT('',(-7.119999999904,-2.54,1.1));
#960 = VECTOR('',#961,1.);
#961 = DIRECTION('',(-0.,-0.,-1.));
#962 = ORIENTED_EDGE('',*,*,#963,.T.);
#963 = EDGE_CURVE('',#956,#956,#964,.T.);
#964 = CIRCLE('',#965,0.5);
#965 = AXIS2_PLACEMENT_3D('',#966,#967,#968);
#966 = CARTESIAN_POINT('',(-7.619999999904,-2.54,-4.5));
#967 = DIRECTION('',(0.,0.,1.));
#968 = DIRECTION('',(1.,0.,0.));
#969 = ORIENTED_EDGE('',*,*,#955,.F.);
#970 = CYLINDRICAL_SURFACE('',#971,0.5);
#971 = AXIS2_PLACEMENT_3D('',#972,#973,#974);
#972 = CARTESIAN_POINT('',(-7.619999999904,-2.54,1.1));
#973 = DIRECTION('',(0.,0.,1.));
#974 = DIRECTION('',(1.,0.,0.));
#975 = ADVANCED_FACE('',(#976),#995,.T.);
#976 = FACE_BOUND('',#977,.T.);
#977 = EDGE_LOOP('',(#978,#979,#987,#994));
#978 = ORIENTED_EDGE('',*,*,#266,.F.);
#979 = ORIENTED_EDGE('',*,*,#980,.T.);
#980 = EDGE_CURVE('',#267,#981,#983,.T.);
#981 = VERTEX_POINT('',#982);
#982 = CARTESIAN_POINT('',(-4.579999999904,-2.54,-4.5));
#983 = LINE('',#984,#985);
#984 = CARTESIAN_POINT('',(-4.579999999904,-2.54,1.1));
#985 = VECTOR('',#986,1.);
#986 = DIRECTION('',(-0.,-0.,-1.));
#987 = ORIENTED_EDGE('',*,*,#988,.T.);
#988 = EDGE_CURVE('',#981,#981,#989,.T.);
#989 = CIRCLE('',#990,0.5);
#990 = AXIS2_PLACEMENT_3D('',#991,#992,#993);
#991 = CARTESIAN_POINT('',(-5.079999999904,-2.54,-4.5));
#992 = DIRECTION('',(0.,0.,1.));
#993 = DIRECTION('',(1.,0.,0.));
#994 = ORIENTED_EDGE('',*,*,#980,.F.);
#995 = CYLINDRICAL_SURFACE('',#996,0.5);
#996 = AXIS2_PLACEMENT_3D('',#997,#998,#999);
#997 = CARTESIAN_POINT('',(-5.079999999904,-2.54,1.1));
#998 = DIRECTION('',(0.,0.,1.));
#999 = DIRECTION('',(1.,0.,0.));
#1000 = ADVANCED_FACE('',(#1001),#1020,.T.);
#1001 = FACE_BOUND('',#1002,.T.);
#1002 = EDGE_LOOP('',(#1003,#1004,#1012,#1019));
#1003 = ORIENTED_EDGE('',*,*,#277,.F.);
#1004 = ORIENTED_EDGE('',*,*,#1005,.T.);
#1005 = EDGE_CURVE('',#278,#1006,#1008,.T.);
#1006 = VERTEX_POINT('',#1007);
#1007 = CARTESIAN_POINT('',(-2.039999999968,-2.54,-4.5));
#1008 = LINE('',#1009,#1010);
#1009 = CARTESIAN_POINT('',(-2.039999999968,-2.54,1.1));
#1010 = VECTOR('',#1011,1.);
#1011 = DIRECTION('',(-0.,-0.,-1.));
#1012 = ORIENTED_EDGE('',*,*,#1013,.T.);
#1013 = EDGE_CURVE('',#1006,#1006,#1014,.T.);
#1014 = CIRCLE('',#1015,0.5);
#1015 = AXIS2_PLACEMENT_3D('',#1016,#1017,#1018);
#1016 = CARTESIAN_POINT('',(-2.539999999968,-2.54,-4.5));
#1017 = DIRECTION('',(0.,0.,1.));
#1018 = DIRECTION('',(1.,0.,0.));
#1019 = ORIENTED_EDGE('',*,*,#1005,.F.);
#1020 = CYLINDRICAL_SURFACE('',#1021,0.5);
#1021 = AXIS2_PLACEMENT_3D('',#1022,#1023,#1024);
#1022 = CARTESIAN_POINT('',(-2.539999999968,-2.54,1.1));
#1023 = DIRECTION('',(0.,0.,1.));
#1024 = DIRECTION('',(1.,0.,0.));
#1025 = ADVANCED_FACE('',(#1026),#1045,.T.);
#1026 = FACE_BOUND('',#1027,.T.);
#1027 = EDGE_LOOP('',(#1028,#1029,#1037,#1044));
#1028 = ORIENTED_EDGE('',*,*,#288,.F.);
#1029 = ORIENTED_EDGE('',*,*,#1030,.T.);
#1030 = EDGE_CURVE('',#289,#1031,#1033,.T.);
#1031 = VERTEX_POINT('',#1032);
#1032 = CARTESIAN_POINT('',(0.5,-2.54,-4.5));
#1033 = LINE('',#1034,#1035);
#1034 = CARTESIAN_POINT('',(0.5,-2.54,1.1));
#1035 = VECTOR('',#1036,1.);
#1036 = DIRECTION('',(-0.,-0.,-1.));
#1037 = ORIENTED_EDGE('',*,*,#1038,.T.);
#1038 = EDGE_CURVE('',#1031,#1031,#1039,.T.);
#1039 = CIRCLE('',#1040,0.5);
#1040 = AXIS2_PLACEMENT_3D('',#1041,#1042,#1043);
#1041 = CARTESIAN_POINT('',(0.,-2.54,-4.5));
#1042 = DIRECTION('',(0.,0.,1.));
#1043 = DIRECTION('',(1.,0.,0.));
#1044 = ORIENTED_EDGE('',*,*,#1030,.F.);
#1045 = CYLINDRICAL_SURFACE('',#1046,0.5);
#1046 = AXIS2_PLACEMENT_3D('',#1047,#1048,#1049);
#1047 = CARTESIAN_POINT('',(0.,-2.54,1.1));
#1048 = DIRECTION('',(0.,0.,1.));
#1049 = DIRECTION('',(1.,0.,0.));
#1050 = ADVANCED_FACE('',(#1051),#1070,.T.);
#1051 = FACE_BOUND('',#1052,.T.);
#1052 = EDGE_LOOP('',(#1053,#1054,#1062,#1069));
#1053 = ORIENTED_EDGE('',*,*,#299,.F.);
#1054 = ORIENTED_EDGE('',*,*,#1055,.T.);
#1055 = EDGE_CURVE('',#300,#1056,#1058,.T.);
#1056 = VERTEX_POINT('',#1057);
#1057 = CARTESIAN_POINT('',(3.039999999871,-2.54,-4.5));
#1058 = LINE('',#1059,#1060);
#1059 = CARTESIAN_POINT('',(3.039999999871,-2.54,1.1));
#1060 = VECTOR('',#1061,1.);
#1061 = DIRECTION('',(-0.,-0.,-1.));
#1062 = ORIENTED_EDGE('',*,*,#1063,.T.);
#1063 = EDGE_CURVE('',#1056,#1056,#1064,.T.);
#1064 = CIRCLE('',#1065,0.5);
#1065 = AXIS2_PLACEMENT_3D('',#1066,#1067,#1068);
#1066 = CARTESIAN_POINT('',(2.539999999871,-2.54,-4.5));
#1067 = DIRECTION('',(0.,0.,1.));
#1068 = DIRECTION('',(1.,0.,0.));
#1069 = ORIENTED_EDGE('',*,*,#1055,.F.);
#1070 = CYLINDRICAL_SURFACE('',#1071,0.5);
#1071 = AXIS2_PLACEMENT_3D('',#1072,#1073,#1074);
#1072 = CARTESIAN_POINT('',(2.539999999871,-2.54,1.1));
#1073 = DIRECTION('',(0.,0.,1.));
#1074 = DIRECTION('',(1.,0.,0.));
#1075 = ADVANCED_FACE('',(#1076),#1095,.T.);
#1076 = FACE_BOUND('',#1077,.T.);
#1077 = EDGE_LOOP('',(#1078,#1079,#1087,#1094));
#1078 = ORIENTED_EDGE('',*,*,#310,.F.);
#1079 = ORIENTED_EDGE('',*,*,#1080,.T.);
#1080 = EDGE_CURVE('',#311,#1081,#1083,.T.);
#1081 = VERTEX_POINT('',#1082);
#1082 = CARTESIAN_POINT('',(5.579999999775,-2.54,-4.5));
#1083 = LINE('',#1084,#1085);
#1084 = CARTESIAN_POINT('',(5.579999999775,-2.54,1.1));
#1085 = VECTOR('',#1086,1.);
#1086 = DIRECTION('',(-0.,-0.,-1.));
#1087 = ORIENTED_EDGE('',*,*,#1088,.T.);
#1088 = EDGE_CURVE('',#1081,#1081,#1089,.T.);
#1089 = CIRCLE('',#1090,0.5);
#1090 = AXIS2_PLACEMENT_3D('',#1091,#1092,#1093);
#1091 = CARTESIAN_POINT('',(5.079999999775,-2.54,-4.5));
#1092 = DIRECTION('',(0.,0.,1.));
#1093 = DIRECTION('',(1.,0.,0.));
#1094 = ORIENTED_EDGE('',*,*,#1080,.F.);
#1095 = CYLINDRICAL_SURFACE('',#1096,0.5);
#1096 = AXIS2_PLACEMENT_3D('',#1097,#1098,#1099);
#1097 = CARTESIAN_POINT('',(5.079999999775,-2.54,1.1));
#1098 = DIRECTION('',(0.,0.,1.));
#1099 = DIRECTION('',(1.,0.,0.));
#1100 = ADVANCED_FACE('',(#1101),#1120,.T.);
#1101 = FACE_BOUND('',#1102,.T.);
#1102 = EDGE_LOOP('',(#1103,#1104,#1112,#1119));
#1103 = ORIENTED_EDGE('',*,*,#321,.F.);
#1104 = ORIENTED_EDGE('',*,*,#1105,.T.);
#1105 = EDGE_CURVE('',#322,#1106,#1108,.T.);
#1106 = VERTEX_POINT('',#1107);
#1107 = CARTESIAN_POINT('',(8.119999999711,-2.54,-4.5));
#1108 = LINE('',#1109,#1110);
#1109 = CARTESIAN_POINT('',(8.119999999711,-2.54,1.1));
#1110 = VECTOR('',#1111,1.);
#1111 = DIRECTION('',(-0.,-0.,-1.));
#1112 = ORIENTED_EDGE('',*,*,#1113,.T.);
#1113 = EDGE_CURVE('',#1106,#1106,#1114,.T.);
#1114 = CIRCLE('',#1115,0.5);
#1115 = AXIS2_PLACEMENT_3D('',#1116,#1117,#1118);
#1116 = CARTESIAN_POINT('',(7.619999999711,-2.54,-4.5));
#1117 = DIRECTION('',(0.,0.,1.));
#1118 = DIRECTION('',(1.,0.,0.));
#1119 = ORIENTED_EDGE('',*,*,#1105,.F.);
#1120 = CYLINDRICAL_SURFACE('',#1121,0.5);
#1121 = AXIS2_PLACEMENT_3D('',#1122,#1123,#1124);
#1122 = CARTESIAN_POINT('',(7.619999999711,-2.54,1.1));
#1123 = DIRECTION('',(0.,0.,1.));
#1124 = DIRECTION('',(1.,0.,0.));
#1125 = ADVANCED_FACE('',(#1126),#1145,.T.);
#1126 = FACE_BOUND('',#1127,.T.);
#1127 = EDGE_LOOP('',(#1128,#1129,#1137,#1144));
#1128 = ORIENTED_EDGE('',*,*,#332,.F.);
#1129 = ORIENTED_EDGE('',*,*,#1130,.T.);
#1130 = EDGE_CURVE('',#333,#1131,#1133,.T.);
#1131 = VERTEX_POINT('',#1132);
#1132 = CARTESIAN_POINT('',(10.659999999711,-2.54,-4.5));
#1133 = LINE('',#1134,#1135);
#1134 = CARTESIAN_POINT('',(10.659999999711,-2.54,1.1));
#1135 = VECTOR('',#1136,1.);
#1136 = DIRECTION('',(-0.,-0.,-1.));
#1137 = ORIENTED_EDGE('',*,*,#1138,.T.);
#1138 = EDGE_CURVE('',#1131,#1131,#1139,.T.);
#1139 = CIRCLE('',#1140,0.5);
#1140 = AXIS2_PLACEMENT_3D('',#1141,#1142,#1143);
#1141 = CARTESIAN_POINT('',(10.159999999711,-2.54,-4.5));
#1142 = DIRECTION('',(0.,0.,1.));
#1143 = DIRECTION('',(1.,0.,0.));
#1144 = ORIENTED_EDGE('',*,*,#1130,.F.);
#1145 = CYLINDRICAL_SURFACE('',#1146,0.5);
#1146 = AXIS2_PLACEMENT_3D('',#1147,#1148,#1149);
#1147 = CARTESIAN_POINT('',(10.159999999711,-2.54,1.1));
#1148 = DIRECTION('',(0.,0.,1.));
#1149 = DIRECTION('',(1.,0.,0.));
#1150 = ADVANCED_FACE('',(#1151),#1170,.T.);
#1151 = FACE_BOUND('',#1152,.T.);
#1152 = EDGE_LOOP('',(#1153,#1154,#1162,#1169));
#1153 = ORIENTED_EDGE('',*,*,#343,.F.);
#1154 = ORIENTED_EDGE('',*,*,#1155,.T.);
#1155 = EDGE_CURVE('',#344,#1156,#1158,.T.);
#1156 = VERTEX_POINT('',#1157);
#1157 = CARTESIAN_POINT('',(13.199999999743,-2.54,-4.5));
#1158 = LINE('',#1159,#1160);
#1159 = CARTESIAN_POINT('',(13.199999999743,-2.54,1.1));
#1160 = VECTOR('',#1161,1.);
#1161 = DIRECTION('',(-0.,-0.,-1.));
#1162 = ORIENTED_EDGE('',*,*,#1163,.T.);
#1163 = EDGE_CURVE('',#1156,#1156,#1164,.T.);
#1164 = CIRCLE('',#1165,0.5);
#1165 = AXIS2_PLACEMENT_3D('',#1166,#1167,#1168);
#1166 = CARTESIAN_POINT('',(12.699999999743,-2.54,-4.5));
#1167 = DIRECTION('',(0.,0.,1.));
#1168 = DIRECTION('',(1.,0.,0.));
#1169 = ORIENTED_EDGE('',*,*,#1155,.F.);
#1170 = CYLINDRICAL_SURFACE('',#1171,0.5);
#1171 = AXIS2_PLACEMENT_3D('',#1172,#1173,#1174);
#1172 = CARTESIAN_POINT('',(12.699999999743,-2.54,1.1));
#1173 = DIRECTION('',(0.,0.,1.));
#1174 = DIRECTION('',(1.,0.,0.));
#1175 = ADVANCED_FACE('',(#1176),#1195,.T.);
#1176 = FACE_BOUND('',#1177,.T.);
#1177 = EDGE_LOOP('',(#1178,#1179,#1187,#1194));
#1178 = ORIENTED_EDGE('',*,*,#354,.F.);
#1179 = ORIENTED_EDGE('',*,*,#1180,.T.);
#1180 = EDGE_CURVE('',#355,#1181,#1183,.T.);
#1181 = VERTEX_POINT('',#1182);
#1182 = CARTESIAN_POINT('',(15.739999999807,-2.54,-4.5));
#1183 = LINE('',#1184,#1185);
#1184 = CARTESIAN_POINT('',(15.739999999807,-2.54,1.1));
#1185 = VECTOR('',#1186,1.);
#1186 = DIRECTION('',(-0.,-0.,-1.));
#1187 = ORIENTED_EDGE('',*,*,#1188,.T.);
#1188 = EDGE_CURVE('',#1181,#1181,#1189,.T.);
#1189 = CIRCLE('',#1190,0.5);
#1190 = AXIS2_PLACEMENT_3D('',#1191,#1192,#1193);
#1191 = CARTESIAN_POINT('',(15.239999999807,-2.54,-4.5));
#1192 = DIRECTION('',(0.,0.,1.));
#1193 = DIRECTION('',(1.,0.,0.));
#1194 = ORIENTED_EDGE('',*,*,#1180,.F.);
#1195 = CYLINDRICAL_SURFACE('',#1196,0.5);
#1196 = AXIS2_PLACEMENT_3D('',#1197,#1198,#1199);
#1197 = CARTESIAN_POINT('',(15.239999999807,-2.54,1.1));
#1198 = DIRECTION('',(0.,0.,1.));
#1199 = DIRECTION('',(1.,0.,0.));
#1200 = ADVANCED_FACE('',(#1201),#1220,.T.);
#1201 = FACE_BOUND('',#1202,.T.);
#1202 = EDGE_LOOP('',(#1203,#1204,#1212,#1219));
#1203 = ORIENTED_EDGE('',*,*,#365,.F.);
#1204 = ORIENTED_EDGE('',*,*,#1205,.T.);
#1205 = EDGE_CURVE('',#366,#1206,#1208,.T.);
#1206 = VERTEX_POINT('',#1207);
#1207 = CARTESIAN_POINT('',(18.279999999904,-2.54,-4.5));
#1208 = LINE('',#1209,#1210);
#1209 = CARTESIAN_POINT('',(18.279999999904,-2.54,1.1));
#1210 = VECTOR('',#1211,1.);
#1211 = DIRECTION('',(-0.,-0.,-1.));
#1212 = ORIENTED_EDGE('',*,*,#1213,.T.);
#1213 = EDGE_CURVE('',#1206,#1206,#1214,.T.);
#1214 = CIRCLE('',#1215,0.5);
#1215 = AXIS2_PLACEMENT_3D('',#1216,#1217,#1218);
#1216 = CARTESIAN_POINT('',(17.779999999904,-2.54,-4.5));
#1217 = DIRECTION('',(0.,0.,1.));
#1218 = DIRECTION('',(1.,0.,0.));
#1219 = ORIENTED_EDGE('',*,*,#1205,.F.);
#1220 = CYLINDRICAL_SURFACE('',#1221,0.5);
#1221 = AXIS2_PLACEMENT_3D('',#1222,#1223,#1224);
#1222 = CARTESIAN_POINT('',(17.779999999904,-2.54,1.1));
#1223 = DIRECTION('',(0.,0.,1.));
#1224 = DIRECTION('',(1.,0.,0.));
#1225 = ADVANCED_FACE('',(#1226),#1245,.T.);
#1226 = FACE_BOUND('',#1227,.T.);
#1227 = EDGE_LOOP('',(#1228,#1229,#1237,#1244));
#1228 = ORIENTED_EDGE('',*,*,#376,.F.);
#1229 = ORIENTED_EDGE('',*,*,#1230,.T.);
#1230 = EDGE_CURVE('',#377,#1231,#1233,.T.);
#1231 = VERTEX_POINT('',#1232);
#1232 = CARTESIAN_POINT('',(20.820000000032,-2.54,-4.5));
#1233 = LINE('',#1234,#1235);
#1234 = CARTESIAN_POINT('',(20.820000000032,-2.54,1.1));
#1235 = VECTOR('',#1236,1.);
#1236 = DIRECTION('',(-0.,-0.,-1.));
#1237 = ORIENTED_EDGE('',*,*,#1238,.T.);
#1238 = EDGE_CURVE('',#1231,#1231,#1239,.T.);
#1239 = CIRCLE('',#1240,0.5);
#1240 = AXIS2_PLACEMENT_3D('',#1241,#1242,#1243);
#1241 = CARTESIAN_POINT('',(20.320000000032,-2.54,-4.5));
#1242 = DIRECTION('',(0.,0.,1.));
#1243 = DIRECTION('',(1.,0.,0.));
#1244 = ORIENTED_EDGE('',*,*,#1230,.F.);
#1245 = CYLINDRICAL_SURFACE('',#1246,0.5);
#1246 = AXIS2_PLACEMENT_3D('',#1247,#1248,#1249);
#1247 = CARTESIAN_POINT('',(20.320000000032,-2.54,1.1));
#1248 = DIRECTION('',(0.,0.,1.));
#1249 = DIRECTION('',(1.,0.,0.));
#1250 = ADVANCED_FACE('',(#1251),#1270,.T.);
#1251 = FACE_BOUND('',#1252,.T.);
#1252 = EDGE_LOOP('',(#1253,#1254,#1262,#1269));
#1253 = ORIENTED_EDGE('',*,*,#387,.F.);
#1254 = ORIENTED_EDGE('',*,*,#1255,.T.);
#1255 = EDGE_CURVE('',#388,#1256,#1258,.T.);
#1256 = VERTEX_POINT('',#1257);
#1257 = CARTESIAN_POINT('',(23.360000000193,-2.54,-4.5));
#1258 = LINE('',#1259,#1260);
#1259 = CARTESIAN_POINT('',(23.360000000193,-2.54,1.1));
#1260 = VECTOR('',#1261,1.);
#1261 = DIRECTION('',(-0.,-0.,-1.));
#1262 = ORIENTED_EDGE('',*,*,#1263,.T.);
#1263 = EDGE_CURVE('',#1256,#1256,#1264,.T.);
#1264 = CIRCLE('',#1265,0.5);
#1265 = AXIS2_PLACEMENT_3D('',#1266,#1267,#1268);
#1266 = CARTESIAN_POINT('',(22.860000000193,-2.54,-4.5));
#1267 = DIRECTION('',(0.,0.,1.));
#1268 = DIRECTION('',(1.,0.,0.));
#1269 = ORIENTED_EDGE('',*,*,#1255,.F.);
#1270 = CYLINDRICAL_SURFACE('',#1271,0.5);
#1271 = AXIS2_PLACEMENT_3D('',#1272,#1273,#1274);
#1272 = CARTESIAN_POINT('',(22.860000000193,-2.54,1.1));
#1273 = DIRECTION('',(0.,0.,1.));
#1274 = DIRECTION('',(1.,0.,0.));
#1275 = ADVANCED_FACE('',(#1276),#1295,.T.);
#1276 = FACE_BOUND('',#1277,.T.);
#1277 = EDGE_LOOP('',(#1278,#1279,#1287,#1294));
#1278 = ORIENTED_EDGE('',*,*,#398,.F.);
#1279 = ORIENTED_EDGE('',*,*,#1280,.T.);
#1280 = EDGE_CURVE('',#399,#1281,#1283,.T.);
#1281 = VERTEX_POINT('',#1282);
#1282 = CARTESIAN_POINT('',(25.900000000386,-2.54,-4.5));
#1283 = LINE('',#1284,#1285);
#1284 = CARTESIAN_POINT('',(25.900000000386,-2.54,1.1));
#1285 = VECTOR('',#1286,1.);
#1286 = DIRECTION('',(-0.,-0.,-1.));
#1287 = ORIENTED_EDGE('',*,*,#1288,.T.);
#1288 = EDGE_CURVE('',#1281,#1281,#1289,.T.);
#1289 = CIRCLE('',#1290,0.5);
#1290 = AXIS2_PLACEMENT_3D('',#1291,#1292,#1293);
#1291 = CARTESIAN_POINT('',(25.400000000386,-2.54,-4.5));
#1292 = DIRECTION('',(0.,0.,1.));
#1293 = DIRECTION('',(1.,0.,0.));
#1294 = ORIENTED_EDGE('',*,*,#1280,.F.);
#1295 = CYLINDRICAL_SURFACE('',#1296,0.5);
#1296 = AXIS2_PLACEMENT_3D('',#1297,#1298,#1299);
#1297 = CARTESIAN_POINT('',(25.400000000386,-2.54,1.1));
#1298 = DIRECTION('',(0.,0.,1.));
#1299 = DIRECTION('',(1.,0.,0.));
#1300 = ADVANCED_FACE('',(#1301),#1320,.T.);
#1301 = FACE_BOUND('',#1302,.T.);
#1302 = EDGE_LOOP('',(#1303,#1304,#1312,#1319));
#1303 = ORIENTED_EDGE('',*,*,#409,.F.);
#1304 = ORIENTED_EDGE('',*,*,#1305,.T.);
#1305 = EDGE_CURVE('',#410,#1306,#1308,.T.);
#1306 = VERTEX_POINT('',#1307);
#1307 = CARTESIAN_POINT('',(28.440000000611,-2.54,-4.5));
#1308 = LINE('',#1309,#1310);
#1309 = CARTESIAN_POINT('',(28.440000000611,-2.54,1.1));
#1310 = VECTOR('',#1311,1.);
#1311 = DIRECTION('',(-0.,-0.,-1.));
#1312 = ORIENTED_EDGE('',*,*,#1313,.T.);
#1313 = EDGE_CURVE('',#1306,#1306,#1314,.T.);
#1314 = CIRCLE('',#1315,0.5);
#1315 = AXIS2_PLACEMENT_3D('',#1316,#1317,#1318);
#1316 = CARTESIAN_POINT('',(27.940000000611,-2.54,-4.5));
#1317 = DIRECTION('',(0.,0.,1.));
#1318 = DIRECTION('',(1.,0.,0.));
#1319 = ORIENTED_EDGE('',*,*,#1305,.F.);
#1320 = CYLINDRICAL_SURFACE('',#1321,0.5);
#1321 = AXIS2_PLACEMENT_3D('',#1322,#1323,#1324);
#1322 = CARTESIAN_POINT('',(27.940000000611,-2.54,1.1));
#1323 = DIRECTION('',(0.,0.,1.));
#1324 = DIRECTION('',(1.,0.,0.));
#1325 = ADVANCED_FACE('',(#1326),#1345,.T.);
#1326 = FACE_BOUND('',#1327,.T.);
#1327 = EDGE_LOOP('',(#1328,#1329,#1337,#1344));
#1328 = ORIENTED_EDGE('',*,*,#420,.F.);
#1329 = ORIENTED_EDGE('',*,*,#1330,.T.);
#1330 = EDGE_CURVE('',#421,#1331,#1333,.T.);
#1331 = VERTEX_POINT('',#1332);
#1332 = CARTESIAN_POINT('',(30.980000000868,-2.54,-4.5));
#1333 = LINE('',#1334,#1335);
#1334 = CARTESIAN_POINT('',(30.980000000868,-2.54,1.1));
#1335 = VECTOR('',#1336,1.);
#1336 = DIRECTION('',(-0.,-0.,-1.));
#1337 = ORIENTED_EDGE('',*,*,#1338,.T.);
#1338 = EDGE_CURVE('',#1331,#1331,#1339,.T.);
#1339 = CIRCLE('',#1340,0.5);
#1340 = AXIS2_PLACEMENT_3D('',#1341,#1342,#1343);
#1341 = CARTESIAN_POINT('',(30.480000000868,-2.54,-4.5));
#1342 = DIRECTION('',(0.,0.,1.));
#1343 = DIRECTION('',(1.,0.,0.));
#1344 = ORIENTED_EDGE('',*,*,#1330,.F.);
#1345 = CYLINDRICAL_SURFACE('',#1346,0.5);
#1346 = AXIS2_PLACEMENT_3D('',#1347,#1348,#1349);
#1347 = CARTESIAN_POINT('',(30.480000000868,-2.54,1.1));
#1348 = DIRECTION('',(0.,0.,1.));
#1349 = DIRECTION('',(1.,0.,0.));
#1350 = ADVANCED_FACE('',(#1351),#1370,.T.);
#1351 = FACE_BOUND('',#1352,.T.);
#1352 = EDGE_LOOP('',(#1353,#1354,#1362,#1369));
#1353 = ORIENTED_EDGE('',*,*,#431,.F.);
#1354 = ORIENTED_EDGE('',*,*,#1355,.T.);
#1355 = EDGE_CURVE('',#432,#1356,#1358,.T.);
#1356 = VERTEX_POINT('',#1357);
#1357 = CARTESIAN_POINT('',(-29.98,2.54,-4.5));
#1358 = LINE('',#1359,#1360);
#1359 = CARTESIAN_POINT('',(-29.98,2.54,1.1));
#1360 = VECTOR('',#1361,1.);
#1361 = DIRECTION('',(-0.,-0.,-1.));
#1362 = ORIENTED_EDGE('',*,*,#1363,.T.);
#1363 = EDGE_CURVE('',#1356,#1356,#1364,.T.);
#1364 = CIRCLE('',#1365,0.5);
#1365 = AXIS2_PLACEMENT_3D('',#1366,#1367,#1368);
#1366 = CARTESIAN_POINT('',(-30.48,2.54,-4.5));
#1367 = DIRECTION('',(0.,0.,1.));
#1368 = DIRECTION('',(1.,0.,0.));
#1369 = ORIENTED_EDGE('',*,*,#1355,.F.);
#1370 = CYLINDRICAL_SURFACE('',#1371,0.5);
#1371 = AXIS2_PLACEMENT_3D('',#1372,#1373,#1374);
#1372 = CARTESIAN_POINT('',(-30.48,2.54,1.1));
#1373 = DIRECTION('',(0.,0.,1.));
#1374 = DIRECTION('',(1.,0.,0.));
#1375 = ADVANCED_FACE('',(#1376),#1395,.T.);
#1376 = FACE_BOUND('',#1377,.T.);
#1377 = EDGE_LOOP('',(#1378,#1379,#1387,#1394));
#1378 = ORIENTED_EDGE('',*,*,#442,.F.);
#1379 = ORIENTED_EDGE('',*,*,#1380,.T.);
#1380 = EDGE_CURVE('',#443,#1381,#1383,.T.);
#1381 = VERTEX_POINT('',#1382);
#1382 = CARTESIAN_POINT('',(-27.44,2.54,-4.5));
#1383 = LINE('',#1384,#1385);
#1384 = CARTESIAN_POINT('',(-27.44,2.54,1.1));
#1385 = VECTOR('',#1386,1.);
#1386 = DIRECTION('',(-0.,-0.,-1.));
#1387 = ORIENTED_EDGE('',*,*,#1388,.T.);
#1388 = EDGE_CURVE('',#1381,#1381,#1389,.T.);
#1389 = CIRCLE('',#1390,0.5);
#1390 = AXIS2_PLACEMENT_3D('',#1391,#1392,#1393);
#1391 = CARTESIAN_POINT('',(-27.94,2.54,-4.5));
#1392 = DIRECTION('',(0.,0.,1.));
#1393 = DIRECTION('',(1.,0.,0.));
#1394 = ORIENTED_EDGE('',*,*,#1380,.F.);
#1395 = CYLINDRICAL_SURFACE('',#1396,0.5);
#1396 = AXIS2_PLACEMENT_3D('',#1397,#1398,#1399);
#1397 = CARTESIAN_POINT('',(-27.94,2.54,1.1));
#1398 = DIRECTION('',(0.,0.,1.));
#1399 = DIRECTION('',(1.,0.,0.));
#1400 = ADVANCED_FACE('',(#1401),#1420,.T.);
#1401 = FACE_BOUND('',#1402,.T.);
#1402 = EDGE_LOOP('',(#1403,#1404,#1412,#1419));
#1403 = ORIENTED_EDGE('',*,*,#453,.F.);
#1404 = ORIENTED_EDGE('',*,*,#1405,.T.);
#1405 = EDGE_CURVE('',#454,#1406,#1408,.T.);
#1406 = VERTEX_POINT('',#1407);
#1407 = CARTESIAN_POINT('',(-24.9,2.54,-4.5));
#1408 = LINE('',#1409,#1410);
#1409 = CARTESIAN_POINT('',(-24.9,2.54,1.1));
#1410 = VECTOR('',#1411,1.);
#1411 = DIRECTION('',(-0.,-0.,-1.));
#1412 = ORIENTED_EDGE('',*,*,#1413,.T.);
#1413 = EDGE_CURVE('',#1406,#1406,#1414,.T.);
#1414 = CIRCLE('',#1415,0.5);
#1415 = AXIS2_PLACEMENT_3D('',#1416,#1417,#1418);
#1416 = CARTESIAN_POINT('',(-25.4,2.54,-4.5));
#1417 = DIRECTION('',(0.,0.,1.));
#1418 = DIRECTION('',(1.,0.,0.));
#1419 = ORIENTED_EDGE('',*,*,#1405,.F.);
#1420 = CYLINDRICAL_SURFACE('',#1421,0.5);
#1421 = AXIS2_PLACEMENT_3D('',#1422,#1423,#1424);
#1422 = CARTESIAN_POINT('',(-25.4,2.54,1.1));
#1423 = DIRECTION('',(0.,0.,1.));
#1424 = DIRECTION('',(1.,0.,0.));
#1425 = ADVANCED_FACE('',(#1426),#1445,.T.);
#1426 = FACE_BOUND('',#1427,.T.);
#1427 = EDGE_LOOP('',(#1428,#1429,#1437,#1444));
#1428 = ORIENTED_EDGE('',*,*,#464,.F.);
#1429 = ORIENTED_EDGE('',*,*,#1430,.T.);
#1430 = EDGE_CURVE('',#465,#1431,#1433,.T.);
#1431 = VERTEX_POINT('',#1432);
#1432 = CARTESIAN_POINT('',(-22.36,2.54,-4.5));
#1433 = LINE('',#1434,#1435);
#1434 = CARTESIAN_POINT('',(-22.36,2.54,1.1));
#1435 = VECTOR('',#1436,1.);
#1436 = DIRECTION('',(-0.,-0.,-1.));
#1437 = ORIENTED_EDGE('',*,*,#1438,.T.);
#1438 = EDGE_CURVE('',#1431,#1431,#1439,.T.);
#1439 = CIRCLE('',#1440,0.5);
#1440 = AXIS2_PLACEMENT_3D('',#1441,#1442,#1443);
#1441 = CARTESIAN_POINT('',(-22.86,2.54,-4.5));
#1442 = DIRECTION('',(0.,0.,1.));
#1443 = DIRECTION('',(1.,0.,0.));
#1444 = ORIENTED_EDGE('',*,*,#1430,.F.);
#1445 = CYLINDRICAL_SURFACE('',#1446,0.5);
#1446 = AXIS2_PLACEMENT_3D('',#1447,#1448,#1449);
#1447 = CARTESIAN_POINT('',(-22.86,2.54,1.1));
#1448 = DIRECTION('',(0.,0.,1.));
#1449 = DIRECTION('',(1.,0.,0.));
#1450 = ADVANCED_FACE('',(#1451),#1470,.T.);
#1451 = FACE_BOUND('',#1452,.T.);
#1452 = EDGE_LOOP('',(#1453,#1454,#1462,#1469));
#1453 = ORIENTED_EDGE('',*,*,#475,.F.);
#1454 = ORIENTED_EDGE('',*,*,#1455,.T.);
#1455 = EDGE_CURVE('',#476,#1456,#1458,.T.);
#1456 = VERTEX_POINT('',#1457);
#1457 = CARTESIAN_POINT('',(-19.82,2.54,-4.5));
#1458 = LINE('',#1459,#1460);
#1459 = CARTESIAN_POINT('',(-19.82,2.54,1.1));
#1460 = VECTOR('',#1461,1.);
#1461 = DIRECTION('',(-0.,-0.,-1.));
#1462 = ORIENTED_EDGE('',*,*,#1463,.T.);
#1463 = EDGE_CURVE('',#1456,#1456,#1464,.T.);
#1464 = CIRCLE('',#1465,0.5);
#1465 = AXIS2_PLACEMENT_3D('',#1466,#1467,#1468);
#1466 = CARTESIAN_POINT('',(-20.32,2.54,-4.5));
#1467 = DIRECTION('',(0.,0.,1.));
#1468 = DIRECTION('',(1.,0.,0.));
#1469 = ORIENTED_EDGE('',*,*,#1455,.F.);
#1470 = CYLINDRICAL_SURFACE('',#1471,0.5);
#1471 = AXIS2_PLACEMENT_3D('',#1472,#1473,#1474);
#1472 = CARTESIAN_POINT('',(-20.32,2.54,1.1));
#1473 = DIRECTION('',(0.,0.,1.));
#1474 = DIRECTION('',(1.,0.,0.));
#1475 = ADVANCED_FACE('',(#1476),#1495,.T.);
#1476 = FACE_BOUND('',#1477,.T.);
#1477 = EDGE_LOOP('',(#1478,#1479,#1487,#1494));
#1478 = ORIENTED_EDGE('',*,*,#486,.F.);
#1479 = ORIENTED_EDGE('',*,*,#1480,.T.);
#1480 = EDGE_CURVE('',#487,#1481,#1483,.T.);
#1481 = VERTEX_POINT('',#1482);
#1482 = CARTESIAN_POINT('',(-17.28,2.54,-4.5));
#1483 = LINE('',#1484,#1485);
#1484 = CARTESIAN_POINT('',(-17.28,2.54,1.1));
#1485 = VECTOR('',#1486,1.);
#1486 = DIRECTION('',(-0.,-0.,-1.));
#1487 = ORIENTED_EDGE('',*,*,#1488,.T.);
#1488 = EDGE_CURVE('',#1481,#1481,#1489,.T.);
#1489 = CIRCLE('',#1490,0.5);
#1490 = AXIS2_PLACEMENT_3D('',#1491,#1492,#1493);
#1491 = CARTESIAN_POINT('',(-17.78,2.54,-4.5));
#1492 = DIRECTION('',(0.,0.,1.));
#1493 = DIRECTION('',(1.,0.,0.));
#1494 = ORIENTED_EDGE('',*,*,#1480,.F.);
#1495 = CYLINDRICAL_SURFACE('',#1496,0.5);
#1496 = AXIS2_PLACEMENT_3D('',#1497,#1498,#1499);
#1497 = CARTESIAN_POINT('',(-17.78,2.54,1.1));
#1498 = DIRECTION('',(0.,0.,1.));
#1499 = DIRECTION('',(1.,0.,0.));
#1500 = ADVANCED_FACE('',(#1501),#1520,.T.);
#1501 = FACE_BOUND('',#1502,.T.);
#1502 = EDGE_LOOP('',(#1503,#1504,#1512,#1519));
#1503 = ORIENTED_EDGE('',*,*,#497,.F.);
#1504 = ORIENTED_EDGE('',*,*,#1505,.T.);
#1505 = EDGE_CURVE('',#498,#1506,#1508,.T.);
#1506 = VERTEX_POINT('',#1507);
#1507 = CARTESIAN_POINT('',(-14.74,2.54,-4.5));
#1508 = LINE('',#1509,#1510);
#1509 = CARTESIAN_POINT('',(-14.74,2.54,1.1));
#1510 = VECTOR('',#1511,1.);
#1511 = DIRECTION('',(-0.,-0.,-1.));
#1512 = ORIENTED_EDGE('',*,*,#1513,.T.);
#1513 = EDGE_CURVE('',#1506,#1506,#1514,.T.);
#1514 = CIRCLE('',#1515,0.5);
#1515 = AXIS2_PLACEMENT_3D('',#1516,#1517,#1518);
#1516 = CARTESIAN_POINT('',(-15.24,2.54,-4.5));
#1517 = DIRECTION('',(0.,0.,1.));
#1518 = DIRECTION('',(1.,0.,0.));
#1519 = ORIENTED_EDGE('',*,*,#1505,.F.);
#1520 = CYLINDRICAL_SURFACE('',#1521,0.5);
#1521 = AXIS2_PLACEMENT_3D('',#1522,#1523,#1524);
#1522 = CARTESIAN_POINT('',(-15.24,2.54,1.1));
#1523 = DIRECTION('',(0.,0.,1.));
#1524 = DIRECTION('',(1.,0.,0.));
#1525 = ADVANCED_FACE('',(#1526),#1545,.T.);
#1526 = FACE_BOUND('',#1527,.T.);
#1527 = EDGE_LOOP('',(#1528,#1529,#1537,#1544));
#1528 = ORIENTED_EDGE('',*,*,#508,.F.);
#1529 = ORIENTED_EDGE('',*,*,#1530,.T.);
#1530 = EDGE_CURVE('',#509,#1531,#1533,.T.);
#1531 = VERTEX_POINT('',#1532);
#1532 = CARTESIAN_POINT('',(-12.2,2.54,-4.5));
#1533 = LINE('',#1534,#1535);
#1534 = CARTESIAN_POINT('',(-12.2,2.54,1.1));
#1535 = VECTOR('',#1536,1.);
#1536 = DIRECTION('',(-0.,-0.,-1.));
#1537 = ORIENTED_EDGE('',*,*,#1538,.T.);
#1538 = EDGE_CURVE('',#1531,#1531,#1539,.T.);
#1539 = CIRCLE('',#1540,0.5);
#1540 = AXIS2_PLACEMENT_3D('',#1541,#1542,#1543);
#1541 = CARTESIAN_POINT('',(-12.7,2.54,-4.5));
#1542 = DIRECTION('',(0.,0.,1.));
#1543 = DIRECTION('',(1.,0.,0.));
#1544 = ORIENTED_EDGE('',*,*,#1530,.F.);
#1545 = CYLINDRICAL_SURFACE('',#1546,0.5);
#1546 = AXIS2_PLACEMENT_3D('',#1547,#1548,#1549);
#1547 = CARTESIAN_POINT('',(-12.7,2.54,1.1));
#1548 = DIRECTION('',(0.,0.,1.));
#1549 = DIRECTION('',(1.,0.,0.));
#1550 = ADVANCED_FACE('',(#1551),#1570,.T.);
#1551 = FACE_BOUND('',#1552,.T.);
#1552 = EDGE_LOOP('',(#1553,#1554,#1562,#1569));
#1553 = ORIENTED_EDGE('',*,*,#519,.F.);
#1554 = ORIENTED_EDGE('',*,*,#1555,.T.);
#1555 = EDGE_CURVE('',#520,#1556,#1558,.T.);
#1556 = VERTEX_POINT('',#1557);
#1557 = CARTESIAN_POINT('',(-9.66,2.54,-4.5));
#1558 = LINE('',#1559,#1560);
#1559 = CARTESIAN_POINT('',(-9.66,2.54,1.1));
#1560 = VECTOR('',#1561,1.);
#1561 = DIRECTION('',(-0.,-0.,-1.));
#1562 = ORIENTED_EDGE('',*,*,#1563,.T.);
#1563 = EDGE_CURVE('',#1556,#1556,#1564,.T.);
#1564 = CIRCLE('',#1565,0.5);
#1565 = AXIS2_PLACEMENT_3D('',#1566,#1567,#1568);
#1566 = CARTESIAN_POINT('',(-10.16,2.54,-4.5));
#1567 = DIRECTION('',(0.,0.,1.));
#1568 = DIRECTION('',(1.,0.,0.));
#1569 = ORIENTED_EDGE('',*,*,#1555,.F.);
#1570 = CYLINDRICAL_SURFACE('',#1571,0.5);
#1571 = AXIS2_PLACEMENT_3D('',#1572,#1573,#1574);
#1572 = CARTESIAN_POINT('',(-10.16,2.54,1.1));
#1573 = DIRECTION('',(0.,0.,1.));
#1574 = DIRECTION('',(1.,0.,0.));
#1575 = ADVANCED_FACE('',(#1576),#1595,.T.);
#1576 = FACE_BOUND('',#1577,.T.);
#1577 = EDGE_LOOP('',(#1578,#1579,#1587,#1594));
#1578 = ORIENTED_EDGE('',*,*,#530,.F.);
#1579 = ORIENTED_EDGE('',*,*,#1580,.T.);
#1580 = EDGE_CURVE('',#531,#1581,#1583,.T.);
#1581 = VERTEX_POINT('',#1582);
#1582 = CARTESIAN_POINT('',(-7.12,2.54,-4.5));
#1583 = LINE('',#1584,#1585);
#1584 = CARTESIAN_POINT('',(-7.12,2.54,1.1));
#1585 = VECTOR('',#1586,1.);
#1586 = DIRECTION('',(-0.,-0.,-1.));
#1587 = ORIENTED_EDGE('',*,*,#1588,.T.);
#1588 = EDGE_CURVE('',#1581,#1581,#1589,.T.);
#1589 = CIRCLE('',#1590,0.5);
#1590 = AXIS2_PLACEMENT_3D('',#1591,#1592,#1593);
#1591 = CARTESIAN_POINT('',(-7.62,2.54,-4.5));
#1592 = DIRECTION('',(0.,0.,1.));
#1593 = DIRECTION('',(1.,0.,0.));
#1594 = ORIENTED_EDGE('',*,*,#1580,.F.);
#1595 = CYLINDRICAL_SURFACE('',#1596,0.5);
#1596 = AXIS2_PLACEMENT_3D('',#1597,#1598,#1599);
#1597 = CARTESIAN_POINT('',(-7.62,2.54,1.1));
#1598 = DIRECTION('',(0.,0.,1.));
#1599 = DIRECTION('',(1.,0.,0.));
#1600 = ADVANCED_FACE('',(#1601),#1620,.T.);
#1601 = FACE_BOUND('',#1602,.T.);
#1602 = EDGE_LOOP('',(#1603,#1604,#1612,#1619));
#1603 = ORIENTED_EDGE('',*,*,#541,.F.);
#1604 = ORIENTED_EDGE('',*,*,#1605,.T.);
#1605 = EDGE_CURVE('',#542,#1606,#1608,.T.);
#1606 = VERTEX_POINT('',#1607);
#1607 = CARTESIAN_POINT('',(-4.58,2.54,-4.5));
#1608 = LINE('',#1609,#1610);
#1609 = CARTESIAN_POINT('',(-4.58,2.54,1.1));
#1610 = VECTOR('',#1611,1.);
#1611 = DIRECTION('',(-0.,-0.,-1.));
#1612 = ORIENTED_EDGE('',*,*,#1613,.T.);
#1613 = EDGE_CURVE('',#1606,#1606,#1614,.T.);
#1614 = CIRCLE('',#1615,0.5);
#1615 = AXIS2_PLACEMENT_3D('',#1616,#1617,#1618);
#1616 = CARTESIAN_POINT('',(-5.08,2.54,-4.5));
#1617 = DIRECTION('',(0.,0.,1.));
#1618 = DIRECTION('',(1.,0.,0.));
#1619 = ORIENTED_EDGE('',*,*,#1605,.F.);
#1620 = CYLINDRICAL_SURFACE('',#1621,0.5);
#1621 = AXIS2_PLACEMENT_3D('',#1622,#1623,#1624);
#1622 = CARTESIAN_POINT('',(-5.08,2.54,1.1));
#1623 = DIRECTION('',(0.,0.,1.));
#1624 = DIRECTION('',(1.,0.,0.));
#1625 = ADVANCED_FACE('',(#1626),#1645,.T.);
#1626 = FACE_BOUND('',#1627,.T.);
#1627 = EDGE_LOOP('',(#1628,#1629,#1637,#1644));
#1628 = ORIENTED_EDGE('',*,*,#552,.F.);
#1629 = ORIENTED_EDGE('',*,*,#1630,.T.);
#1630 = EDGE_CURVE('',#553,#1631,#1633,.T.);
#1631 = VERTEX_POINT('',#1632);
#1632 = CARTESIAN_POINT('',(-2.04,2.54,-4.5));
#1633 = LINE('',#1634,#1635);
#1634 = CARTESIAN_POINT('',(-2.04,2.54,1.1));
#1635 = VECTOR('',#1636,1.);
#1636 = DIRECTION('',(-0.,-0.,-1.));
#1637 = ORIENTED_EDGE('',*,*,#1638,.T.);
#1638 = EDGE_CURVE('',#1631,#1631,#1639,.T.);
#1639 = CIRCLE('',#1640,0.5);
#1640 = AXIS2_PLACEMENT_3D('',#1641,#1642,#1643);
#1641 = CARTESIAN_POINT('',(-2.54,2.54,-4.5));
#1642 = DIRECTION('',(0.,0.,1.));
#1643 = DIRECTION('',(1.,0.,0.));
#1644 = ORIENTED_EDGE('',*,*,#1630,.F.);
#1645 = CYLINDRICAL_SURFACE('',#1646,0.5);
#1646 = AXIS2_PLACEMENT_3D('',#1647,#1648,#1649);
#1647 = CARTESIAN_POINT('',(-2.54,2.54,1.1));
#1648 = DIRECTION('',(0.,0.,1.));
#1649 = DIRECTION('',(1.,0.,0.));
#1650 = ADVANCED_FACE('',(#1651),#1670,.T.);
#1651 = FACE_BOUND('',#1652,.T.);
#1652 = EDGE_LOOP('',(#1653,#1654,#1662,#1669));
#1653 = ORIENTED_EDGE('',*,*,#563,.F.);
#1654 = ORIENTED_EDGE('',*,*,#1655,.T.);
#1655 = EDGE_CURVE('',#564,#1656,#1658,.T.);
#1656 = VERTEX_POINT('',#1657);
#1657 = CARTESIAN_POINT('',(0.5,2.54,-4.5));
#1658 = LINE('',#1659,#1660);
#1659 = CARTESIAN_POINT('',(0.5,2.54,1.1));
#1660 = VECTOR('',#1661,1.);
#1661 = DIRECTION('',(-0.,-0.,-1.));
#1662 = ORIENTED_EDGE('',*,*,#1663,.T.);
#1663 = EDGE_CURVE('',#1656,#1656,#1664,.T.);
#1664 = CIRCLE('',#1665,0.5);
#1665 = AXIS2_PLACEMENT_3D('',#1666,#1667,#1668);
#1666 = CARTESIAN_POINT('',(0.,2.54,-4.5));
#1667 = DIRECTION('',(0.,0.,1.));
#1668 = DIRECTION('',(1.,0.,0.));
#1669 = ORIENTED_EDGE('',*,*,#1655,.F.);
#1670 = CYLINDRICAL_SURFACE('',#1671,0.5);
#1671 = AXIS2_PLACEMENT_3D('',#1672,#1673,#1674);
#1672 = CARTESIAN_POINT('',(0.,2.54,1.1));
#1673 = DIRECTION('',(0.,0.,1.));
#1674 = DIRECTION('',(1.,0.,0.));
#1675 = ADVANCED_FACE('',(#1676),#1695,.T.);
#1676 = FACE_BOUND('',#1677,.T.);
#1677 = EDGE_LOOP('',(#1678,#1679,#1687,#1694));
#1678 = ORIENTED_EDGE('',*,*,#574,.F.);
#1679 = ORIENTED_EDGE('',*,*,#1680,.T.);
#1680 = EDGE_CURVE('',#575,#1681,#1683,.T.);
#1681 = VERTEX_POINT('',#1682);
#1682 = CARTESIAN_POINT('',(3.04,2.54,-4.5));
#1683 = LINE('',#1684,#1685);
#1684 = CARTESIAN_POINT('',(3.04,2.54,1.1));
#1685 = VECTOR('',#1686,1.);
#1686 = DIRECTION('',(-0.,-0.,-1.));
#1687 = ORIENTED_EDGE('',*,*,#1688,.T.);
#1688 = EDGE_CURVE('',#1681,#1681,#1689,.T.);
#1689 = CIRCLE('',#1690,0.5);
#1690 = AXIS2_PLACEMENT_3D('',#1691,#1692,#1693);
#1691 = CARTESIAN_POINT('',(2.54,2.54,-4.5));
#1692 = DIRECTION('',(0.,0.,1.));
#1693 = DIRECTION('',(1.,0.,0.));
#1694 = ORIENTED_EDGE('',*,*,#1680,.F.);
#1695 = CYLINDRICAL_SURFACE('',#1696,0.5);
#1696 = AXIS2_PLACEMENT_3D('',#1697,#1698,#1699);
#1697 = CARTESIAN_POINT('',(2.54,2.54,1.1));
#1698 = DIRECTION('',(0.,0.,1.));
#1699 = DIRECTION('',(1.,0.,0.));
#1700 = ADVANCED_FACE('',(#1701),#1720,.T.);
#1701 = FACE_BOUND('',#1702,.T.);
#1702 = EDGE_LOOP('',(#1703,#1704,#1712,#1719));
#1703 = ORIENTED_EDGE('',*,*,#585,.F.);
#1704 = ORIENTED_EDGE('',*,*,#1705,.T.);
#1705 = EDGE_CURVE('',#586,#1706,#1708,.T.);
#1706 = VERTEX_POINT('',#1707);
#1707 = CARTESIAN_POINT('',(5.58,2.54,-4.5));
#1708 = LINE('',#1709,#1710);
#1709 = CARTESIAN_POINT('',(5.58,2.54,1.1));
#1710 = VECTOR('',#1711,1.);
#1711 = DIRECTION('',(-0.,-0.,-1.));
#1712 = ORIENTED_EDGE('',*,*,#1713,.T.);
#1713 = EDGE_CURVE('',#1706,#1706,#1714,.T.);
#1714 = CIRCLE('',#1715,0.5);
#1715 = AXIS2_PLACEMENT_3D('',#1716,#1717,#1718);
#1716 = CARTESIAN_POINT('',(5.08,2.54,-4.5));
#1717 = DIRECTION('',(0.,0.,1.));
#1718 = DIRECTION('',(1.,0.,0.));
#1719 = ORIENTED_EDGE('',*,*,#1705,.F.);
#1720 = CYLINDRICAL_SURFACE('',#1721,0.5);
#1721 = AXIS2_PLACEMENT_3D('',#1722,#1723,#1724);
#1722 = CARTESIAN_POINT('',(5.08,2.54,1.1));
#1723 = DIRECTION('',(0.,0.,1.));
#1724 = DIRECTION('',(1.,0.,0.));
#1725 = ADVANCED_FACE('',(#1726),#1745,.T.);
#1726 = FACE_BOUND('',#1727,.T.);
#1727 = EDGE_LOOP('',(#1728,#1729,#1737,#1744));
#1728 = ORIENTED_EDGE('',*,*,#596,.F.);
#1729 = ORIENTED_EDGE('',*,*,#1730,.T.);
#1730 = EDGE_CURVE('',#597,#1731,#1733,.T.);
#1731 = VERTEX_POINT('',#1732);
#1732 = CARTESIAN_POINT('',(8.12,2.54,-4.5));
#1733 = LINE('',#1734,#1735);
#1734 = CARTESIAN_POINT('',(8.12,2.54,1.1));
#1735 = VECTOR('',#1736,1.);
#1736 = DIRECTION('',(-0.,-0.,-1.));
#1737 = ORIENTED_EDGE('',*,*,#1738,.T.);
#1738 = EDGE_CURVE('',#1731,#1731,#1739,.T.);
#1739 = CIRCLE('',#1740,0.5);
#1740 = AXIS2_PLACEMENT_3D('',#1741,#1742,#1743);
#1741 = CARTESIAN_POINT('',(7.62,2.54,-4.5));
#1742 = DIRECTION('',(0.,0.,1.));
#1743 = DIRECTION('',(1.,0.,0.));
#1744 = ORIENTED_EDGE('',*,*,#1730,.F.);
#1745 = CYLINDRICAL_SURFACE('',#1746,0.5);
#1746 = AXIS2_PLACEMENT_3D('',#1747,#1748,#1749);
#1747 = CARTESIAN_POINT('',(7.62,2.54,1.1));
#1748 = DIRECTION('',(0.,0.,1.));
#1749 = DIRECTION('',(1.,0.,0.));
#1750 = ADVANCED_FACE('',(#1751),#1770,.T.);
#1751 = FACE_BOUND('',#1752,.T.);
#1752 = EDGE_LOOP('',(#1753,#1754,#1762,#1769));
#1753 = ORIENTED_EDGE('',*,*,#607,.F.);
#1754 = ORIENTED_EDGE('',*,*,#1755,.T.);
#1755 = EDGE_CURVE('',#608,#1756,#1758,.T.);
#1756 = VERTEX_POINT('',#1757);
#1757 = CARTESIAN_POINT('',(10.66,2.54,-4.5));
#1758 = LINE('',#1759,#1760);
#1759 = CARTESIAN_POINT('',(10.66,2.54,1.1));
#1760 = VECTOR('',#1761,1.);
#1761 = DIRECTION('',(-0.,-0.,-1.));
#1762 = ORIENTED_EDGE('',*,*,#1763,.T.);
#1763 = EDGE_CURVE('',#1756,#1756,#1764,.T.);
#1764 = CIRCLE('',#1765,0.5);
#1765 = AXIS2_PLACEMENT_3D('',#1766,#1767,#1768);
#1766 = CARTESIAN_POINT('',(10.16,2.54,-4.5));
#1767 = DIRECTION('',(0.,0.,1.));
#1768 = DIRECTION('',(1.,0.,0.));
#1769 = ORIENTED_EDGE('',*,*,#1755,.F.);
#1770 = CYLINDRICAL_SURFACE('',#1771,0.5);
#1771 = AXIS2_PLACEMENT_3D('',#1772,#1773,#1774);
#1772 = CARTESIAN_POINT('',(10.16,2.54,1.1));
#1773 = DIRECTION('',(0.,0.,1.));
#1774 = DIRECTION('',(1.,0.,0.));
#1775 = ADVANCED_FACE('',(#1776),#1795,.T.);
#1776 = FACE_BOUND('',#1777,.T.);
#1777 = EDGE_LOOP('',(#1778,#1779,#1787,#1794));
#1778 = ORIENTED_EDGE('',*,*,#618,.F.);
#1779 = ORIENTED_EDGE('',*,*,#1780,.T.);
#1780 = EDGE_CURVE('',#619,#1781,#1783,.T.);
#1781 = VERTEX_POINT('',#1782);
#1782 = CARTESIAN_POINT('',(13.2,2.54,-4.5));
#1783 = LINE('',#1784,#1785);
#1784 = CARTESIAN_POINT('',(13.2,2.54,1.1));
#1785 = VECTOR('',#1786,1.);
#1786 = DIRECTION('',(-0.,-0.,-1.));
#1787 = ORIENTED_EDGE('',*,*,#1788,.T.);
#1788 = EDGE_CURVE('',#1781,#1781,#1789,.T.);
#1789 = CIRCLE('',#1790,0.5);
#1790 = AXIS2_PLACEMENT_3D('',#1791,#1792,#1793);
#1791 = CARTESIAN_POINT('',(12.7,2.54,-4.5));
#1792 = DIRECTION('',(0.,0.,1.));
#1793 = DIRECTION('',(1.,0.,0.));
#1794 = ORIENTED_EDGE('',*,*,#1780,.F.);
#1795 = CYLINDRICAL_SURFACE('',#1796,0.5);
#1796 = AXIS2_PLACEMENT_3D('',#1797,#1798,#1799);
#1797 = CARTESIAN_POINT('',(12.7,2.54,1.1));
#1798 = DIRECTION('',(0.,0.,1.));
#1799 = DIRECTION('',(1.,0.,0.));
#1800 = ADVANCED_FACE('',(#1801),#1820,.T.);
#1801 = FACE_BOUND('',#1802,.T.);
#1802 = EDGE_LOOP('',(#1803,#1804,#1812,#1819));
#1803 = ORIENTED_EDGE('',*,*,#629,.F.);
#1804 = ORIENTED_EDGE('',*,*,#1805,.T.);
#1805 = EDGE_CURVE('',#630,#1806,#1808,.T.);
#1806 = VERTEX_POINT('',#1807);
#1807 = CARTESIAN_POINT('',(15.74,2.54,-4.5));
#1808 = LINE('',#1809,#1810);
#1809 = CARTESIAN_POINT('',(15.74,2.54,1.1));
#1810 = VECTOR('',#1811,1.);
#1811 = DIRECTION('',(-0.,-0.,-1.));
#1812 = ORIENTED_EDGE('',*,*,#1813,.T.);
#1813 = EDGE_CURVE('',#1806,#1806,#1814,.T.);
#1814 = CIRCLE('',#1815,0.5);
#1815 = AXIS2_PLACEMENT_3D('',#1816,#1817,#1818);
#1816 = CARTESIAN_POINT('',(15.24,2.54,-4.5));
#1817 = DIRECTION('',(0.,0.,1.));
#1818 = DIRECTION('',(1.,0.,0.));
#1819 = ORIENTED_EDGE('',*,*,#1805,.F.);
#1820 = CYLINDRICAL_SURFACE('',#1821,0.5);
#1821 = AXIS2_PLACEMENT_3D('',#1822,#1823,#1824);
#1822 = CARTESIAN_POINT('',(15.24,2.54,1.1));
#1823 = DIRECTION('',(0.,0.,1.));
#1824 = DIRECTION('',(1.,0.,0.));
#1825 = ADVANCED_FACE('',(#1826),#1845,.T.);
#1826 = FACE_BOUND('',#1827,.T.);
#1827 = EDGE_LOOP('',(#1828,#1829,#1837,#1844));
#1828 = ORIENTED_EDGE('',*,*,#640,.F.);
#1829 = ORIENTED_EDGE('',*,*,#1830,.T.);
#1830 = EDGE_CURVE('',#641,#1831,#1833,.T.);
#1831 = VERTEX_POINT('',#1832);
#1832 = CARTESIAN_POINT('',(18.28,2.54,-4.5));
#1833 = LINE('',#1834,#1835);
#1834 = CARTESIAN_POINT('',(18.28,2.54,1.1));
#1835 = VECTOR('',#1836,1.);
#1836 = DIRECTION('',(-0.,-0.,-1.));
#1837 = ORIENTED_EDGE('',*,*,#1838,.T.);
#1838 = EDGE_CURVE('',#1831,#1831,#1839,.T.);
#1839 = CIRCLE('',#1840,0.5);
#1840 = AXIS2_PLACEMENT_3D('',#1841,#1842,#1843);
#1841 = CARTESIAN_POINT('',(17.78,2.54,-4.5));
#1842 = DIRECTION('',(0.,0.,1.));
#1843 = DIRECTION('',(1.,0.,0.));
#1844 = ORIENTED_EDGE('',*,*,#1830,.F.);
#1845 = CYLINDRICAL_SURFACE('',#1846,0.5);
#1846 = AXIS2_PLACEMENT_3D('',#1847,#1848,#1849);
#1847 = CARTESIAN_POINT('',(17.78,2.54,1.1));
#1848 = DIRECTION('',(0.,0.,1.));
#1849 = DIRECTION('',(1.,0.,0.));
#1850 = ADVANCED_FACE('',(#1851),#1870,.T.);
#1851 = FACE_BOUND('',#1852,.T.);
#1852 = EDGE_LOOP('',(#1853,#1854,#1862,#1869));
#1853 = ORIENTED_EDGE('',*,*,#651,.F.);
#1854 = ORIENTED_EDGE('',*,*,#1855,.T.);
#1855 = EDGE_CURVE('',#652,#1856,#1858,.T.);
#1856 = VERTEX_POINT('',#1857);
#1857 = CARTESIAN_POINT('',(20.82,2.54,-4.5));
#1858 = LINE('',#1859,#1860);
#1859 = CARTESIAN_POINT('',(20.82,2.54,1.1));
#1860 = VECTOR('',#1861,1.);
#1861 = DIRECTION('',(-0.,-0.,-1.));
#1862 = ORIENTED_EDGE('',*,*,#1863,.T.);
#1863 = EDGE_CURVE('',#1856,#1856,#1864,.T.);
#1864 = CIRCLE('',#1865,0.5);
#1865 = AXIS2_PLACEMENT_3D('',#1866,#1867,#1868);
#1866 = CARTESIAN_POINT('',(20.32,2.54,-4.5));
#1867 = DIRECTION('',(0.,0.,1.));
#1868 = DIRECTION('',(1.,0.,0.));
#1869 = ORIENTED_EDGE('',*,*,#1855,.F.);
#1870 = CYLINDRICAL_SURFACE('',#1871,0.5);
#1871 = AXIS2_PLACEMENT_3D('',#1872,#1873,#1874);
#1872 = CARTESIAN_POINT('',(20.32,2.54,1.1));
#1873 = DIRECTION('',(0.,0.,1.));
#1874 = DIRECTION('',(1.,0.,0.));
#1875 = ADVANCED_FACE('',(#1876),#1895,.T.);
#1876 = FACE_BOUND('',#1877,.T.);
#1877 = EDGE_LOOP('',(#1878,#1879,#1887,#1894));
#1878 = ORIENTED_EDGE('',*,*,#662,.F.);
#1879 = ORIENTED_EDGE('',*,*,#1880,.T.);
#1880 = EDGE_CURVE('',#663,#1881,#1883,.T.);
#1881 = VERTEX_POINT('',#1882);
#1882 = CARTESIAN_POINT('',(23.36,2.54,-4.5));
#1883 = LINE('',#1884,#1885);
#1884 = CARTESIAN_POINT('',(23.36,2.54,1.1));
#1885 = VECTOR('',#1886,1.);
#1886 = DIRECTION('',(-0.,-0.,-1.));
#1887 = ORIENTED_EDGE('',*,*,#1888,.T.);
#1888 = EDGE_CURVE('',#1881,#1881,#1889,.T.);
#1889 = CIRCLE('',#1890,0.5);
#1890 = AXIS2_PLACEMENT_3D('',#1891,#1892,#1893);
#1891 = CARTESIAN_POINT('',(22.86,2.54,-4.5));
#1892 = DIRECTION('',(0.,0.,1.));
#1893 = DIRECTION('',(1.,0.,0.));
#1894 = ORIENTED_EDGE('',*,*,#1880,.F.);
#1895 = CYLINDRICAL_SURFACE('',#1896,0.5);
#1896 = AXIS2_PLACEMENT_3D('',#1897,#1898,#1899);
#1897 = CARTESIAN_POINT('',(22.86,2.54,1.1));
#1898 = DIRECTION('',(0.,0.,1.));
#1899 = DIRECTION('',(1.,0.,0.));
#1900 = ADVANCED_FACE('',(#1901),#1920,.T.);
#1901 = FACE_BOUND('',#1902,.T.);
#1902 = EDGE_LOOP('',(#1903,#1904,#1912,#1919));
#1903 = ORIENTED_EDGE('',*,*,#673,.F.);
#1904 = ORIENTED_EDGE('',*,*,#1905,.T.);
#1905 = EDGE_CURVE('',#674,#1906,#1908,.T.);
#1906 = VERTEX_POINT('',#1907);
#1907 = CARTESIAN_POINT('',(25.9,2.54,-4.5));
#1908 = LINE('',#1909,#1910);
#1909 = CARTESIAN_POINT('',(25.9,2.54,1.1));
#1910 = VECTOR('',#1911,1.);
#1911 = DIRECTION('',(-0.,-0.,-1.));
#1912 = ORIENTED_EDGE('',*,*,#1913,.T.);
#1913 = EDGE_CURVE('',#1906,#1906,#1914,.T.);
#1914 = CIRCLE('',#1915,0.5);
#1915 = AXIS2_PLACEMENT_3D('',#1916,#1917,#1918);
#1916 = CARTESIAN_POINT('',(25.4,2.54,-4.5));
#1917 = DIRECTION('',(0.,0.,1.));
#1918 = DIRECTION('',(1.,0.,0.));
#1919 = ORIENTED_EDGE('',*,*,#1905,.F.);
#1920 = CYLINDRICAL_SURFACE('',#1921,0.5);
#1921 = AXIS2_PLACEMENT_3D('',#1922,#1923,#1924);
#1922 = CARTESIAN_POINT('',(25.4,2.54,1.1));
#1923 = DIRECTION('',(0.,0.,1.));
#1924 = DIRECTION('',(1.,0.,0.));
#1925 = ADVANCED_FACE('',(#1926),#1945,.T.);
#1926 = FACE_BOUND('',#1927,.T.);
#1927 = EDGE_LOOP('',(#1928,#1929,#1937,#1944));
#1928 = ORIENTED_EDGE('',*,*,#684,.F.);
#1929 = ORIENTED_EDGE('',*,*,#1930,.T.);
#1930 = EDGE_CURVE('',#685,#1931,#1933,.T.);
#1931 = VERTEX_POINT('',#1932);
#1932 = CARTESIAN_POINT('',(28.44,2.54,-4.5));
#1933 = LINE('',#1934,#1935);
#1934 = CARTESIAN_POINT('',(28.44,2.54,1.1));
#1935 = VECTOR('',#1936,1.);
#1936 = DIRECTION('',(-0.,-0.,-1.));
#1937 = ORIENTED_EDGE('',*,*,#1938,.T.);
#1938 = EDGE_CURVE('',#1931,#1931,#1939,.T.);
#1939 = CIRCLE('',#1940,0.5);
#1940 = AXIS2_PLACEMENT_3D('',#1941,#1942,#1943);
#1941 = CARTESIAN_POINT('',(27.94,2.54,-4.5));
#1942 = DIRECTION('',(0.,0.,1.));
#1943 = DIRECTION('',(1.,0.,0.));
#1944 = ORIENTED_EDGE('',*,*,#1930,.F.);
#1945 = CYLINDRICAL_SURFACE('',#1946,0.5);
#1946 = AXIS2_PLACEMENT_3D('',#1947,#1948,#1949);
#1947 = CARTESIAN_POINT('',(27.94,2.54,1.1));
#1948 = DIRECTION('',(0.,0.,1.));
#1949 = DIRECTION('',(1.,0.,0.));
#1950 = ADVANCED_FACE('',(#1951),#1970,.T.);
#1951 = FACE_BOUND('',#1952,.T.);
#1952 = EDGE_LOOP('',(#1953,#1954,#1962,#1969));
#1953 = ORIENTED_EDGE('',*,*,#695,.F.);
#1954 = ORIENTED_EDGE('',*,*,#1955,.T.);
#1955 = EDGE_CURVE('',#696,#1956,#1958,.T.);
#1956 = VERTEX_POINT('',#1957);
#1957 = CARTESIAN_POINT('',(30.98,2.54,-4.5));
#1958 = LINE('',#1959,#1960);
#1959 = CARTESIAN_POINT('',(30.98,2.54,1.1));
#1960 = VECTOR('',#1961,1.);
#1961 = DIRECTION('',(-0.,-0.,-1.));
#1962 = ORIENTED_EDGE('',*,*,#1963,.T.);
#1963 = EDGE_CURVE('',#1956,#1956,#1964,.T.);
#1964 = CIRCLE('',#1965,0.5);
#1965 = AXIS2_PLACEMENT_3D('',#1966,#1967,#1968);
#1966 = CARTESIAN_POINT('',(30.48,2.54,-4.5));
#1967 = DIRECTION('',(0.,0.,1.));
#1968 = DIRECTION('',(1.,0.,0.));
#1969 = ORIENTED_EDGE('',*,*,#1955,.F.);
#1970 = CYLINDRICAL_SURFACE('',#1971,0.5);
#1971 = AXIS2_PLACEMENT_3D('',#1972,#1973,#1974);
#1972 = CARTESIAN_POINT('',(30.48,2.54,1.1));
#1973 = DIRECTION('',(0.,0.,1.));
#1974 = DIRECTION('',(1.,0.,0.));
#1975 = ADVANCED_FACE('',(#1976),#1979,.F.);
#1976 = FACE_BOUND('',#1977,.F.);
#1977 = EDGE_LOOP('',(#1978));
#1978 = ORIENTED_EDGE('',*,*,#738,.T.);
#1979 = PLANE('',#1980);
#1980 = AXIS2_PLACEMENT_3D('',#1981,#1982,#1983);
#1981 = CARTESIAN_POINT('',(-7.198107769438E-11,-4.854412470515E-16,-4.5
    ));
#1982 = DIRECTION('',(0.,0.,1.));
#1983 = DIRECTION('',(1.,0.,0.));
#1984 = ADVANCED_FACE('',(#1985),#1988,.F.);
#1985 = FACE_BOUND('',#1986,.F.);
#1986 = EDGE_LOOP('',(#1987));
#1987 = ORIENTED_EDGE('',*,*,#763,.T.);
#1988 = PLANE('',#1989);
#1989 = AXIS2_PLACEMENT_3D('',#1990,#1991,#1992);
#1990 = CARTESIAN_POINT('',(-7.198107769438E-11,-4.854412470515E-16,-4.5
    ));
#1991 = DIRECTION('',(0.,0.,1.));
#1992 = DIRECTION('',(1.,0.,0.));
#1993 = ADVANCED_FACE('',(#1994),#1997,.F.);
#1994 = FACE_BOUND('',#1995,.F.);
#1995 = EDGE_LOOP('',(#1996));
#1996 = ORIENTED_EDGE('',*,*,#788,.T.);
#1997 = PLANE('',#1998);
#1998 = AXIS2_PLACEMENT_3D('',#1999,#2000,#2001);
#1999 = CARTESIAN_POINT('',(-7.198107769438E-11,-4.854412470515E-16,-4.5
    ));
#2000 = DIRECTION('',(0.,0.,1.));
#2001 = DIRECTION('',(1.,0.,0.));
#2002 = ADVANCED_FACE('',(#2003),#2006,.F.);
#2003 = FACE_BOUND('',#2004,.F.);
#2004 = EDGE_LOOP('',(#2005));
#2005 = ORIENTED_EDGE('',*,*,#813,.T.);
#2006 = PLANE('',#2007);
#2007 = AXIS2_PLACEMENT_3D('',#2008,#2009,#2010);
#2008 = CARTESIAN_POINT('',(-7.198107769438E-11,-4.854412470515E-16,-4.5
    ));
#2009 = DIRECTION('',(0.,0.,1.));
#2010 = DIRECTION('',(1.,0.,0.));
#2011 = ADVANCED_FACE('',(#2012),#2015,.F.);
#2012 = FACE_BOUND('',#2013,.F.);
#2013 = EDGE_LOOP('',(#2014));
#2014 = ORIENTED_EDGE('',*,*,#838,.T.);
#2015 = PLANE('',#2016);
#2016 = AXIS2_PLACEMENT_3D('',#2017,#2018,#2019);
#2017 = CARTESIAN_POINT('',(-7.198107769438E-11,-4.854412470515E-16,-4.5
    ));
#2018 = DIRECTION('',(0.,0.,1.));
#2019 = DIRECTION('',(1.,0.,0.));
#2020 = ADVANCED_FACE('',(#2021),#2024,.F.);
#2021 = FACE_BOUND('',#2022,.F.);
#2022 = EDGE_LOOP('',(#2023));
#2023 = ORIENTED_EDGE('',*,*,#863,.T.);
#2024 = PLANE('',#2025);
#2025 = AXIS2_PLACEMENT_3D('',#2026,#2027,#2028);
#2026 = CARTESIAN_POINT('',(-7.198107769438E-11,-4.854412470515E-16,-4.5
    ));
#2027 = DIRECTION('',(0.,0.,1.));
#2028 = DIRECTION('',(1.,0.,0.));
#2029 = ADVANCED_FACE('',(#2030),#2033,.F.);
#2030 = FACE_BOUND('',#2031,.F.);
#2031 = EDGE_LOOP('',(#2032));
#2032 = ORIENTED_EDGE('',*,*,#888,.T.);
#2033 = PLANE('',#2034);
#2034 = AXIS2_PLACEMENT_3D('',#2035,#2036,#2037);
#2035 = CARTESIAN_POINT('',(-7.198107769438E-11,-4.854412470515E-16,-4.5
    ));
#2036 = DIRECTION('',(0.,0.,1.));
#2037 = DIRECTION('',(1.,0.,0.));
#2038 = ADVANCED_FACE('',(#2039),#2042,.F.);
#2039 = FACE_BOUND('',#2040,.F.);
#2040 = EDGE_LOOP('',(#2041));
#2041 = ORIENTED_EDGE('',*,*,#913,.T.);
#2042 = PLANE('',#2043);
#2043 = AXIS2_PLACEMENT_3D('',#2044,#2045,#2046);
#2044 = CARTESIAN_POINT('',(-7.198107769438E-11,-4.854412470515E-16,-4.5
    ));
#2045 = DIRECTION('',(0.,0.,1.));
#2046 = DIRECTION('',(1.,0.,0.));
#2047 = ADVANCED_FACE('',(#2048),#2051,.F.);
#2048 = FACE_BOUND('',#2049,.F.);
#2049 = EDGE_LOOP('',(#2050));
#2050 = ORIENTED_EDGE('',*,*,#938,.T.);
#2051 = PLANE('',#2052);
#2052 = AXIS2_PLACEMENT_3D('',#2053,#2054,#2055);
#2053 = CARTESIAN_POINT('',(-7.198107769438E-11,-4.854412470515E-16,-4.5
    ));
#2054 = DIRECTION('',(0.,0.,1.));
#2055 = DIRECTION('',(1.,0.,0.));
#2056 = ADVANCED_FACE('',(#2057),#2060,.F.);
#2057 = FACE_BOUND('',#2058,.F.);
#2058 = EDGE_LOOP('',(#2059));
#2059 = ORIENTED_EDGE('',*,*,#963,.T.);
#2060 = PLANE('',#2061);
#2061 = AXIS2_PLACEMENT_3D('',#2062,#2063,#2064);
#2062 = CARTESIAN_POINT('',(-7.198107769438E-11,-4.854412470515E-16,-4.5
    ));
#2063 = DIRECTION('',(0.,0.,1.));
#2064 = DIRECTION('',(1.,0.,0.));
#2065 = ADVANCED_FACE('',(#2066),#2069,.F.);
#2066 = FACE_BOUND('',#2067,.F.);
#2067 = EDGE_LOOP('',(#2068));
#2068 = ORIENTED_EDGE('',*,*,#988,.T.);
#2069 = PLANE('',#2070);
#2070 = AXIS2_PLACEMENT_3D('',#2071,#2072,#2073);
#2071 = CARTESIAN_POINT('',(-7.198107769438E-11,-4.854412470515E-16,-4.5
    ));
#2072 = DIRECTION('',(0.,0.,1.));
#2073 = DIRECTION('',(1.,0.,0.));
#2074 = ADVANCED_FACE('',(#2075),#2078,.F.);
#2075 = FACE_BOUND('',#2076,.F.);
#2076 = EDGE_LOOP('',(#2077));
#2077 = ORIENTED_EDGE('',*,*,#1013,.T.);
#2078 = PLANE('',#2079);
#2079 = AXIS2_PLACEMENT_3D('',#2080,#2081,#2082);
#2080 = CARTESIAN_POINT('',(-7.198107769438E-11,-4.854412470515E-16,-4.5
    ));
#2081 = DIRECTION('',(0.,0.,1.));
#2082 = DIRECTION('',(1.,0.,0.));
#2083 = ADVANCED_FACE('',(#2084),#2087,.F.);
#2084 = FACE_BOUND('',#2085,.F.);
#2085 = EDGE_LOOP('',(#2086));
#2086 = ORIENTED_EDGE('',*,*,#1038,.T.);
#2087 = PLANE('',#2088);
#2088 = AXIS2_PLACEMENT_3D('',#2089,#2090,#2091);
#2089 = CARTESIAN_POINT('',(-7.198107769438E-11,-4.854412470515E-16,-4.5
    ));
#2090 = DIRECTION('',(0.,0.,1.));
#2091 = DIRECTION('',(1.,0.,0.));
#2092 = ADVANCED_FACE('',(#2093),#2096,.F.);
#2093 = FACE_BOUND('',#2094,.F.);
#2094 = EDGE_LOOP('',(#2095));
#2095 = ORIENTED_EDGE('',*,*,#1063,.T.);
#2096 = PLANE('',#2097);
#2097 = AXIS2_PLACEMENT_3D('',#2098,#2099,#2100);
#2098 = CARTESIAN_POINT('',(-7.198107769438E-11,-4.854412470515E-16,-4.5
    ));
#2099 = DIRECTION('',(0.,0.,1.));
#2100 = DIRECTION('',(1.,0.,0.));
#2101 = ADVANCED_FACE('',(#2102),#2105,.F.);
#2102 = FACE_BOUND('',#2103,.F.);
#2103 = EDGE_LOOP('',(#2104));
#2104 = ORIENTED_EDGE('',*,*,#1088,.T.);
#2105 = PLANE('',#2106);
#2106 = AXIS2_PLACEMENT_3D('',#2107,#2108,#2109);
#2107 = CARTESIAN_POINT('',(-7.198107769438E-11,-4.854412470515E-16,-4.5
    ));
#2108 = DIRECTION('',(0.,0.,1.));
#2109 = DIRECTION('',(1.,0.,0.));
#2110 = ADVANCED_FACE('',(#2111),#2114,.F.);
#2111 = FACE_BOUND('',#2112,.F.);
#2112 = EDGE_LOOP('',(#2113));
#2113 = ORIENTED_EDGE('',*,*,#1113,.T.);
#2114 = PLANE('',#2115);
#2115 = AXIS2_PLACEMENT_3D('',#2116,#2117,#2118);
#2116 = CARTESIAN_POINT('',(-7.198107769438E-11,-4.854412470515E-16,-4.5
    ));
#2117 = DIRECTION('',(0.,0.,1.));
#2118 = DIRECTION('',(1.,0.,0.));
#2119 = ADVANCED_FACE('',(#2120),#2123,.F.);
#2120 = FACE_BOUND('',#2121,.F.);
#2121 = EDGE_LOOP('',(#2122));
#2122 = ORIENTED_EDGE('',*,*,#1138,.T.);
#2123 = PLANE('',#2124);
#2124 = AXIS2_PLACEMENT_3D('',#2125,#2126,#2127);
#2125 = CARTESIAN_POINT('',(-7.198107769438E-11,-4.854412470515E-16,-4.5
    ));
#2126 = DIRECTION('',(0.,0.,1.));
#2127 = DIRECTION('',(1.,0.,0.));
#2128 = ADVANCED_FACE('',(#2129),#2132,.F.);
#2129 = FACE_BOUND('',#2130,.F.);
#2130 = EDGE_LOOP('',(#2131));
#2131 = ORIENTED_EDGE('',*,*,#1163,.T.);
#2132 = PLANE('',#2133);
#2133 = AXIS2_PLACEMENT_3D('',#2134,#2135,#2136);
#2134 = CARTESIAN_POINT('',(-7.198107769438E-11,-4.854412470515E-16,-4.5
    ));
#2135 = DIRECTION('',(0.,0.,1.));
#2136 = DIRECTION('',(1.,0.,0.));
#2137 = ADVANCED_FACE('',(#2138),#2141,.F.);
#2138 = FACE_BOUND('',#2139,.F.);
#2139 = EDGE_LOOP('',(#2140));
#2140 = ORIENTED_EDGE('',*,*,#1188,.T.);
#2141 = PLANE('',#2142);
#2142 = AXIS2_PLACEMENT_3D('',#2143,#2144,#2145);
#2143 = CARTESIAN_POINT('',(-7.198107769438E-11,-4.854412470515E-16,-4.5
    ));
#2144 = DIRECTION('',(0.,0.,1.));
#2145 = DIRECTION('',(1.,0.,0.));
#2146 = ADVANCED_FACE('',(#2147),#2150,.F.);
#2147 = FACE_BOUND('',#2148,.F.);
#2148 = EDGE_LOOP('',(#2149));
#2149 = ORIENTED_EDGE('',*,*,#1213,.T.);
#2150 = PLANE('',#2151);
#2151 = AXIS2_PLACEMENT_3D('',#2152,#2153,#2154);
#2152 = CARTESIAN_POINT('',(-7.198107769438E-11,-4.854412470515E-16,-4.5
    ));
#2153 = DIRECTION('',(0.,0.,1.));
#2154 = DIRECTION('',(1.,0.,0.));
#2155 = ADVANCED_FACE('',(#2156),#2159,.F.);
#2156 = FACE_BOUND('',#2157,.F.);
#2157 = EDGE_LOOP('',(#2158));
#2158 = ORIENTED_EDGE('',*,*,#1238,.T.);
#2159 = PLANE('',#2160);
#2160 = AXIS2_PLACEMENT_3D('',#2161,#2162,#2163);
#2161 = CARTESIAN_POINT('',(-7.198107769438E-11,-4.854412470515E-16,-4.5
    ));
#2162 = DIRECTION('',(0.,0.,1.));
#2163 = DIRECTION('',(1.,0.,0.));
#2164 = ADVANCED_FACE('',(#2165),#2168,.F.);
#2165 = FACE_BOUND('',#2166,.F.);
#2166 = EDGE_LOOP('',(#2167));
#2167 = ORIENTED_EDGE('',*,*,#1263,.T.);
#2168 = PLANE('',#2169);
#2169 = AXIS2_PLACEMENT_3D('',#2170,#2171,#2172);
#2170 = CARTESIAN_POINT('',(-7.198107769438E-11,-4.854412470515E-16,-4.5
    ));
#2171 = DIRECTION('',(0.,0.,1.));
#2172 = DIRECTION('',(1.,0.,0.));
#2173 = ADVANCED_FACE('',(#2174),#2177,.F.);
#2174 = FACE_BOUND('',#2175,.F.);
#2175 = EDGE_LOOP('',(#2176));
#2176 = ORIENTED_EDGE('',*,*,#1288,.T.);
#2177 = PLANE('',#2178);
#2178 = AXIS2_PLACEMENT_3D('',#2179,#2180,#2181);
#2179 = CARTESIAN_POINT('',(-7.198107769438E-11,-4.854412470515E-16,-4.5
    ));
#2180 = DIRECTION('',(0.,0.,1.));
#2181 = DIRECTION('',(1.,0.,0.));
#2182 = ADVANCED_FACE('',(#2183),#2186,.F.);
#2183 = FACE_BOUND('',#2184,.F.);
#2184 = EDGE_LOOP('',(#2185));
#2185 = ORIENTED_EDGE('',*,*,#1313,.T.);
#2186 = PLANE('',#2187);
#2187 = AXIS2_PLACEMENT_3D('',#2188,#2189,#2190);
#2188 = CARTESIAN_POINT('',(-7.198107769438E-11,-4.854412470515E-16,-4.5
    ));
#2189 = DIRECTION('',(0.,0.,1.));
#2190 = DIRECTION('',(1.,0.,0.));
#2191 = ADVANCED_FACE('',(#2192),#2195,.F.);
#2192 = FACE_BOUND('',#2193,.F.);
#2193 = EDGE_LOOP('',(#2194));
#2194 = ORIENTED_EDGE('',*,*,#1338,.T.);
#2195 = PLANE('',#2196);
#2196 = AXIS2_PLACEMENT_3D('',#2197,#2198,#2199);
#2197 = CARTESIAN_POINT('',(-7.198107769438E-11,-4.854412470515E-16,-4.5
    ));
#2198 = DIRECTION('',(0.,0.,1.));
#2199 = DIRECTION('',(1.,0.,0.));
#2200 = ADVANCED_FACE('',(#2201),#2204,.F.);
#2201 = FACE_BOUND('',#2202,.F.);
#2202 = EDGE_LOOP('',(#2203));
#2203 = ORIENTED_EDGE('',*,*,#1363,.T.);
#2204 = PLANE('',#2205);
#2205 = AXIS2_PLACEMENT_3D('',#2206,#2207,#2208);
#2206 = CARTESIAN_POINT('',(-7.198107769438E-11,-4.854412470515E-16,-4.5
    ));
#2207 = DIRECTION('',(0.,0.,1.));
#2208 = DIRECTION('',(1.,0.,0.));
#2209 = ADVANCED_FACE('',(#2210),#2213,.F.);
#2210 = FACE_BOUND('',#2211,.F.);
#2211 = EDGE_LOOP('',(#2212));
#2212 = ORIENTED_EDGE('',*,*,#1388,.T.);
#2213 = PLANE('',#2214);
#2214 = AXIS2_PLACEMENT_3D('',#2215,#2216,#2217);
#2215 = CARTESIAN_POINT('',(-7.198107769438E-11,-4.854412470515E-16,-4.5
    ));
#2216 = DIRECTION('',(0.,0.,1.));
#2217 = DIRECTION('',(1.,0.,0.));
#2218 = ADVANCED_FACE('',(#2219),#2222,.F.);
#2219 = FACE_BOUND('',#2220,.F.);
#2220 = EDGE_LOOP('',(#2221));
#2221 = ORIENTED_EDGE('',*,*,#1413,.T.);
#2222 = PLANE('',#2223);
#2223 = AXIS2_PLACEMENT_3D('',#2224,#2225,#2226);
#2224 = CARTESIAN_POINT('',(-7.198107769438E-11,-4.854412470515E-16,-4.5
    ));
#2225 = DIRECTION('',(0.,0.,1.));
#2226 = DIRECTION('',(1.,0.,0.));
#2227 = ADVANCED_FACE('',(#2228),#2231,.F.);
#2228 = FACE_BOUND('',#2229,.F.);
#2229 = EDGE_LOOP('',(#2230));
#2230 = ORIENTED_EDGE('',*,*,#1438,.T.);
#2231 = PLANE('',#2232);
#2232 = AXIS2_PLACEMENT_3D('',#2233,#2234,#2235);
#2233 = CARTESIAN_POINT('',(-7.198107769438E-11,-4.854412470515E-16,-4.5
    ));
#2234 = DIRECTION('',(0.,0.,1.));
#2235 = DIRECTION('',(1.,0.,0.));
#2236 = ADVANCED_FACE('',(#2237),#2240,.F.);
#2237 = FACE_BOUND('',#2238,.F.);
#2238 = EDGE_LOOP('',(#2239));
#2239 = ORIENTED_EDGE('',*,*,#1463,.T.);
#2240 = PLANE('',#2241);
#2241 = AXIS2_PLACEMENT_3D('',#2242,#2243,#2244);
#2242 = CARTESIAN_POINT('',(-7.198107769438E-11,-4.854412470515E-16,-4.5
    ));
#2243 = DIRECTION('',(0.,0.,1.));
#2244 = DIRECTION('',(1.,0.,0.));
#2245 = ADVANCED_FACE('',(#2246),#2249,.F.);
#2246 = FACE_BOUND('',#2247,.F.);
#2247 = EDGE_LOOP('',(#2248));
#2248 = ORIENTED_EDGE('',*,*,#1488,.T.);
#2249 = PLANE('',#2250);
#2250 = AXIS2_PLACEMENT_3D('',#2251,#2252,#2253);
#2251 = CARTESIAN_POINT('',(-7.198107769438E-11,-4.854412470515E-16,-4.5
    ));
#2252 = DIRECTION('',(0.,0.,1.));
#2253 = DIRECTION('',(1.,0.,0.));
#2254 = ADVANCED_FACE('',(#2255),#2258,.F.);
#2255 = FACE_BOUND('',#2256,.F.);
#2256 = EDGE_LOOP('',(#2257));
#2257 = ORIENTED_EDGE('',*,*,#1513,.T.);
#2258 = PLANE('',#2259);
#2259 = AXIS2_PLACEMENT_3D('',#2260,#2261,#2262);
#2260 = CARTESIAN_POINT('',(-7.198107769438E-11,-4.854412470515E-16,-4.5
    ));
#2261 = DIRECTION('',(0.,0.,1.));
#2262 = DIRECTION('',(1.,0.,0.));
#2263 = ADVANCED_FACE('',(#2264),#2267,.F.);
#2264 = FACE_BOUND('',#2265,.F.);
#2265 = EDGE_LOOP('',(#2266));
#2266 = ORIENTED_EDGE('',*,*,#1538,.T.);
#2267 = PLANE('',#2268);
#2268 = AXIS2_PLACEMENT_3D('',#2269,#2270,#2271);
#2269 = CARTESIAN_POINT('',(-7.198107769438E-11,-4.854412470515E-16,-4.5
    ));
#2270 = DIRECTION('',(0.,0.,1.));
#2271 = DIRECTION('',(1.,0.,0.));
#2272 = ADVANCED_FACE('',(#2273),#2276,.F.);
#2273 = FACE_BOUND('',#2274,.F.);
#2274 = EDGE_LOOP('',(#2275));
#2275 = ORIENTED_EDGE('',*,*,#1563,.T.);
#2276 = PLANE('',#2277);
#2277 = AXIS2_PLACEMENT_3D('',#2278,#2279,#2280);
#2278 = CARTESIAN_POINT('',(-7.198107769438E-11,-4.854412470515E-16,-4.5
    ));
#2279 = DIRECTION('',(0.,0.,1.));
#2280 = DIRECTION('',(1.,0.,0.));
#2281 = ADVANCED_FACE('',(#2282),#2285,.F.);
#2282 = FACE_BOUND('',#2283,.F.);
#2283 = EDGE_LOOP('',(#2284));
#2284 = ORIENTED_EDGE('',*,*,#1588,.T.);
#2285 = PLANE('',#2286);
#2286 = AXIS2_PLACEMENT_3D('',#2287,#2288,#2289);
#2287 = CARTESIAN_POINT('',(-7.198107769438E-11,-4.854412470515E-16,-4.5
    ));
#2288 = DIRECTION('',(0.,0.,1.));
#2289 = DIRECTION('',(1.,0.,0.));
#2290 = ADVANCED_FACE('',(#2291),#2294,.F.);
#2291 = FACE_BOUND('',#2292,.F.);
#2292 = EDGE_LOOP('',(#2293));
#2293 = ORIENTED_EDGE('',*,*,#1613,.T.);
#2294 = PLANE('',#2295);
#2295 = AXIS2_PLACEMENT_3D('',#2296,#2297,#2298);
#2296 = CARTESIAN_POINT('',(-7.198107769438E-11,-4.854412470515E-16,-4.5
    ));
#2297 = DIRECTION('',(0.,0.,1.));
#2298 = DIRECTION('',(1.,0.,0.));
#2299 = ADVANCED_FACE('',(#2300),#2303,.F.);
#2300 = FACE_BOUND('',#2301,.F.);
#2301 = EDGE_LOOP('',(#2302));
#2302 = ORIENTED_EDGE('',*,*,#1638,.T.);
#2303 = PLANE('',#2304);
#2304 = AXIS2_PLACEMENT_3D('',#2305,#2306,#2307);
#2305 = CARTESIAN_POINT('',(-7.198107769438E-11,-4.854412470515E-16,-4.5
    ));
#2306 = DIRECTION('',(0.,0.,1.));
#2307 = DIRECTION('',(1.,0.,0.));
#2308 = ADVANCED_FACE('',(#2309),#2312,.F.);
#2309 = FACE_BOUND('',#2310,.F.);
#2310 = EDGE_LOOP('',(#2311));
#2311 = ORIENTED_EDGE('',*,*,#1663,.T.);
#2312 = PLANE('',#2313);
#2313 = AXIS2_PLACEMENT_3D('',#2314,#2315,#2316);
#2314 = CARTESIAN_POINT('',(-7.198107769438E-11,-4.854412470515E-16,-4.5
    ));
#2315 = DIRECTION('',(0.,0.,1.));
#2316 = DIRECTION('',(1.,0.,0.));
#2317 = ADVANCED_FACE('',(#2318),#2321,.F.);
#2318 = FACE_BOUND('',#2319,.F.);
#2319 = EDGE_LOOP('',(#2320));
#2320 = ORIENTED_EDGE('',*,*,#1688,.T.);
#2321 = PLANE('',#2322);
#2322 = AXIS2_PLACEMENT_3D('',#2323,#2324,#2325);
#2323 = CARTESIAN_POINT('',(-7.198107769438E-11,-4.854412470515E-16,-4.5
    ));
#2324 = DIRECTION('',(0.,0.,1.));
#2325 = DIRECTION('',(1.,0.,0.));
#2326 = ADVANCED_FACE('',(#2327),#2330,.F.);
#2327 = FACE_BOUND('',#2328,.F.);
#2328 = EDGE_LOOP('',(#2329));
#2329 = ORIENTED_EDGE('',*,*,#1713,.T.);
#2330 = PLANE('',#2331);
#2331 = AXIS2_PLACEMENT_3D('',#2332,#2333,#2334);
#2332 = CARTESIAN_POINT('',(-7.198107769438E-11,-4.854412470515E-16,-4.5
    ));
#2333 = DIRECTION('',(0.,0.,1.));
#2334 = DIRECTION('',(1.,0.,0.));
#2335 = ADVANCED_FACE('',(#2336),#2339,.F.);
#2336 = FACE_BOUND('',#2337,.F.);
#2337 = EDGE_LOOP('',(#2338));
#2338 = ORIENTED_EDGE('',*,*,#1738,.T.);
#2339 = PLANE('',#2340);
#2340 = AXIS2_PLACEMENT_3D('',#2341,#2342,#2343);
#2341 = CARTESIAN_POINT('',(-7.198107769438E-11,-4.854412470515E-16,-4.5
    ));
#2342 = DIRECTION('',(0.,0.,1.));
#2343 = DIRECTION('',(1.,0.,0.));
#2344 = ADVANCED_FACE('',(#2345),#2348,.F.);
#2345 = FACE_BOUND('',#2346,.F.);
#2346 = EDGE_LOOP('',(#2347));
#2347 = ORIENTED_EDGE('',*,*,#1763,.T.);
#2348 = PLANE('',#2349);
#2349 = AXIS2_PLACEMENT_3D('',#2350,#2351,#2352);
#2350 = CARTESIAN_POINT('',(-7.198107769438E-11,-4.854412470515E-16,-4.5
    ));
#2351 = DIRECTION('',(0.,0.,1.));
#2352 = DIRECTION('',(1.,0.,0.));
#2353 = ADVANCED_FACE('',(#2354),#2357,.F.);
#2354 = FACE_BOUND('',#2355,.F.);
#2355 = EDGE_LOOP('',(#2356));
#2356 = ORIENTED_EDGE('',*,*,#1788,.T.);
#2357 = PLANE('',#2358);
#2358 = AXIS2_PLACEMENT_3D('',#2359,#2360,#2361);
#2359 = CARTESIAN_POINT('',(-7.198107769438E-11,-4.854412470515E-16,-4.5
    ));
#2360 = DIRECTION('',(0.,0.,1.));
#2361 = DIRECTION('',(1.,0.,0.));
#2362 = ADVANCED_FACE('',(#2363),#2366,.F.);
#2363 = FACE_BOUND('',#2364,.F.);
#2364 = EDGE_LOOP('',(#2365));
#2365 = ORIENTED_EDGE('',*,*,#1813,.T.);
#2366 = PLANE('',#2367);
#2367 = AXIS2_PLACEMENT_3D('',#2368,#2369,#2370);
#2368 = CARTESIAN_POINT('',(-7.198107769438E-11,-4.854412470515E-16,-4.5
    ));
#2369 = DIRECTION('',(0.,0.,1.));
#2370 = DIRECTION('',(1.,0.,0.));
#2371 = ADVANCED_FACE('',(#2372),#2375,.F.);
#2372 = FACE_BOUND('',#2373,.F.);
#2373 = EDGE_LOOP('',(#2374));
#2374 = ORIENTED_EDGE('',*,*,#1838,.T.);
#2375 = PLANE('',#2376);
#2376 = AXIS2_PLACEMENT_3D('',#2377,#2378,#2379);
#2377 = CARTESIAN_POINT('',(-7.198107769438E-11,-4.854412470515E-16,-4.5
    ));
#2378 = DIRECTION('',(0.,0.,1.));
#2379 = DIRECTION('',(1.,0.,0.));
#2380 = ADVANCED_FACE('',(#2381),#2384,.F.);
#2381 = FACE_BOUND('',#2382,.F.);
#2382 = EDGE_LOOP('',(#2383));
#2383 = ORIENTED_EDGE('',*,*,#1863,.T.);
#2384 = PLANE('',#2385);
#2385 = AXIS2_PLACEMENT_3D('',#2386,#2387,#2388);
#2386 = CARTESIAN_POINT('',(-7.198107769438E-11,-4.854412470515E-16,-4.5
    ));
#2387 = DIRECTION('',(0.,0.,1.));
#2388 = DIRECTION('',(1.,0.,0.));
#2389 = ADVANCED_FACE('',(#2390),#2393,.F.);
#2390 = FACE_BOUND('',#2391,.F.);
#2391 = EDGE_LOOP('',(#2392));
#2392 = ORIENTED_EDGE('',*,*,#1888,.T.);
#2393 = PLANE('',#2394);
#2394 = AXIS2_PLACEMENT_3D('',#2395,#2396,#2397);
#2395 = CARTESIAN_POINT('',(-7.198107769438E-11,-4.854412470515E-16,-4.5
    ));
#2396 = DIRECTION('',(0.,0.,1.));
#2397 = DIRECTION('',(1.,0.,0.));
#2398 = ADVANCED_FACE('',(#2399),#2402,.F.);
#2399 = FACE_BOUND('',#2400,.F.);
#2400 = EDGE_LOOP('',(#2401));
#2401 = ORIENTED_EDGE('',*,*,#1913,.T.);
#2402 = PLANE('',#2403);
#2403 = AXIS2_PLACEMENT_3D('',#2404,#2405,#2406);
#2404 = CARTESIAN_POINT('',(-7.198107769438E-11,-4.854412470515E-16,-4.5
    ));
#2405 = DIRECTION('',(0.,0.,1.));
#2406 = DIRECTION('',(1.,0.,0.));
#2407 = ADVANCED_FACE('',(#2408),#2411,.F.);
#2408 = FACE_BOUND('',#2409,.F.);
#2409 = EDGE_LOOP('',(#2410));
#2410 = ORIENTED_EDGE('',*,*,#1938,.T.);
#2411 = PLANE('',#2412);
#2412 = AXIS2_PLACEMENT_3D('',#2413,#2414,#2415);
#2413 = CARTESIAN_POINT('',(-7.198107769438E-11,-4.854412470515E-16,-4.5
    ));
#2414 = DIRECTION('',(0.,0.,1.));
#2415 = DIRECTION('',(1.,0.,0.));
#2416 = ADVANCED_FACE('',(#2417),#2420,.F.);
#2417 = FACE_BOUND('',#2418,.F.);
#2418 = EDGE_LOOP('',(#2419));
#2419 = ORIENTED_EDGE('',*,*,#1963,.T.);
#2420 = PLANE('',#2421);
#2421 = AXIS2_PLACEMENT_3D('',#2422,#2423,#2424);
#2422 = CARTESIAN_POINT('',(-7.198107769438E-11,-4.854412470515E-16,-4.5
    ));
#2423 = DIRECTION('',(0.,0.,1.));
#2424 = DIRECTION('',(1.,0.,0.));
#2425 = ADVANCED_FACE('',(#2426),#2432,.T.);
#2426 = FACE_BOUND('',#2427,.T.);
#2427 = EDGE_LOOP('',(#2428,#2429,#2430,#2431));
#2428 = ORIENTED_EDGE('',*,*,#53,.T.);
#2429 = ORIENTED_EDGE('',*,*,#115,.T.);
#2430 = ORIENTED_EDGE('',*,*,#713,.T.);
#2431 = ORIENTED_EDGE('',*,*,#93,.T.);
#2432 = PLANE('',#2433);
#2433 = AXIS2_PLACEMENT_3D('',#2434,#2435,#2436);
#2434 = CARTESIAN_POINT('',(0.,0.,1.1));
#2435 = DIRECTION('',(0.,0.,1.));
#2436 = DIRECTION('',(1.,0.,0.));
#2437 = ( GEOMETRIC_REPRESENTATION_CONTEXT(3) 
GLOBAL_UNCERTAINTY_ASSIGNED_CONTEXT((#2441)) 
GLOBAL_UNIT_ASSIGNED_CONTEXT((#2438,#2439,#2440)) REPRESENTATION_CONTEXT
('Context #1','3D Context with UNIT and UNCERTAINTY') );
#2438 = ( LENGTH_UNIT() NAMED_UNIT(*) SI_UNIT(.MILLI.,.METRE.) );
#2439 = ( NAMED_UNIT(*) PLANE_ANGLE_UNIT() SI_UNIT($,.RADIAN.) );
#2440 = ( NAMED_UNIT(*) SI_UNIT($,.STERADIAN.) SOLID_ANGLE_UNIT() );
#2441 = UNCERTAINTY_MEASURE_WITH_UNIT(LENGTH_MEASURE(1.E-07),#2438,
  'distance_accuracy_value','confusion accuracy');
#2442 = CONTEXT_DEPENDENT_SHAPE_REPRESENTATION(#2443,#2445);
#2443 = ( REPRESENTATION_RELATIONSHIP('','',#36,#10) 
REPRESENTATION_RELATIONSHIP_WITH_TRANSFORMATION(#2444) 
SHAPE_REPRESENTATION_RELATIONSHIP() );
#2444 = ITEM_DEFINED_TRANSFORMATION('','',#11,#15);
#2445 = PRODUCT_DEFINITION_SHAPE('Placement','Placement of an item',
  #2446);
#2446 = NEXT_ASSEMBLY_USAGE_OCCURRENCE('3','Pins','',#5,#31,$);
#2447 = PRODUCT_RELATED_PRODUCT_CATEGORY('part',$,(#33));
#2448 = SHAPE_DEFINITION_REPRESENTATION(#2449,#2455);
#2449 = PRODUCT_DEFINITION_SHAPE('','',#2450);
#2450 = PRODUCT_DEFINITION('design','',#2451,#2454);
#2451 = PRODUCT_DEFINITION_FORMATION('','',#2452);
#2452 = PRODUCT('Body','Body','',(#2453));
#2453 = PRODUCT_CONTEXT('',#2,'mechanical');
#2454 = PRODUCT_DEFINITION_CONTEXT('part definition',#2,'design');
#2455 = ADVANCED_BREP_SHAPE_REPRESENTATION('',(#11,#2456),#11622);
#2456 = MANIFOLD_SOLID_BREP('',#2457);
#2457 = CLOSED_SHELL('',(#2458,#4132,#4227,#4251,#4275,#4356,#4387,#4411
    ,#4443,#4467,#4499,#4523,#4555,#4579,#4611,#4635,#4667,#4691,#4723,
    #4747,#4779,#4803,#4835,#4859,#4891,#4915,#4947,#4971,#5003,#5027,
    #5059,#5083,#5115,#5139,#5171,#5195,#5227,#5251,#5283,#5307,#5339,
    #5363,#5395,#5419,#5451,#5475,#5507,#5531,#5563,#5587,#5619,#5643,
    #5675,#5699,#5731,#5755,#5787,#5811,#5843,#5867,#5899,#5923,#5955,
    #5979,#6011,#6035,#6067,#6091,#6123,#6147,#6179,#6203,#6235,#6259,
    #6291,#6315,#6347,#6371,#6403,#6427,#6459,#6483,#6515,#6539,#6571,
    #6595,#6627,#6651,#6683,#6707,#6739,#6763,#6795,#6819,#6851,#6875,
    #6907,#6931,#6963,#6987,#7019,#7043,#7075,#7099,#7131,#7155,#7187,
    #7211,#7235,#7259,#7291,#7315,#7347,#7371,#7403,#7427,#7459,#7483,
    #7515,#7539,#7571,#7595,#7627,#7651,#7683,#7707,#7739,#7763,#7795,
    #7819,#7851,#7875,#7907,#7931,#7963,#7987,#8019,#8043,#8075,#8099,
    #8131,#8155,#8187,#8211,#8243,#8267,#8299,#8323,#8355,#8379,#8411,
    #8435,#8467,#8491,#8523,#8547,#8579,#8603,#8635,#8659,#8691,#8715,
    #8747,#8771,#8803,#8827,#8859,#8883,#8915,#8939,#8971,#8995,#9027,
    #9051,#9083,#9107,#9139,#9163,#9195,#9219,#9251,#9275,#9307,#9331,
    #9363,#9387,#9419,#9443,#9475,#9499,#9531,#9555,#9587,#9611,#9643,
    #9667,#9699,#9723,#9755,#9779,#9811,#9835,#9867,#9891,#9923,#9947,
    #9979,#10003,#10035,#10052,#10106,#10130,#10154,#10224,#10248,#10272
    ,#10310,#10322,#10334,#10358,#10375,#10399,#10416,#10447,#10464,
    #10481,#10498,#10515,#10532,#10549,#10566,#10583,#10600,#10617,
    #10634,#10651,#10668,#10685,#10702,#10719,#10736,#10753,#10770,
    #10787,#10804,#10821,#10838,#10855,#10872,#10896,#10920,#10937,
    #10954,#10971,#10988,#11005,#11022,#11039,#11056,#11073,#11090,
    #11107,#11124,#11141,#11158,#11175,#11192,#11209,#11226,#11243,
    #11260,#11277,#11294,#11311,#11328,#11345,#11362,#11374,#11386,
    #11398,#11410));
#2458 = ADVANCED_FACE('',(#2459,#2493),#4127,.T.);
#2459 = FACE_BOUND('',#2460,.T.);
#2460 = EDGE_LOOP('',(#2461,#2471,#2479,#2487));
#2461 = ORIENTED_EDGE('',*,*,#2462,.F.);
#2462 = EDGE_CURVE('',#2463,#2465,#2467,.T.);
#2463 = VERTEX_POINT('',#2464);
#2464 = CARTESIAN_POINT('',(34.75,4.5,15.));
#2465 = VERTEX_POINT('',#2466);
#2466 = CARTESIAN_POINT('',(34.75,-4.5,15.));
#2467 = LINE('',#2468,#2469);
#2468 = CARTESIAN_POINT('',(34.75,4.5,15.));
#2469 = VECTOR('',#2470,1.);
#2470 = DIRECTION('',(0.,-1.,0.));
#2471 = ORIENTED_EDGE('',*,*,#2472,.T.);
#2472 = EDGE_CURVE('',#2463,#2473,#2475,.T.);
#2473 = VERTEX_POINT('',#2474);
#2474 = CARTESIAN_POINT('',(-34.75,4.5,15.));
#2475 = LINE('',#2476,#2477);
#2476 = CARTESIAN_POINT('',(34.75,4.5,15.));
#2477 = VECTOR('',#2478,1.);
#2478 = DIRECTION('',(-1.,-0.,-0.));
#2479 = ORIENTED_EDGE('',*,*,#2480,.T.);
#2480 = EDGE_CURVE('',#2473,#2481,#2483,.T.);
#2481 = VERTEX_POINT('',#2482);
#2482 = CARTESIAN_POINT('',(-34.75,-4.5,15.));
#2483 = LINE('',#2484,#2485);
#2484 = CARTESIAN_POINT('',(-34.75,2.25,15.));
#2485 = VECTOR('',#2486,1.);
#2486 = DIRECTION('',(0.,-1.,0.));
#2487 = ORIENTED_EDGE('',*,*,#2488,.F.);
#2488 = EDGE_CURVE('',#2465,#2481,#2489,.T.);
#2489 = LINE('',#2490,#2491);
#2490 = CARTESIAN_POINT('',(34.75,-4.5,15.));
#2491 = VECTOR('',#2492,1.);
#2492 = DIRECTION('',(-1.,-0.,-0.));
#2493 = FACE_BOUND('',#2494,.T.);
#2494 = EDGE_LOOP('',(#2495,#2505,#2513,#2521,#2529,#2537,#2545,#2553,
    #2561,#2569,#2577,#2585,#2593,#2601,#2609,#2617,#2625,#2633,#2641,
    #2649,#2657,#2665,#2673,#2681,#2689,#2697,#2705,#2713,#2721,#2729,
    #2737,#2745,#2753,#2761,#2769,#2777,#2785,#2793,#2801,#2809,#2817,
    #2825,#2833,#2841,#2849,#2857,#2865,#2873,#2881,#2889,#2897,#2905,
    #2913,#2921,#2929,#2937,#2945,#2953,#2961,#2969,#2977,#2985,#2993,
    #3001,#3009,#3017,#3025,#3033,#3041,#3049,#3057,#3065,#3073,#3081,
    #3089,#3097,#3105,#3113,#3121,#3129,#3137,#3145,#3153,#3161,#3169,
    #3177,#3185,#3193,#3201,#3209,#3217,#3225,#3233,#3241,#3249,#3257,
    #3265,#3273,#3281,#3289,#3297,#3305,#3313,#3321,#3329,#3337,#3345,
    #3353,#3361,#3369,#3377,#3385,#3393,#3401,#3409,#3417,#3425,#3433,
    #3441,#3449,#3457,#3465,#3473,#3481,#3489,#3497,#3505,#3513,#3521,
    #3529,#3537,#3545,#3553,#3561,#3569,#3577,#3585,#3593,#3601,#3609,
    #3617,#3625,#3633,#3641,#3649,#3657,#3665,#3673,#3681,#3689,#3697,
    #3705,#3713,#3721,#3729,#3737,#3745,#3753,#3761,#3769,#3777,#3785,
    #3793,#3801,#3809,#3817,#3825,#3833,#3841,#3849,#3857,#3865,#3873,
    #3881,#3889,#3897,#3905,#3913,#3921,#3929,#3937,#3945,#3953,#3961,
    #3969,#3977,#3985,#3993,#4001,#4009,#4017,#4025,#4033,#4041,#4049,
    #4057,#4065,#4073,#4081,#4089,#4097,#4105,#4113,#4121));
#2495 = ORIENTED_EDGE('',*,*,#2496,.F.);
#2496 = EDGE_CURVE('',#2497,#2499,#2501,.T.);
#2497 = VERTEX_POINT('',#2498);
#2498 = CARTESIAN_POINT('',(-34.25,2.,15.));
#2499 = VERTEX_POINT('',#2500);
#2500 = CARTESIAN_POINT('',(-34.25,-2.,15.));
#2501 = LINE('',#2502,#2503);
#2502 = CARTESIAN_POINT('',(-34.25,1.,15.));
#2503 = VECTOR('',#2504,1.);
#2504 = DIRECTION('',(0.,-1.,0.));
#2505 = ORIENTED_EDGE('',*,*,#2506,.F.);
#2506 = EDGE_CURVE('',#2507,#2497,#2509,.T.);
#2507 = VERTEX_POINT('',#2508);
#2508 = CARTESIAN_POINT('',(-31.48000000001,2.,15.));
#2509 = LINE('',#2510,#2511);
#2510 = CARTESIAN_POINT('',(33.25,2.,15.));
#2511 = VECTOR('',#2512,1.);
#2512 = DIRECTION('',(-1.,0.,0.));
#2513 = ORIENTED_EDGE('',*,*,#2514,.F.);
#2514 = EDGE_CURVE('',#2515,#2507,#2517,.T.);
#2515 = VERTEX_POINT('',#2516);
#2516 = CARTESIAN_POINT('',(-31.48000000001,3.625,15.));
#2517 = LINE('',#2518,#2519);
#2518 = CARTESIAN_POINT('',(-31.48000000001,3.625,15.));
#2519 = VECTOR('',#2520,1.);
#2520 = DIRECTION('',(0.,-1.,0.));
#2521 = ORIENTED_EDGE('',*,*,#2522,.F.);
#2522 = EDGE_CURVE('',#2523,#2515,#2525,.T.);
#2523 = VERTEX_POINT('',#2524);
#2524 = CARTESIAN_POINT('',(-29.47999999998,3.625,15.));
#2525 = LINE('',#2526,#2527);
#2526 = CARTESIAN_POINT('',(-29.47999999998,3.625,15.));
#2527 = VECTOR('',#2528,1.);
#2528 = DIRECTION('',(-1.,0.,0.));
#2529 = ORIENTED_EDGE('',*,*,#2530,.F.);
#2530 = EDGE_CURVE('',#2531,#2523,#2533,.T.);
#2531 = VERTEX_POINT('',#2532);
#2532 = CARTESIAN_POINT('',(-29.47999999998,2.,15.));
#2533 = LINE('',#2534,#2535);
#2534 = CARTESIAN_POINT('',(-29.47999999998,-3.625,15.));
#2535 = VECTOR('',#2536,1.);
#2536 = DIRECTION('',(0.,1.,0.));
#2537 = ORIENTED_EDGE('',*,*,#2538,.F.);
#2538 = EDGE_CURVE('',#2539,#2531,#2541,.T.);
#2539 = VERTEX_POINT('',#2540);
#2540 = CARTESIAN_POINT('',(-28.94000000001,2.,15.));
#2541 = LINE('',#2542,#2543);
#2542 = CARTESIAN_POINT('',(33.25,2.,15.));
#2543 = VECTOR('',#2544,1.);
#2544 = DIRECTION('',(-1.,0.,0.));
#2545 = ORIENTED_EDGE('',*,*,#2546,.F.);
#2546 = EDGE_CURVE('',#2547,#2539,#2549,.T.);
#2547 = VERTEX_POINT('',#2548);
#2548 = CARTESIAN_POINT('',(-28.94000000001,3.625,15.));
#2549 = LINE('',#2550,#2551);
#2550 = CARTESIAN_POINT('',(-28.94000000001,3.625,15.));
#2551 = VECTOR('',#2552,1.);
#2552 = DIRECTION('',(0.,-1.,0.));
#2553 = ORIENTED_EDGE('',*,*,#2554,.F.);
#2554 = EDGE_CURVE('',#2555,#2547,#2557,.T.);
#2555 = VERTEX_POINT('',#2556);
#2556 = CARTESIAN_POINT('',(-26.93999999999,3.625,15.));
#2557 = LINE('',#2558,#2559);
#2558 = CARTESIAN_POINT('',(-26.93999999999,3.625,15.));
#2559 = VECTOR('',#2560,1.);
#2560 = DIRECTION('',(-1.,0.,0.));
#2561 = ORIENTED_EDGE('',*,*,#2562,.F.);
#2562 = EDGE_CURVE('',#2563,#2555,#2565,.T.);
#2563 = VERTEX_POINT('',#2564);
#2564 = CARTESIAN_POINT('',(-26.93999999999,2.,15.));
#2565 = LINE('',#2566,#2567);
#2566 = CARTESIAN_POINT('',(-26.93999999999,-3.625,15.));
#2567 = VECTOR('',#2568,1.);
#2568 = DIRECTION('',(0.,1.,0.));
#2569 = ORIENTED_EDGE('',*,*,#2570,.F.);
#2570 = EDGE_CURVE('',#2571,#2563,#2573,.T.);
#2571 = VERTEX_POINT('',#2572);
#2572 = CARTESIAN_POINT('',(-26.4,2.,15.));
#2573 = LINE('',#2574,#2575);
#2574 = CARTESIAN_POINT('',(33.25,2.,15.));
#2575 = VECTOR('',#2576,1.);
#2576 = DIRECTION('',(-1.,0.,0.));
#2577 = ORIENTED_EDGE('',*,*,#2578,.F.);
#2578 = EDGE_CURVE('',#2579,#2571,#2581,.T.);
#2579 = VERTEX_POINT('',#2580);
#2580 = CARTESIAN_POINT('',(-26.4,3.625,15.));
#2581 = LINE('',#2582,#2583);
#2582 = CARTESIAN_POINT('',(-26.4,3.625,15.));
#2583 = VECTOR('',#2584,1.);
#2584 = DIRECTION('',(0.,-1.,0.));
#2585 = ORIENTED_EDGE('',*,*,#2586,.F.);
#2586 = EDGE_CURVE('',#2587,#2579,#2589,.T.);
#2587 = VERTEX_POINT('',#2588);
#2588 = CARTESIAN_POINT('',(-24.39999999999,3.625,15.));
#2589 = LINE('',#2590,#2591);
#2590 = CARTESIAN_POINT('',(-24.39999999999,3.625,15.));
#2591 = VECTOR('',#2592,1.);
#2592 = DIRECTION('',(-1.,0.,0.));
#2593 = ORIENTED_EDGE('',*,*,#2594,.F.);
#2594 = EDGE_CURVE('',#2595,#2587,#2597,.T.);
#2595 = VERTEX_POINT('',#2596);
#2596 = CARTESIAN_POINT('',(-24.39999999999,2.,15.));
#2597 = LINE('',#2598,#2599);
#2598 = CARTESIAN_POINT('',(-24.39999999999,-3.625,15.));
#2599 = VECTOR('',#2600,1.);
#2600 = DIRECTION('',(0.,1.,0.));
#2601 = ORIENTED_EDGE('',*,*,#2602,.F.);
#2602 = EDGE_CURVE('',#2603,#2595,#2605,.T.);
#2603 = VERTEX_POINT('',#2604);
#2604 = CARTESIAN_POINT('',(-23.86,2.,15.));
#2605 = LINE('',#2606,#2607);
#2606 = CARTESIAN_POINT('',(33.25,2.,15.));
#2607 = VECTOR('',#2608,1.);
#2608 = DIRECTION('',(-1.,0.,0.));
#2609 = ORIENTED_EDGE('',*,*,#2610,.F.);
#2610 = EDGE_CURVE('',#2611,#2603,#2613,.T.);
#2611 = VERTEX_POINT('',#2612);
#2612 = CARTESIAN_POINT('',(-23.86,3.625,15.));
#2613 = LINE('',#2614,#2615);
#2614 = CARTESIAN_POINT('',(-23.86,3.625,15.));
#2615 = VECTOR('',#2616,1.);
#2616 = DIRECTION('',(0.,-1.,0.));
#2617 = ORIENTED_EDGE('',*,*,#2618,.F.);
#2618 = EDGE_CURVE('',#2619,#2611,#2621,.T.);
#2619 = VERTEX_POINT('',#2620);
#2620 = CARTESIAN_POINT('',(-21.85999999999,3.625,15.));
#2621 = LINE('',#2622,#2623);
#2622 = CARTESIAN_POINT('',(-21.85999999999,3.625,15.));
#2623 = VECTOR('',#2624,1.);
#2624 = DIRECTION('',(-1.,0.,0.));
#2625 = ORIENTED_EDGE('',*,*,#2626,.F.);
#2626 = EDGE_CURVE('',#2627,#2619,#2629,.T.);
#2627 = VERTEX_POINT('',#2628);
#2628 = CARTESIAN_POINT('',(-21.85999999999,2.,15.));
#2629 = LINE('',#2630,#2631);
#2630 = CARTESIAN_POINT('',(-21.85999999999,-3.625,15.));
#2631 = VECTOR('',#2632,1.);
#2632 = DIRECTION('',(0.,1.,0.));
#2633 = ORIENTED_EDGE('',*,*,#2634,.F.);
#2634 = EDGE_CURVE('',#2635,#2627,#2637,.T.);
#2635 = VERTEX_POINT('',#2636);
#2636 = CARTESIAN_POINT('',(-21.32,2.,15.));
#2637 = LINE('',#2638,#2639);
#2638 = CARTESIAN_POINT('',(33.25,2.,15.));
#2639 = VECTOR('',#2640,1.);
#2640 = DIRECTION('',(-1.,0.,0.));
#2641 = ORIENTED_EDGE('',*,*,#2642,.F.);
#2642 = EDGE_CURVE('',#2643,#2635,#2645,.T.);
#2643 = VERTEX_POINT('',#2644);
#2644 = CARTESIAN_POINT('',(-21.32,3.625,15.));
#2645 = LINE('',#2646,#2647);
#2646 = CARTESIAN_POINT('',(-21.32,3.625,15.));
#2647 = VECTOR('',#2648,1.);
#2648 = DIRECTION('',(0.,-1.,0.));
#2649 = ORIENTED_EDGE('',*,*,#2650,.F.);
#2650 = EDGE_CURVE('',#2651,#2643,#2653,.T.);
#2651 = VERTEX_POINT('',#2652);
#2652 = CARTESIAN_POINT('',(-19.31999999999,3.625,15.));
#2653 = LINE('',#2654,#2655);
#2654 = CARTESIAN_POINT('',(-19.31999999999,3.625,15.));
#2655 = VECTOR('',#2656,1.);
#2656 = DIRECTION('',(-1.,0.,0.));
#2657 = ORIENTED_EDGE('',*,*,#2658,.F.);
#2658 = EDGE_CURVE('',#2659,#2651,#2661,.T.);
#2659 = VERTEX_POINT('',#2660);
#2660 = CARTESIAN_POINT('',(-19.31999999999,2.,15.));
#2661 = LINE('',#2662,#2663);
#2662 = CARTESIAN_POINT('',(-19.31999999999,-3.625,15.));
#2663 = VECTOR('',#2664,1.);
#2664 = DIRECTION('',(0.,1.,0.));
#2665 = ORIENTED_EDGE('',*,*,#2666,.F.);
#2666 = EDGE_CURVE('',#2667,#2659,#2669,.T.);
#2667 = VERTEX_POINT('',#2668);
#2668 = CARTESIAN_POINT('',(-18.77999999999,2.,15.));
#2669 = LINE('',#2670,#2671);
#2670 = CARTESIAN_POINT('',(33.25,2.,15.));
#2671 = VECTOR('',#2672,1.);
#2672 = DIRECTION('',(-1.,0.,0.));
#2673 = ORIENTED_EDGE('',*,*,#2674,.F.);
#2674 = EDGE_CURVE('',#2675,#2667,#2677,.T.);
#2675 = VERTEX_POINT('',#2676);
#2676 = CARTESIAN_POINT('',(-18.77999999999,3.625,15.));
#2677 = LINE('',#2678,#2679);
#2678 = CARTESIAN_POINT('',(-18.77999999999,3.625,15.));
#2679 = VECTOR('',#2680,1.);
#2680 = DIRECTION('',(0.,-1.,0.));
#2681 = ORIENTED_EDGE('',*,*,#2682,.F.);
#2682 = EDGE_CURVE('',#2683,#2675,#2685,.T.);
#2683 = VERTEX_POINT('',#2684);
#2684 = CARTESIAN_POINT('',(-16.78,3.625,15.));
#2685 = LINE('',#2686,#2687);
#2686 = CARTESIAN_POINT('',(-16.78,3.625,15.));
#2687 = VECTOR('',#2688,1.);
#2688 = DIRECTION('',(-1.,0.,0.));
#2689 = ORIENTED_EDGE('',*,*,#2690,.F.);
#2690 = EDGE_CURVE('',#2691,#2683,#2693,.T.);
#2691 = VERTEX_POINT('',#2692);
#2692 = CARTESIAN_POINT('',(-16.78,2.,15.));
#2693 = LINE('',#2694,#2695);
#2694 = CARTESIAN_POINT('',(-16.78,-3.625,15.));
#2695 = VECTOR('',#2696,1.);
#2696 = DIRECTION('',(0.,1.,0.));
#2697 = ORIENTED_EDGE('',*,*,#2698,.F.);
#2698 = EDGE_CURVE('',#2699,#2691,#2701,.T.);
#2699 = VERTEX_POINT('',#2700);
#2700 = CARTESIAN_POINT('',(-16.23999999999,2.,15.));
#2701 = LINE('',#2702,#2703);
#2702 = CARTESIAN_POINT('',(33.25,2.,15.));
#2703 = VECTOR('',#2704,1.);
#2704 = DIRECTION('',(-1.,0.,0.));
#2705 = ORIENTED_EDGE('',*,*,#2706,.F.);
#2706 = EDGE_CURVE('',#2707,#2699,#2709,.T.);
#2707 = VERTEX_POINT('',#2708);
#2708 = CARTESIAN_POINT('',(-16.23999999999,3.625,15.));
#2709 = LINE('',#2710,#2711);
#2710 = CARTESIAN_POINT('',(-16.23999999999,3.625,15.));
#2711 = VECTOR('',#2712,1.);
#2712 = DIRECTION('',(0.,-1.,0.));
#2713 = ORIENTED_EDGE('',*,*,#2714,.F.);
#2714 = EDGE_CURVE('',#2715,#2707,#2717,.T.);
#2715 = VERTEX_POINT('',#2716);
#2716 = CARTESIAN_POINT('',(-14.24,3.625,15.));
#2717 = LINE('',#2718,#2719);
#2718 = CARTESIAN_POINT('',(-14.24,3.625,15.));
#2719 = VECTOR('',#2720,1.);
#2720 = DIRECTION('',(-1.,0.,0.));
#2721 = ORIENTED_EDGE('',*,*,#2722,.F.);
#2722 = EDGE_CURVE('',#2723,#2715,#2725,.T.);
#2723 = VERTEX_POINT('',#2724);
#2724 = CARTESIAN_POINT('',(-14.24,2.,15.));
#2725 = LINE('',#2726,#2727);
#2726 = CARTESIAN_POINT('',(-14.24,-3.625,15.));
#2727 = VECTOR('',#2728,1.);
#2728 = DIRECTION('',(0.,1.,0.));
#2729 = ORIENTED_EDGE('',*,*,#2730,.F.);
#2730 = EDGE_CURVE('',#2731,#2723,#2733,.T.);
#2731 = VERTEX_POINT('',#2732);
#2732 = CARTESIAN_POINT('',(-13.69999999999,2.,15.));
#2733 = LINE('',#2734,#2735);
#2734 = CARTESIAN_POINT('',(33.25,2.,15.));
#2735 = VECTOR('',#2736,1.);
#2736 = DIRECTION('',(-1.,0.,0.));
#2737 = ORIENTED_EDGE('',*,*,#2738,.F.);
#2738 = EDGE_CURVE('',#2739,#2731,#2741,.T.);
#2739 = VERTEX_POINT('',#2740);
#2740 = CARTESIAN_POINT('',(-13.69999999999,3.625,15.));
#2741 = LINE('',#2742,#2743);
#2742 = CARTESIAN_POINT('',(-13.69999999999,3.625,15.));
#2743 = VECTOR('',#2744,1.);
#2744 = DIRECTION('',(0.,-1.,0.));
#2745 = ORIENTED_EDGE('',*,*,#2746,.F.);
#2746 = EDGE_CURVE('',#2747,#2739,#2749,.T.);
#2747 = VERTEX_POINT('',#2748);
#2748 = CARTESIAN_POINT('',(-11.7,3.625,15.));
#2749 = LINE('',#2750,#2751);
#2750 = CARTESIAN_POINT('',(-11.7,3.625,15.));
#2751 = VECTOR('',#2752,1.);
#2752 = DIRECTION('',(-1.,0.,0.));
#2753 = ORIENTED_EDGE('',*,*,#2754,.F.);
#2754 = EDGE_CURVE('',#2755,#2747,#2757,.T.);
#2755 = VERTEX_POINT('',#2756);
#2756 = CARTESIAN_POINT('',(-11.7,2.,15.));
#2757 = LINE('',#2758,#2759);
#2758 = CARTESIAN_POINT('',(-11.7,-3.625,15.));
#2759 = VECTOR('',#2760,1.);
#2760 = DIRECTION('',(0.,1.,0.));
#2761 = ORIENTED_EDGE('',*,*,#2762,.F.);
#2762 = EDGE_CURVE('',#2763,#2755,#2765,.T.);
#2763 = VERTEX_POINT('',#2764);
#2764 = CARTESIAN_POINT('',(-11.15999999999,2.,15.));
#2765 = LINE('',#2766,#2767);
#2766 = CARTESIAN_POINT('',(33.25,2.,15.));
#2767 = VECTOR('',#2768,1.);
#2768 = DIRECTION('',(-1.,0.,0.));
#2769 = ORIENTED_EDGE('',*,*,#2770,.F.);
#2770 = EDGE_CURVE('',#2771,#2763,#2773,.T.);
#2771 = VERTEX_POINT('',#2772);
#2772 = CARTESIAN_POINT('',(-11.15999999999,3.625,15.));
#2773 = LINE('',#2774,#2775);
#2774 = CARTESIAN_POINT('',(-11.15999999999,3.625,15.));
#2775 = VECTOR('',#2776,1.);
#2776 = DIRECTION('',(0.,-1.,0.));
#2777 = ORIENTED_EDGE('',*,*,#2778,.F.);
#2778 = EDGE_CURVE('',#2779,#2771,#2781,.T.);
#2779 = VERTEX_POINT('',#2780);
#2780 = CARTESIAN_POINT('',(-9.16000000001,3.625,15.));
#2781 = LINE('',#2782,#2783);
#2782 = CARTESIAN_POINT('',(-9.16000000001,3.625,15.));
#2783 = VECTOR('',#2784,1.);
#2784 = DIRECTION('',(-1.,0.,0.));
#2785 = ORIENTED_EDGE('',*,*,#2786,.F.);
#2786 = EDGE_CURVE('',#2787,#2779,#2789,.T.);
#2787 = VERTEX_POINT('',#2788);
#2788 = CARTESIAN_POINT('',(-9.16000000001,2.,15.));
#2789 = LINE('',#2790,#2791);
#2790 = CARTESIAN_POINT('',(-9.16000000001,-3.625,15.));
#2791 = VECTOR('',#2792,1.);
#2792 = DIRECTION('',(0.,1.,0.));
#2793 = ORIENTED_EDGE('',*,*,#2794,.F.);
#2794 = EDGE_CURVE('',#2795,#2787,#2797,.T.);
#2795 = VERTEX_POINT('',#2796);
#2796 = CARTESIAN_POINT('',(-8.619999999988,2.,15.));
#2797 = LINE('',#2798,#2799);
#2798 = CARTESIAN_POINT('',(33.25,2.,15.));
#2799 = VECTOR('',#2800,1.);
#2800 = DIRECTION('',(-1.,0.,0.));
#2801 = ORIENTED_EDGE('',*,*,#2802,.F.);
#2802 = EDGE_CURVE('',#2803,#2795,#2805,.T.);
#2803 = VERTEX_POINT('',#2804);
#2804 = CARTESIAN_POINT('',(-8.619999999988,3.625,15.));
#2805 = LINE('',#2806,#2807);
#2806 = CARTESIAN_POINT('',(-8.619999999988,3.625,15.));
#2807 = VECTOR('',#2808,1.);
#2808 = DIRECTION('',(0.,-1.,0.));
#2809 = ORIENTED_EDGE('',*,*,#2810,.F.);
#2810 = EDGE_CURVE('',#2811,#2803,#2813,.T.);
#2811 = VERTEX_POINT('',#2812);
#2812 = CARTESIAN_POINT('',(-6.620000000012,3.625,15.));
#2813 = LINE('',#2814,#2815);
#2814 = CARTESIAN_POINT('',(-6.620000000012,3.625,15.));
#2815 = VECTOR('',#2816,1.);
#2816 = DIRECTION('',(-1.,0.,0.));
#2817 = ORIENTED_EDGE('',*,*,#2818,.F.);
#2818 = EDGE_CURVE('',#2819,#2811,#2821,.T.);
#2819 = VERTEX_POINT('',#2820);
#2820 = CARTESIAN_POINT('',(-6.620000000012,2.,15.));
#2821 = LINE('',#2822,#2823);
#2822 = CARTESIAN_POINT('',(-6.620000000012,-3.625,15.));
#2823 = VECTOR('',#2824,1.);
#2824 = DIRECTION('',(0.,1.,0.));
#2825 = ORIENTED_EDGE('',*,*,#2826,.F.);
#2826 = EDGE_CURVE('',#2827,#2819,#2829,.T.);
#2827 = VERTEX_POINT('',#2828);
#2828 = CARTESIAN_POINT('',(-6.079999999985,2.,15.));
#2829 = LINE('',#2830,#2831);
#2830 = CARTESIAN_POINT('',(33.25,2.,15.));
#2831 = VECTOR('',#2832,1.);
#2832 = DIRECTION('',(-1.,0.,0.));
#2833 = ORIENTED_EDGE('',*,*,#2834,.F.);
#2834 = EDGE_CURVE('',#2835,#2827,#2837,.T.);
#2835 = VERTEX_POINT('',#2836);
#2836 = CARTESIAN_POINT('',(-6.079999999985,3.625,15.));
#2837 = LINE('',#2838,#2839);
#2838 = CARTESIAN_POINT('',(-6.079999999985,3.625,15.));
#2839 = VECTOR('',#2840,1.);
#2840 = DIRECTION('',(0.,-1.,0.));
#2841 = ORIENTED_EDGE('',*,*,#2842,.F.);
#2842 = EDGE_CURVE('',#2843,#2835,#2845,.T.);
#2843 = VERTEX_POINT('',#2844);
#2844 = CARTESIAN_POINT('',(-4.080000000015,3.625,15.));
#2845 = LINE('',#2846,#2847);
#2846 = CARTESIAN_POINT('',(-4.080000000015,3.625,15.));
#2847 = VECTOR('',#2848,1.);
#2848 = DIRECTION('',(-1.,0.,0.));
#2849 = ORIENTED_EDGE('',*,*,#2850,.F.);
#2850 = EDGE_CURVE('',#2851,#2843,#2853,.T.);
#2851 = VERTEX_POINT('',#2852);
#2852 = CARTESIAN_POINT('',(-4.080000000015,2.,15.));
#2853 = LINE('',#2854,#2855);
#2854 = CARTESIAN_POINT('',(-4.080000000015,-3.625,15.));
#2855 = VECTOR('',#2856,1.);
#2856 = DIRECTION('',(0.,1.,0.));
#2857 = ORIENTED_EDGE('',*,*,#2858,.F.);
#2858 = EDGE_CURVE('',#2859,#2851,#2861,.T.);
#2859 = VERTEX_POINT('',#2860);
#2860 = CARTESIAN_POINT('',(-3.539999999983,2.,15.));
#2861 = LINE('',#2862,#2863);
#2862 = CARTESIAN_POINT('',(33.25,2.,15.));
#2863 = VECTOR('',#2864,1.);
#2864 = DIRECTION('',(-1.,0.,0.));
#2865 = ORIENTED_EDGE('',*,*,#2866,.F.);
#2866 = EDGE_CURVE('',#2867,#2859,#2869,.T.);
#2867 = VERTEX_POINT('',#2868);
#2868 = CARTESIAN_POINT('',(-3.539999999983,3.625,15.));
#2869 = LINE('',#2870,#2871);
#2870 = CARTESIAN_POINT('',(-3.539999999983,3.625,15.));
#2871 = VECTOR('',#2872,1.);
#2872 = DIRECTION('',(0.,-1.,0.));
#2873 = ORIENTED_EDGE('',*,*,#2874,.F.);
#2874 = EDGE_CURVE('',#2875,#2867,#2877,.T.);
#2875 = VERTEX_POINT('',#2876);
#2876 = CARTESIAN_POINT('',(-1.540000000017,3.625,15.));
#2877 = LINE('',#2878,#2879);
#2878 = CARTESIAN_POINT('',(-1.540000000017,3.625,15.));
#2879 = VECTOR('',#2880,1.);
#2880 = DIRECTION('',(-1.,0.,0.));
#2881 = ORIENTED_EDGE('',*,*,#2882,.F.);
#2882 = EDGE_CURVE('',#2883,#2875,#2885,.T.);
#2883 = VERTEX_POINT('',#2884);
#2884 = CARTESIAN_POINT('',(-1.540000000017,2.,15.));
#2885 = LINE('',#2886,#2887);
#2886 = CARTESIAN_POINT('',(-1.540000000017,-3.625,15.));
#2887 = VECTOR('',#2888,1.);
#2888 = DIRECTION('',(0.,1.,0.));
#2889 = ORIENTED_EDGE('',*,*,#2890,.F.);
#2890 = EDGE_CURVE('',#2891,#2883,#2893,.T.);
#2891 = VERTEX_POINT('',#2892);
#2892 = CARTESIAN_POINT('',(-1.,2.,15.));
#2893 = LINE('',#2894,#2895);
#2894 = CARTESIAN_POINT('',(33.25,2.,15.));
#2895 = VECTOR('',#2896,1.);
#2896 = DIRECTION('',(-1.,0.,0.));
#2897 = ORIENTED_EDGE('',*,*,#2898,.F.);
#2898 = EDGE_CURVE('',#2899,#2891,#2901,.T.);
#2899 = VERTEX_POINT('',#2900);
#2900 = CARTESIAN_POINT('',(-1.,3.625,15.));
#2901 = LINE('',#2902,#2903);
#2902 = CARTESIAN_POINT('',(-1.,3.625,15.));
#2903 = VECTOR('',#2904,1.);
#2904 = DIRECTION('',(0.,-1.,0.));
#2905 = ORIENTED_EDGE('',*,*,#2906,.F.);
#2906 = EDGE_CURVE('',#2907,#2899,#2909,.T.);
#2907 = VERTEX_POINT('',#2908);
#2908 = CARTESIAN_POINT('',(1.,3.625,15.));
#2909 = LINE('',#2910,#2911);
#2910 = CARTESIAN_POINT('',(1.,3.625,15.));
#2911 = VECTOR('',#2912,1.);
#2912 = DIRECTION('',(-1.,0.,0.));
#2913 = ORIENTED_EDGE('',*,*,#2914,.F.);
#2914 = EDGE_CURVE('',#2915,#2907,#2917,.T.);
#2915 = VERTEX_POINT('',#2916);
#2916 = CARTESIAN_POINT('',(1.,2.,15.));
#2917 = LINE('',#2918,#2919);
#2918 = CARTESIAN_POINT('',(1.,-3.625,15.));
#2919 = VECTOR('',#2920,1.);
#2920 = DIRECTION('',(0.,1.,0.));
#2921 = ORIENTED_EDGE('',*,*,#2922,.F.);
#2922 = EDGE_CURVE('',#2923,#2915,#2925,.T.);
#2923 = VERTEX_POINT('',#2924);
#2924 = CARTESIAN_POINT('',(1.54,2.,15.));
#2925 = LINE('',#2926,#2927);
#2926 = CARTESIAN_POINT('',(33.25,2.,15.));
#2927 = VECTOR('',#2928,1.);
#2928 = DIRECTION('',(-1.,0.,0.));
#2929 = ORIENTED_EDGE('',*,*,#2930,.F.);
#2930 = EDGE_CURVE('',#2931,#2923,#2933,.T.);
#2931 = VERTEX_POINT('',#2932);
#2932 = CARTESIAN_POINT('',(1.54,3.625,15.));
#2933 = LINE('',#2934,#2935);
#2934 = CARTESIAN_POINT('',(1.54,3.625,15.));
#2935 = VECTOR('',#2936,1.);
#2936 = DIRECTION('',(0.,-1.,0.));
#2937 = ORIENTED_EDGE('',*,*,#2938,.F.);
#2938 = EDGE_CURVE('',#2939,#2931,#2941,.T.);
#2939 = VERTEX_POINT('',#2940);
#2940 = CARTESIAN_POINT('',(3.54,3.625,15.));
#2941 = LINE('',#2942,#2943);
#2942 = CARTESIAN_POINT('',(3.54,3.625,15.));
#2943 = VECTOR('',#2944,1.);
#2944 = DIRECTION('',(-1.,0.,0.));
#2945 = ORIENTED_EDGE('',*,*,#2946,.F.);
#2946 = EDGE_CURVE('',#2947,#2939,#2949,.T.);
#2947 = VERTEX_POINT('',#2948);
#2948 = CARTESIAN_POINT('',(3.54,2.,15.));
#2949 = LINE('',#2950,#2951);
#2950 = CARTESIAN_POINT('',(3.54,-3.625,15.));
#2951 = VECTOR('',#2952,1.);
#2952 = DIRECTION('',(0.,1.,0.));
#2953 = ORIENTED_EDGE('',*,*,#2954,.F.);
#2954 = EDGE_CURVE('',#2955,#2947,#2957,.T.);
#2955 = VERTEX_POINT('',#2956);
#2956 = CARTESIAN_POINT('',(4.079999999999,2.,15.));
#2957 = LINE('',#2958,#2959);
#2958 = CARTESIAN_POINT('',(33.25,2.,15.));
#2959 = VECTOR('',#2960,1.);
#2960 = DIRECTION('',(-1.,0.,0.));
#2961 = ORIENTED_EDGE('',*,*,#2962,.F.);
#2962 = EDGE_CURVE('',#2963,#2955,#2965,.T.);
#2963 = VERTEX_POINT('',#2964);
#2964 = CARTESIAN_POINT('',(4.079999999999,3.625,15.));
#2965 = LINE('',#2966,#2967);
#2966 = CARTESIAN_POINT('',(4.079999999999,3.625,15.));
#2967 = VECTOR('',#2968,1.);
#2968 = DIRECTION('',(0.,-1.,0.));
#2969 = ORIENTED_EDGE('',*,*,#2970,.F.);
#2970 = EDGE_CURVE('',#2971,#2963,#2973,.T.);
#2971 = VERTEX_POINT('',#2972);
#2972 = CARTESIAN_POINT('',(6.080000000001,3.625,15.));
#2973 = LINE('',#2974,#2975);
#2974 = CARTESIAN_POINT('',(6.080000000001,3.625,15.));
#2975 = VECTOR('',#2976,1.);
#2976 = DIRECTION('',(-1.,0.,0.));
#2977 = ORIENTED_EDGE('',*,*,#2978,.F.);
#2978 = EDGE_CURVE('',#2979,#2971,#2981,.T.);
#2979 = VERTEX_POINT('',#2980);
#2980 = CARTESIAN_POINT('',(6.080000000001,2.,15.));
#2981 = LINE('',#2982,#2983);
#2982 = CARTESIAN_POINT('',(6.080000000001,-3.625,15.));
#2983 = VECTOR('',#2984,1.);
#2984 = DIRECTION('',(0.,1.,0.));
#2985 = ORIENTED_EDGE('',*,*,#2986,.F.);
#2986 = EDGE_CURVE('',#2987,#2979,#2989,.T.);
#2987 = VERTEX_POINT('',#2988);
#2988 = CARTESIAN_POINT('',(6.619999999999,2.,15.));
#2989 = LINE('',#2990,#2991);
#2990 = CARTESIAN_POINT('',(33.25,2.,15.));
#2991 = VECTOR('',#2992,1.);
#2992 = DIRECTION('',(-1.,0.,0.));
#2993 = ORIENTED_EDGE('',*,*,#2994,.F.);
#2994 = EDGE_CURVE('',#2995,#2987,#2997,.T.);
#2995 = VERTEX_POINT('',#2996);
#2996 = CARTESIAN_POINT('',(6.619999999999,3.625,15.));
#2997 = LINE('',#2998,#2999);
#2998 = CARTESIAN_POINT('',(6.619999999999,3.625,15.));
#2999 = VECTOR('',#3000,1.);
#3000 = DIRECTION('',(0.,-1.,0.));
#3001 = ORIENTED_EDGE('',*,*,#3002,.F.);
#3002 = EDGE_CURVE('',#3003,#2995,#3005,.T.);
#3003 = VERTEX_POINT('',#3004);
#3004 = CARTESIAN_POINT('',(8.620000000001,3.625,15.));
#3005 = LINE('',#3006,#3007);
#3006 = CARTESIAN_POINT('',(8.620000000001,3.625,15.));
#3007 = VECTOR('',#3008,1.);
#3008 = DIRECTION('',(-1.,0.,0.));
#3009 = ORIENTED_EDGE('',*,*,#3010,.F.);
#3010 = EDGE_CURVE('',#3011,#3003,#3013,.T.);
#3011 = VERTEX_POINT('',#3012);
#3012 = CARTESIAN_POINT('',(8.620000000001,2.,15.));
#3013 = LINE('',#3014,#3015);
#3014 = CARTESIAN_POINT('',(8.620000000001,-3.625,15.));
#3015 = VECTOR('',#3016,1.);
#3016 = DIRECTION('',(0.,1.,0.));
#3017 = ORIENTED_EDGE('',*,*,#3018,.F.);
#3018 = EDGE_CURVE('',#3019,#3011,#3021,.T.);
#3019 = VERTEX_POINT('',#3020);
#3020 = CARTESIAN_POINT('',(9.159999999999,2.,15.));
#3021 = LINE('',#3022,#3023);
#3022 = CARTESIAN_POINT('',(33.25,2.,15.));
#3023 = VECTOR('',#3024,1.);
#3024 = DIRECTION('',(-1.,0.,0.));
#3025 = ORIENTED_EDGE('',*,*,#3026,.F.);
#3026 = EDGE_CURVE('',#3027,#3019,#3029,.T.);
#3027 = VERTEX_POINT('',#3028);
#3028 = CARTESIAN_POINT('',(9.159999999999,3.625,15.));
#3029 = LINE('',#3030,#3031);
#3030 = CARTESIAN_POINT('',(9.159999999999,3.625,15.));
#3031 = VECTOR('',#3032,1.);
#3032 = DIRECTION('',(0.,-1.,0.));
#3033 = ORIENTED_EDGE('',*,*,#3034,.F.);
#3034 = EDGE_CURVE('',#3035,#3027,#3037,.T.);
#3035 = VERTEX_POINT('',#3036);
#3036 = CARTESIAN_POINT('',(11.160000000001,3.625,15.));
#3037 = LINE('',#3038,#3039);
#3038 = CARTESIAN_POINT('',(11.160000000001,3.625,15.));
#3039 = VECTOR('',#3040,1.);
#3040 = DIRECTION('',(-1.,0.,0.));
#3041 = ORIENTED_EDGE('',*,*,#3042,.F.);
#3042 = EDGE_CURVE('',#3043,#3035,#3045,.T.);
#3043 = VERTEX_POINT('',#3044);
#3044 = CARTESIAN_POINT('',(11.160000000001,2.,15.));
#3045 = LINE('',#3046,#3047);
#3046 = CARTESIAN_POINT('',(11.160000000001,-3.625,15.));
#3047 = VECTOR('',#3048,1.);
#3048 = DIRECTION('',(0.,1.,0.));
#3049 = ORIENTED_EDGE('',*,*,#3050,.F.);
#3050 = EDGE_CURVE('',#3051,#3043,#3053,.T.);
#3051 = VERTEX_POINT('',#3052);
#3052 = CARTESIAN_POINT('',(11.699999999999,2.,15.));
#3053 = LINE('',#3054,#3055);
#3054 = CARTESIAN_POINT('',(33.25,2.,15.));
#3055 = VECTOR('',#3056,1.);
#3056 = DIRECTION('',(-1.,0.,0.));
#3057 = ORIENTED_EDGE('',*,*,#3058,.F.);
#3058 = EDGE_CURVE('',#3059,#3051,#3061,.T.);
#3059 = VERTEX_POINT('',#3060);
#3060 = CARTESIAN_POINT('',(11.699999999999,3.625,15.));
#3061 = LINE('',#3062,#3063);
#3062 = CARTESIAN_POINT('',(11.699999999999,3.625,15.));
#3063 = VECTOR('',#3064,1.);
#3064 = DIRECTION('',(0.,-1.,0.));
#3065 = ORIENTED_EDGE('',*,*,#3066,.F.);
#3066 = EDGE_CURVE('',#3067,#3059,#3069,.T.);
#3067 = VERTEX_POINT('',#3068);
#3068 = CARTESIAN_POINT('',(13.700000000001,3.625,15.));
#3069 = LINE('',#3070,#3071);
#3070 = CARTESIAN_POINT('',(13.700000000001,3.625,15.));
#3071 = VECTOR('',#3072,1.);
#3072 = DIRECTION('',(-1.,0.,0.));
#3073 = ORIENTED_EDGE('',*,*,#3074,.F.);
#3074 = EDGE_CURVE('',#3075,#3067,#3077,.T.);
#3075 = VERTEX_POINT('',#3076);
#3076 = CARTESIAN_POINT('',(13.700000000001,2.,15.));
#3077 = LINE('',#3078,#3079);
#3078 = CARTESIAN_POINT('',(13.700000000001,-3.625,15.));
#3079 = VECTOR('',#3080,1.);
#3080 = DIRECTION('',(0.,1.,0.));
#3081 = ORIENTED_EDGE('',*,*,#3082,.F.);
#3082 = EDGE_CURVE('',#3083,#3075,#3085,.T.);
#3083 = VERTEX_POINT('',#3084);
#3084 = CARTESIAN_POINT('',(14.239999999999,2.,15.));
#3085 = LINE('',#3086,#3087);
#3086 = CARTESIAN_POINT('',(33.25,2.,15.));
#3087 = VECTOR('',#3088,1.);
#3088 = DIRECTION('',(-1.,0.,0.));
#3089 = ORIENTED_EDGE('',*,*,#3090,.F.);
#3090 = EDGE_CURVE('',#3091,#3083,#3093,.T.);
#3091 = VERTEX_POINT('',#3092);
#3092 = CARTESIAN_POINT('',(14.239999999999,3.625,15.));
#3093 = LINE('',#3094,#3095);
#3094 = CARTESIAN_POINT('',(14.239999999999,3.625,15.));
#3095 = VECTOR('',#3096,1.);
#3096 = DIRECTION('',(0.,-1.,0.));
#3097 = ORIENTED_EDGE('',*,*,#3098,.F.);
#3098 = EDGE_CURVE('',#3099,#3091,#3101,.T.);
#3099 = VERTEX_POINT('',#3100);
#3100 = CARTESIAN_POINT('',(16.240000000001,3.625,15.));
#3101 = LINE('',#3102,#3103);
#3102 = CARTESIAN_POINT('',(16.240000000001,3.625,15.));
#3103 = VECTOR('',#3104,1.);
#3104 = DIRECTION('',(-1.,0.,0.));
#3105 = ORIENTED_EDGE('',*,*,#3106,.F.);
#3106 = EDGE_CURVE('',#3107,#3099,#3109,.T.);
#3107 = VERTEX_POINT('',#3108);
#3108 = CARTESIAN_POINT('',(16.240000000001,2.,15.));
#3109 = LINE('',#3110,#3111);
#3110 = CARTESIAN_POINT('',(16.240000000001,-3.625,15.));
#3111 = VECTOR('',#3112,1.);
#3112 = DIRECTION('',(0.,1.,0.));
#3113 = ORIENTED_EDGE('',*,*,#3114,.F.);
#3114 = EDGE_CURVE('',#3115,#3107,#3117,.T.);
#3115 = VERTEX_POINT('',#3116);
#3116 = CARTESIAN_POINT('',(16.779999999999,2.,15.));
#3117 = LINE('',#3118,#3119);
#3118 = CARTESIAN_POINT('',(33.25,2.,15.));
#3119 = VECTOR('',#3120,1.);
#3120 = DIRECTION('',(-1.,0.,0.));
#3121 = ORIENTED_EDGE('',*,*,#3122,.F.);
#3122 = EDGE_CURVE('',#3123,#3115,#3125,.T.);
#3123 = VERTEX_POINT('',#3124);
#3124 = CARTESIAN_POINT('',(16.779999999999,3.625,15.));
#3125 = LINE('',#3126,#3127);
#3126 = CARTESIAN_POINT('',(16.779999999999,3.625,15.));
#3127 = VECTOR('',#3128,1.);
#3128 = DIRECTION('',(0.,-1.,0.));
#3129 = ORIENTED_EDGE('',*,*,#3130,.F.);
#3130 = EDGE_CURVE('',#3131,#3123,#3133,.T.);
#3131 = VERTEX_POINT('',#3132);
#3132 = CARTESIAN_POINT('',(18.780000000001,3.625,15.));
#3133 = LINE('',#3134,#3135);
#3134 = CARTESIAN_POINT('',(18.780000000001,3.625,15.));
#3135 = VECTOR('',#3136,1.);
#3136 = DIRECTION('',(-1.,0.,0.));
#3137 = ORIENTED_EDGE('',*,*,#3138,.F.);
#3138 = EDGE_CURVE('',#3139,#3131,#3141,.T.);
#3139 = VERTEX_POINT('',#3140);
#3140 = CARTESIAN_POINT('',(18.780000000001,2.,15.));
#3141 = LINE('',#3142,#3143);
#3142 = CARTESIAN_POINT('',(18.780000000001,-3.625,15.));
#3143 = VECTOR('',#3144,1.);
#3144 = DIRECTION('',(0.,1.,0.));
#3145 = ORIENTED_EDGE('',*,*,#3146,.F.);
#3146 = EDGE_CURVE('',#3147,#3139,#3149,.T.);
#3147 = VERTEX_POINT('',#3148);
#3148 = CARTESIAN_POINT('',(19.319999999999,2.,15.));
#3149 = LINE('',#3150,#3151);
#3150 = CARTESIAN_POINT('',(33.25,2.,15.));
#3151 = VECTOR('',#3152,1.);
#3152 = DIRECTION('',(-1.,0.,0.));
#3153 = ORIENTED_EDGE('',*,*,#3154,.F.);
#3154 = EDGE_CURVE('',#3155,#3147,#3157,.T.);
#3155 = VERTEX_POINT('',#3156);
#3156 = CARTESIAN_POINT('',(19.319999999999,3.625,15.));
#3157 = LINE('',#3158,#3159);
#3158 = CARTESIAN_POINT('',(19.319999999999,3.625,15.));
#3159 = VECTOR('',#3160,1.);
#3160 = DIRECTION('',(0.,-1.,0.));
#3161 = ORIENTED_EDGE('',*,*,#3162,.F.);
#3162 = EDGE_CURVE('',#3163,#3155,#3165,.T.);
#3163 = VERTEX_POINT('',#3164);
#3164 = CARTESIAN_POINT('',(21.320000000001,3.625,15.));
#3165 = LINE('',#3166,#3167);
#3166 = CARTESIAN_POINT('',(21.320000000001,3.625,15.));
#3167 = VECTOR('',#3168,1.);
#3168 = DIRECTION('',(-1.,0.,0.));
#3169 = ORIENTED_EDGE('',*,*,#3170,.F.);
#3170 = EDGE_CURVE('',#3171,#3163,#3173,.T.);
#3171 = VERTEX_POINT('',#3172);
#3172 = CARTESIAN_POINT('',(21.320000000001,2.,15.));
#3173 = LINE('',#3174,#3175);
#3174 = CARTESIAN_POINT('',(21.320000000001,-3.625,15.));
#3175 = VECTOR('',#3176,1.);
#3176 = DIRECTION('',(0.,1.,0.));
#3177 = ORIENTED_EDGE('',*,*,#3178,.F.);
#3178 = EDGE_CURVE('',#3179,#3171,#3181,.T.);
#3179 = VERTEX_POINT('',#3180);
#3180 = CARTESIAN_POINT('',(21.859999999999,2.,15.));
#3181 = LINE('',#3182,#3183);
#3182 = CARTESIAN_POINT('',(33.25,2.,15.));
#3183 = VECTOR('',#3184,1.);
#3184 = DIRECTION('',(-1.,0.,0.));
#3185 = ORIENTED_EDGE('',*,*,#3186,.F.);
#3186 = EDGE_CURVE('',#3187,#3179,#3189,.T.);
#3187 = VERTEX_POINT('',#3188);
#3188 = CARTESIAN_POINT('',(21.859999999999,3.625,15.));
#3189 = LINE('',#3190,#3191);
#3190 = CARTESIAN_POINT('',(21.859999999999,3.625,15.));
#3191 = VECTOR('',#3192,1.);
#3192 = DIRECTION('',(0.,-1.,0.));
#3193 = ORIENTED_EDGE('',*,*,#3194,.F.);
#3194 = EDGE_CURVE('',#3195,#3187,#3197,.T.);
#3195 = VERTEX_POINT('',#3196);
#3196 = CARTESIAN_POINT('',(23.860000000001,3.625,15.));
#3197 = LINE('',#3198,#3199);
#3198 = CARTESIAN_POINT('',(23.860000000001,3.625,15.));
#3199 = VECTOR('',#3200,1.);
#3200 = DIRECTION('',(-1.,0.,0.));
#3201 = ORIENTED_EDGE('',*,*,#3202,.F.);
#3202 = EDGE_CURVE('',#3203,#3195,#3205,.T.);
#3203 = VERTEX_POINT('',#3204);
#3204 = CARTESIAN_POINT('',(23.860000000001,2.,15.));
#3205 = LINE('',#3206,#3207);
#3206 = CARTESIAN_POINT('',(23.860000000001,-3.625,15.));
#3207 = VECTOR('',#3208,1.);
#3208 = DIRECTION('',(0.,1.,0.));
#3209 = ORIENTED_EDGE('',*,*,#3210,.F.);
#3210 = EDGE_CURVE('',#3211,#3203,#3213,.T.);
#3211 = VERTEX_POINT('',#3212);
#3212 = CARTESIAN_POINT('',(24.399999999999,2.,15.));
#3213 = LINE('',#3214,#3215);
#3214 = CARTESIAN_POINT('',(33.25,2.,15.));
#3215 = VECTOR('',#3216,1.);
#3216 = DIRECTION('',(-1.,0.,0.));
#3217 = ORIENTED_EDGE('',*,*,#3218,.F.);
#3218 = EDGE_CURVE('',#3219,#3211,#3221,.T.);
#3219 = VERTEX_POINT('',#3220);
#3220 = CARTESIAN_POINT('',(24.399999999999,3.625,15.));
#3221 = LINE('',#3222,#3223);
#3222 = CARTESIAN_POINT('',(24.399999999999,3.625,15.));
#3223 = VECTOR('',#3224,1.);
#3224 = DIRECTION('',(0.,-1.,0.));
#3225 = ORIENTED_EDGE('',*,*,#3226,.F.);
#3226 = EDGE_CURVE('',#3227,#3219,#3229,.T.);
#3227 = VERTEX_POINT('',#3228);
#3228 = CARTESIAN_POINT('',(26.400000000001,3.625,15.));
#3229 = LINE('',#3230,#3231);
#3230 = CARTESIAN_POINT('',(26.400000000001,3.625,15.));
#3231 = VECTOR('',#3232,1.);
#3232 = DIRECTION('',(-1.,0.,0.));
#3233 = ORIENTED_EDGE('',*,*,#3234,.F.);
#3234 = EDGE_CURVE('',#3235,#3227,#3237,.T.);
#3235 = VERTEX_POINT('',#3236);
#3236 = CARTESIAN_POINT('',(26.400000000001,2.,15.));
#3237 = LINE('',#3238,#3239);
#3238 = CARTESIAN_POINT('',(26.400000000001,-3.625,15.));
#3239 = VECTOR('',#3240,1.);
#3240 = DIRECTION('',(0.,1.,0.));
#3241 = ORIENTED_EDGE('',*,*,#3242,.F.);
#3242 = EDGE_CURVE('',#3243,#3235,#3245,.T.);
#3243 = VERTEX_POINT('',#3244);
#3244 = CARTESIAN_POINT('',(26.939999999999,2.,15.));
#3245 = LINE('',#3246,#3247);
#3246 = CARTESIAN_POINT('',(33.25,2.,15.));
#3247 = VECTOR('',#3248,1.);
#3248 = DIRECTION('',(-1.,0.,0.));
#3249 = ORIENTED_EDGE('',*,*,#3250,.F.);
#3250 = EDGE_CURVE('',#3251,#3243,#3253,.T.);
#3251 = VERTEX_POINT('',#3252);
#3252 = CARTESIAN_POINT('',(26.939999999999,3.625,15.));
#3253 = LINE('',#3254,#3255);
#3254 = CARTESIAN_POINT('',(26.939999999999,3.625,15.));
#3255 = VECTOR('',#3256,1.);
#3256 = DIRECTION('',(0.,-1.,0.));
#3257 = ORIENTED_EDGE('',*,*,#3258,.F.);
#3258 = EDGE_CURVE('',#3259,#3251,#3261,.T.);
#3259 = VERTEX_POINT('',#3260);
#3260 = CARTESIAN_POINT('',(28.940000000001,3.625,15.));
#3261 = LINE('',#3262,#3263);
#3262 = CARTESIAN_POINT('',(28.940000000001,3.625,15.));
#3263 = VECTOR('',#3264,1.);
#3264 = DIRECTION('',(-1.,0.,0.));
#3265 = ORIENTED_EDGE('',*,*,#3266,.F.);
#3266 = EDGE_CURVE('',#3267,#3259,#3269,.T.);
#3267 = VERTEX_POINT('',#3268);
#3268 = CARTESIAN_POINT('',(28.940000000001,2.,15.));
#3269 = LINE('',#3270,#3271);
#3270 = CARTESIAN_POINT('',(28.940000000001,-3.625,15.));
#3271 = VECTOR('',#3272,1.);
#3272 = DIRECTION('',(0.,1.,0.));
#3273 = ORIENTED_EDGE('',*,*,#3274,.F.);
#3274 = EDGE_CURVE('',#3275,#3267,#3277,.T.);
#3275 = VERTEX_POINT('',#3276);
#3276 = CARTESIAN_POINT('',(29.479999999999,2.,15.));
#3277 = LINE('',#3278,#3279);
#3278 = CARTESIAN_POINT('',(33.25,2.,15.));
#3279 = VECTOR('',#3280,1.);
#3280 = DIRECTION('',(-1.,0.,0.));
#3281 = ORIENTED_EDGE('',*,*,#3282,.F.);
#3282 = EDGE_CURVE('',#3283,#3275,#3285,.T.);
#3283 = VERTEX_POINT('',#3284);
#3284 = CARTESIAN_POINT('',(29.479999999999,3.625,15.));
#3285 = LINE('',#3286,#3287);
#3286 = CARTESIAN_POINT('',(29.479999999999,3.625,15.));
#3287 = VECTOR('',#3288,1.);
#3288 = DIRECTION('',(0.,-1.,0.));
#3289 = ORIENTED_EDGE('',*,*,#3290,.F.);
#3290 = EDGE_CURVE('',#3291,#3283,#3293,.T.);
#3291 = VERTEX_POINT('',#3292);
#3292 = CARTESIAN_POINT('',(31.480000000001,3.625,15.));
#3293 = LINE('',#3294,#3295);
#3294 = CARTESIAN_POINT('',(31.480000000001,3.625,15.));
#3295 = VECTOR('',#3296,1.);
#3296 = DIRECTION('',(-1.,0.,0.));
#3297 = ORIENTED_EDGE('',*,*,#3298,.F.);
#3298 = EDGE_CURVE('',#3299,#3291,#3301,.T.);
#3299 = VERTEX_POINT('',#3300);
#3300 = CARTESIAN_POINT('',(31.480000000001,2.,15.));
#3301 = LINE('',#3302,#3303);
#3302 = CARTESIAN_POINT('',(31.480000000001,-3.625,15.));
#3303 = VECTOR('',#3304,1.);
#3304 = DIRECTION('',(0.,1.,0.));
#3305 = ORIENTED_EDGE('',*,*,#3306,.F.);
#3306 = EDGE_CURVE('',#3307,#3299,#3309,.T.);
#3307 = VERTEX_POINT('',#3308);
#3308 = CARTESIAN_POINT('',(34.25,2.,15.));
#3309 = LINE('',#3310,#3311);
#3310 = CARTESIAN_POINT('',(33.25,2.,15.));
#3311 = VECTOR('',#3312,1.);
#3312 = DIRECTION('',(-1.,0.,0.));
#3313 = ORIENTED_EDGE('',*,*,#3314,.F.);
#3314 = EDGE_CURVE('',#3315,#3307,#3317,.T.);
#3315 = VERTEX_POINT('',#3316);
#3316 = CARTESIAN_POINT('',(34.25,-2.,15.));
#3317 = LINE('',#3318,#3319);
#3318 = CARTESIAN_POINT('',(34.25,-1.,15.));
#3319 = VECTOR('',#3320,1.);
#3320 = DIRECTION('',(0.,1.,0.));
#3321 = ORIENTED_EDGE('',*,*,#3322,.F.);
#3322 = EDGE_CURVE('',#3323,#3315,#3325,.T.);
#3323 = VERTEX_POINT('',#3324);
#3324 = CARTESIAN_POINT('',(31.480000000001,-2.,15.));
#3325 = LINE('',#3326,#3327);
#3326 = CARTESIAN_POINT('',(-33.25,-2.,15.));
#3327 = VECTOR('',#3328,1.);
#3328 = DIRECTION('',(1.,0.,0.));
#3329 = ORIENTED_EDGE('',*,*,#3330,.F.);
#3330 = EDGE_CURVE('',#3331,#3323,#3333,.T.);
#3331 = VERTEX_POINT('',#3332);
#3332 = CARTESIAN_POINT('',(31.480000000001,-3.625,15.));
#3333 = LINE('',#3334,#3335);
#3334 = CARTESIAN_POINT('',(31.480000000001,-3.625,15.));
#3335 = VECTOR('',#3336,1.);
#3336 = DIRECTION('',(0.,1.,0.));
#3337 = ORIENTED_EDGE('',*,*,#3338,.F.);
#3338 = EDGE_CURVE('',#3339,#3331,#3341,.T.);
#3339 = VERTEX_POINT('',#3340);
#3340 = CARTESIAN_POINT('',(29.479999999999,-3.625,15.));
#3341 = LINE('',#3342,#3343);
#3342 = CARTESIAN_POINT('',(29.479999999999,-3.625,15.));
#3343 = VECTOR('',#3344,1.);
#3344 = DIRECTION('',(1.,0.,0.));
#3345 = ORIENTED_EDGE('',*,*,#3346,.F.);
#3346 = EDGE_CURVE('',#3347,#3339,#3349,.T.);
#3347 = VERTEX_POINT('',#3348);
#3348 = CARTESIAN_POINT('',(29.479999999999,-2.,15.));
#3349 = LINE('',#3350,#3351);
#3350 = CARTESIAN_POINT('',(29.479999999999,3.625,15.));
#3351 = VECTOR('',#3352,1.);
#3352 = DIRECTION('',(0.,-1.,0.));
#3353 = ORIENTED_EDGE('',*,*,#3354,.F.);
#3354 = EDGE_CURVE('',#3355,#3347,#3357,.T.);
#3355 = VERTEX_POINT('',#3356);
#3356 = CARTESIAN_POINT('',(28.940000000001,-2.,15.));
#3357 = LINE('',#3358,#3359);
#3358 = CARTESIAN_POINT('',(-33.25,-2.,15.));
#3359 = VECTOR('',#3360,1.);
#3360 = DIRECTION('',(1.,0.,0.));
#3361 = ORIENTED_EDGE('',*,*,#3362,.F.);
#3362 = EDGE_CURVE('',#3363,#3355,#3365,.T.);
#3363 = VERTEX_POINT('',#3364);
#3364 = CARTESIAN_POINT('',(28.940000000001,-3.625,15.));
#3365 = LINE('',#3366,#3367);
#3366 = CARTESIAN_POINT('',(28.940000000001,-3.625,15.));
#3367 = VECTOR('',#3368,1.);
#3368 = DIRECTION('',(0.,1.,0.));
#3369 = ORIENTED_EDGE('',*,*,#3370,.F.);
#3370 = EDGE_CURVE('',#3371,#3363,#3373,.T.);
#3371 = VERTEX_POINT('',#3372);
#3372 = CARTESIAN_POINT('',(26.939999999999,-3.625,15.));
#3373 = LINE('',#3374,#3375);
#3374 = CARTESIAN_POINT('',(26.939999999999,-3.625,15.));
#3375 = VECTOR('',#3376,1.);
#3376 = DIRECTION('',(1.,0.,0.));
#3377 = ORIENTED_EDGE('',*,*,#3378,.F.);
#3378 = EDGE_CURVE('',#3379,#3371,#3381,.T.);
#3379 = VERTEX_POINT('',#3380);
#3380 = CARTESIAN_POINT('',(26.939999999999,-2.,15.));
#3381 = LINE('',#3382,#3383);
#3382 = CARTESIAN_POINT('',(26.939999999999,3.625,15.));
#3383 = VECTOR('',#3384,1.);
#3384 = DIRECTION('',(0.,-1.,0.));
#3385 = ORIENTED_EDGE('',*,*,#3386,.F.);
#3386 = EDGE_CURVE('',#3387,#3379,#3389,.T.);
#3387 = VERTEX_POINT('',#3388);
#3388 = CARTESIAN_POINT('',(26.400000000001,-2.,15.));
#3389 = LINE('',#3390,#3391);
#3390 = CARTESIAN_POINT('',(-33.25,-2.,15.));
#3391 = VECTOR('',#3392,1.);
#3392 = DIRECTION('',(1.,0.,0.));
#3393 = ORIENTED_EDGE('',*,*,#3394,.F.);
#3394 = EDGE_CURVE('',#3395,#3387,#3397,.T.);
#3395 = VERTEX_POINT('',#3396);
#3396 = CARTESIAN_POINT('',(26.400000000001,-3.625,15.));
#3397 = LINE('',#3398,#3399);
#3398 = CARTESIAN_POINT('',(26.400000000001,-3.625,15.));
#3399 = VECTOR('',#3400,1.);
#3400 = DIRECTION('',(0.,1.,0.));
#3401 = ORIENTED_EDGE('',*,*,#3402,.F.);
#3402 = EDGE_CURVE('',#3403,#3395,#3405,.T.);
#3403 = VERTEX_POINT('',#3404);
#3404 = CARTESIAN_POINT('',(24.399999999999,-3.625,15.));
#3405 = LINE('',#3406,#3407);
#3406 = CARTESIAN_POINT('',(24.399999999999,-3.625,15.));
#3407 = VECTOR('',#3408,1.);
#3408 = DIRECTION('',(1.,0.,0.));
#3409 = ORIENTED_EDGE('',*,*,#3410,.F.);
#3410 = EDGE_CURVE('',#3411,#3403,#3413,.T.);
#3411 = VERTEX_POINT('',#3412);
#3412 = CARTESIAN_POINT('',(24.399999999999,-2.,15.));
#3413 = LINE('',#3414,#3415);
#3414 = CARTESIAN_POINT('',(24.399999999999,3.625,15.));
#3415 = VECTOR('',#3416,1.);
#3416 = DIRECTION('',(0.,-1.,0.));
#3417 = ORIENTED_EDGE('',*,*,#3418,.F.);
#3418 = EDGE_CURVE('',#3419,#3411,#3421,.T.);
#3419 = VERTEX_POINT('',#3420);
#3420 = CARTESIAN_POINT('',(23.860000000001,-2.,15.));
#3421 = LINE('',#3422,#3423);
#3422 = CARTESIAN_POINT('',(-33.25,-2.,15.));
#3423 = VECTOR('',#3424,1.);
#3424 = DIRECTION('',(1.,0.,0.));
#3425 = ORIENTED_EDGE('',*,*,#3426,.F.);
#3426 = EDGE_CURVE('',#3427,#3419,#3429,.T.);
#3427 = VERTEX_POINT('',#3428);
#3428 = CARTESIAN_POINT('',(23.860000000001,-3.625,15.));
#3429 = LINE('',#3430,#3431);
#3430 = CARTESIAN_POINT('',(23.860000000001,-3.625,15.));
#3431 = VECTOR('',#3432,1.);
#3432 = DIRECTION('',(0.,1.,0.));
#3433 = ORIENTED_EDGE('',*,*,#3434,.F.);
#3434 = EDGE_CURVE('',#3435,#3427,#3437,.T.);
#3435 = VERTEX_POINT('',#3436);
#3436 = CARTESIAN_POINT('',(21.859999999999,-3.625,15.));
#3437 = LINE('',#3438,#3439);
#3438 = CARTESIAN_POINT('',(21.859999999999,-3.625,15.));
#3439 = VECTOR('',#3440,1.);
#3440 = DIRECTION('',(1.,0.,0.));
#3441 = ORIENTED_EDGE('',*,*,#3442,.F.);
#3442 = EDGE_CURVE('',#3443,#3435,#3445,.T.);
#3443 = VERTEX_POINT('',#3444);
#3444 = CARTESIAN_POINT('',(21.859999999999,-2.,15.));
#3445 = LINE('',#3446,#3447);
#3446 = CARTESIAN_POINT('',(21.859999999999,3.625,15.));
#3447 = VECTOR('',#3448,1.);
#3448 = DIRECTION('',(0.,-1.,0.));
#3449 = ORIENTED_EDGE('',*,*,#3450,.F.);
#3450 = EDGE_CURVE('',#3451,#3443,#3453,.T.);
#3451 = VERTEX_POINT('',#3452);
#3452 = CARTESIAN_POINT('',(21.320000000001,-2.,15.));
#3453 = LINE('',#3454,#3455);
#3454 = CARTESIAN_POINT('',(-33.25,-2.,15.));
#3455 = VECTOR('',#3456,1.);
#3456 = DIRECTION('',(1.,0.,0.));
#3457 = ORIENTED_EDGE('',*,*,#3458,.F.);
#3458 = EDGE_CURVE('',#3459,#3451,#3461,.T.);
#3459 = VERTEX_POINT('',#3460);
#3460 = CARTESIAN_POINT('',(21.320000000001,-3.625,15.));
#3461 = LINE('',#3462,#3463);
#3462 = CARTESIAN_POINT('',(21.320000000001,-3.625,15.));
#3463 = VECTOR('',#3464,1.);
#3464 = DIRECTION('',(0.,1.,0.));
#3465 = ORIENTED_EDGE('',*,*,#3466,.F.);
#3466 = EDGE_CURVE('',#3467,#3459,#3469,.T.);
#3467 = VERTEX_POINT('',#3468);
#3468 = CARTESIAN_POINT('',(19.319999999999,-3.625,15.));
#3469 = LINE('',#3470,#3471);
#3470 = CARTESIAN_POINT('',(19.319999999999,-3.625,15.));
#3471 = VECTOR('',#3472,1.);
#3472 = DIRECTION('',(1.,0.,0.));
#3473 = ORIENTED_EDGE('',*,*,#3474,.F.);
#3474 = EDGE_CURVE('',#3475,#3467,#3477,.T.);
#3475 = VERTEX_POINT('',#3476);
#3476 = CARTESIAN_POINT('',(19.319999999999,-2.,15.));
#3477 = LINE('',#3478,#3479);
#3478 = CARTESIAN_POINT('',(19.319999999999,3.625,15.));
#3479 = VECTOR('',#3480,1.);
#3480 = DIRECTION('',(0.,-1.,0.));
#3481 = ORIENTED_EDGE('',*,*,#3482,.F.);
#3482 = EDGE_CURVE('',#3483,#3475,#3485,.T.);
#3483 = VERTEX_POINT('',#3484);
#3484 = CARTESIAN_POINT('',(18.780000000001,-2.,15.));
#3485 = LINE('',#3486,#3487);
#3486 = CARTESIAN_POINT('',(-33.25,-2.,15.));
#3487 = VECTOR('',#3488,1.);
#3488 = DIRECTION('',(1.,0.,0.));
#3489 = ORIENTED_EDGE('',*,*,#3490,.F.);
#3490 = EDGE_CURVE('',#3491,#3483,#3493,.T.);
#3491 = VERTEX_POINT('',#3492);
#3492 = CARTESIAN_POINT('',(18.780000000001,-3.625,15.));
#3493 = LINE('',#3494,#3495);
#3494 = CARTESIAN_POINT('',(18.780000000001,-3.625,15.));
#3495 = VECTOR('',#3496,1.);
#3496 = DIRECTION('',(0.,1.,0.));
#3497 = ORIENTED_EDGE('',*,*,#3498,.F.);
#3498 = EDGE_CURVE('',#3499,#3491,#3501,.T.);
#3499 = VERTEX_POINT('',#3500);
#3500 = CARTESIAN_POINT('',(16.779999999999,-3.625,15.));
#3501 = LINE('',#3502,#3503);
#3502 = CARTESIAN_POINT('',(16.779999999999,-3.625,15.));
#3503 = VECTOR('',#3504,1.);
#3504 = DIRECTION('',(1.,0.,0.));
#3505 = ORIENTED_EDGE('',*,*,#3506,.F.);
#3506 = EDGE_CURVE('',#3507,#3499,#3509,.T.);
#3507 = VERTEX_POINT('',#3508);
#3508 = CARTESIAN_POINT('',(16.779999999999,-2.,15.));
#3509 = LINE('',#3510,#3511);
#3510 = CARTESIAN_POINT('',(16.779999999999,3.625,15.));
#3511 = VECTOR('',#3512,1.);
#3512 = DIRECTION('',(0.,-1.,0.));
#3513 = ORIENTED_EDGE('',*,*,#3514,.F.);
#3514 = EDGE_CURVE('',#3515,#3507,#3517,.T.);
#3515 = VERTEX_POINT('',#3516);
#3516 = CARTESIAN_POINT('',(16.240000000001,-2.,15.));
#3517 = LINE('',#3518,#3519);
#3518 = CARTESIAN_POINT('',(-33.25,-2.,15.));
#3519 = VECTOR('',#3520,1.);
#3520 = DIRECTION('',(1.,0.,0.));
#3521 = ORIENTED_EDGE('',*,*,#3522,.F.);
#3522 = EDGE_CURVE('',#3523,#3515,#3525,.T.);
#3523 = VERTEX_POINT('',#3524);
#3524 = CARTESIAN_POINT('',(16.240000000001,-3.625,15.));
#3525 = LINE('',#3526,#3527);
#3526 = CARTESIAN_POINT('',(16.240000000001,-3.625,15.));
#3527 = VECTOR('',#3528,1.);
#3528 = DIRECTION('',(0.,1.,0.));
#3529 = ORIENTED_EDGE('',*,*,#3530,.F.);
#3530 = EDGE_CURVE('',#3531,#3523,#3533,.T.);
#3531 = VERTEX_POINT('',#3532);
#3532 = CARTESIAN_POINT('',(14.239999999999,-3.625,15.));
#3533 = LINE('',#3534,#3535);
#3534 = CARTESIAN_POINT('',(14.239999999999,-3.625,15.));
#3535 = VECTOR('',#3536,1.);
#3536 = DIRECTION('',(1.,0.,0.));
#3537 = ORIENTED_EDGE('',*,*,#3538,.F.);
#3538 = EDGE_CURVE('',#3539,#3531,#3541,.T.);
#3539 = VERTEX_POINT('',#3540);
#3540 = CARTESIAN_POINT('',(14.239999999999,-2.,15.));
#3541 = LINE('',#3542,#3543);
#3542 = CARTESIAN_POINT('',(14.239999999999,3.625,15.));
#3543 = VECTOR('',#3544,1.);
#3544 = DIRECTION('',(0.,-1.,0.));
#3545 = ORIENTED_EDGE('',*,*,#3546,.F.);
#3546 = EDGE_CURVE('',#3547,#3539,#3549,.T.);
#3547 = VERTEX_POINT('',#3548);
#3548 = CARTESIAN_POINT('',(13.700000000001,-2.,15.));
#3549 = LINE('',#3550,#3551);
#3550 = CARTESIAN_POINT('',(-33.25,-2.,15.));
#3551 = VECTOR('',#3552,1.);
#3552 = DIRECTION('',(1.,0.,0.));
#3553 = ORIENTED_EDGE('',*,*,#3554,.F.);
#3554 = EDGE_CURVE('',#3555,#3547,#3557,.T.);
#3555 = VERTEX_POINT('',#3556);
#3556 = CARTESIAN_POINT('',(13.700000000001,-3.625,15.));
#3557 = LINE('',#3558,#3559);
#3558 = CARTESIAN_POINT('',(13.700000000001,-3.625,15.));
#3559 = VECTOR('',#3560,1.);
#3560 = DIRECTION('',(0.,1.,0.));
#3561 = ORIENTED_EDGE('',*,*,#3562,.F.);
#3562 = EDGE_CURVE('',#3563,#3555,#3565,.T.);
#3563 = VERTEX_POINT('',#3564);
#3564 = CARTESIAN_POINT('',(11.699999999999,-3.625,15.));
#3565 = LINE('',#3566,#3567);
#3566 = CARTESIAN_POINT('',(11.699999999999,-3.625,15.));
#3567 = VECTOR('',#3568,1.);
#3568 = DIRECTION('',(1.,0.,0.));
#3569 = ORIENTED_EDGE('',*,*,#3570,.F.);
#3570 = EDGE_CURVE('',#3571,#3563,#3573,.T.);
#3571 = VERTEX_POINT('',#3572);
#3572 = CARTESIAN_POINT('',(11.699999999999,-2.,15.));
#3573 = LINE('',#3574,#3575);
#3574 = CARTESIAN_POINT('',(11.699999999999,3.625,15.));
#3575 = VECTOR('',#3576,1.);
#3576 = DIRECTION('',(0.,-1.,0.));
#3577 = ORIENTED_EDGE('',*,*,#3578,.F.);
#3578 = EDGE_CURVE('',#3579,#3571,#3581,.T.);
#3579 = VERTEX_POINT('',#3580);
#3580 = CARTESIAN_POINT('',(11.160000000001,-2.,15.));
#3581 = LINE('',#3582,#3583);
#3582 = CARTESIAN_POINT('',(-33.25,-2.,15.));
#3583 = VECTOR('',#3584,1.);
#3584 = DIRECTION('',(1.,0.,0.));
#3585 = ORIENTED_EDGE('',*,*,#3586,.F.);
#3586 = EDGE_CURVE('',#3587,#3579,#3589,.T.);
#3587 = VERTEX_POINT('',#3588);
#3588 = CARTESIAN_POINT('',(11.160000000001,-3.625,15.));
#3589 = LINE('',#3590,#3591);
#3590 = CARTESIAN_POINT('',(11.160000000001,-3.625,15.));
#3591 = VECTOR('',#3592,1.);
#3592 = DIRECTION('',(0.,1.,0.));
#3593 = ORIENTED_EDGE('',*,*,#3594,.F.);
#3594 = EDGE_CURVE('',#3595,#3587,#3597,.T.);
#3595 = VERTEX_POINT('',#3596);
#3596 = CARTESIAN_POINT('',(9.159999999999,-3.625,15.));
#3597 = LINE('',#3598,#3599);
#3598 = CARTESIAN_POINT('',(9.159999999999,-3.625,15.));
#3599 = VECTOR('',#3600,1.);
#3600 = DIRECTION('',(1.,0.,0.));
#3601 = ORIENTED_EDGE('',*,*,#3602,.F.);
#3602 = EDGE_CURVE('',#3603,#3595,#3605,.T.);
#3603 = VERTEX_POINT('',#3604);
#3604 = CARTESIAN_POINT('',(9.159999999999,-2.,15.));
#3605 = LINE('',#3606,#3607);
#3606 = CARTESIAN_POINT('',(9.159999999999,3.625,15.));
#3607 = VECTOR('',#3608,1.);
#3608 = DIRECTION('',(0.,-1.,0.));
#3609 = ORIENTED_EDGE('',*,*,#3610,.F.);
#3610 = EDGE_CURVE('',#3611,#3603,#3613,.T.);
#3611 = VERTEX_POINT('',#3612);
#3612 = CARTESIAN_POINT('',(8.620000000001,-2.,15.));
#3613 = LINE('',#3614,#3615);
#3614 = CARTESIAN_POINT('',(-33.25,-2.,15.));
#3615 = VECTOR('',#3616,1.);
#3616 = DIRECTION('',(1.,0.,0.));
#3617 = ORIENTED_EDGE('',*,*,#3618,.F.);
#3618 = EDGE_CURVE('',#3619,#3611,#3621,.T.);
#3619 = VERTEX_POINT('',#3620);
#3620 = CARTESIAN_POINT('',(8.620000000001,-3.625,15.));
#3621 = LINE('',#3622,#3623);
#3622 = CARTESIAN_POINT('',(8.620000000001,-3.625,15.));
#3623 = VECTOR('',#3624,1.);
#3624 = DIRECTION('',(0.,1.,0.));
#3625 = ORIENTED_EDGE('',*,*,#3626,.F.);
#3626 = EDGE_CURVE('',#3627,#3619,#3629,.T.);
#3627 = VERTEX_POINT('',#3628);
#3628 = CARTESIAN_POINT('',(6.619999999999,-3.625,15.));
#3629 = LINE('',#3630,#3631);
#3630 = CARTESIAN_POINT('',(6.619999999999,-3.625,15.));
#3631 = VECTOR('',#3632,1.);
#3632 = DIRECTION('',(1.,0.,0.));
#3633 = ORIENTED_EDGE('',*,*,#3634,.F.);
#3634 = EDGE_CURVE('',#3635,#3627,#3637,.T.);
#3635 = VERTEX_POINT('',#3636);
#3636 = CARTESIAN_POINT('',(6.619999999999,-2.,15.));
#3637 = LINE('',#3638,#3639);
#3638 = CARTESIAN_POINT('',(6.619999999999,3.625,15.));
#3639 = VECTOR('',#3640,1.);
#3640 = DIRECTION('',(0.,-1.,0.));
#3641 = ORIENTED_EDGE('',*,*,#3642,.F.);
#3642 = EDGE_CURVE('',#3643,#3635,#3645,.T.);
#3643 = VERTEX_POINT('',#3644);
#3644 = CARTESIAN_POINT('',(6.080000000001,-2.,15.));
#3645 = LINE('',#3646,#3647);
#3646 = CARTESIAN_POINT('',(-33.25,-2.,15.));
#3647 = VECTOR('',#3648,1.);
#3648 = DIRECTION('',(1.,0.,0.));
#3649 = ORIENTED_EDGE('',*,*,#3650,.F.);
#3650 = EDGE_CURVE('',#3651,#3643,#3653,.T.);
#3651 = VERTEX_POINT('',#3652);
#3652 = CARTESIAN_POINT('',(6.080000000001,-3.625,15.));
#3653 = LINE('',#3654,#3655);
#3654 = CARTESIAN_POINT('',(6.080000000001,-3.625,15.));
#3655 = VECTOR('',#3656,1.);
#3656 = DIRECTION('',(0.,1.,0.));
#3657 = ORIENTED_EDGE('',*,*,#3658,.F.);
#3658 = EDGE_CURVE('',#3659,#3651,#3661,.T.);
#3659 = VERTEX_POINT('',#3660);
#3660 = CARTESIAN_POINT('',(4.079999999999,-3.625,15.));
#3661 = LINE('',#3662,#3663);
#3662 = CARTESIAN_POINT('',(4.079999999999,-3.625,15.));
#3663 = VECTOR('',#3664,1.);
#3664 = DIRECTION('',(1.,0.,0.));
#3665 = ORIENTED_EDGE('',*,*,#3666,.F.);
#3666 = EDGE_CURVE('',#3667,#3659,#3669,.T.);
#3667 = VERTEX_POINT('',#3668);
#3668 = CARTESIAN_POINT('',(4.079999999999,-2.,15.));
#3669 = LINE('',#3670,#3671);
#3670 = CARTESIAN_POINT('',(4.079999999999,3.625,15.));
#3671 = VECTOR('',#3672,1.);
#3672 = DIRECTION('',(0.,-1.,0.));
#3673 = ORIENTED_EDGE('',*,*,#3674,.F.);
#3674 = EDGE_CURVE('',#3675,#3667,#3677,.T.);
#3675 = VERTEX_POINT('',#3676);
#3676 = CARTESIAN_POINT('',(3.54,-2.,15.));
#3677 = LINE('',#3678,#3679);
#3678 = CARTESIAN_POINT('',(-33.25,-2.,15.));
#3679 = VECTOR('',#3680,1.);
#3680 = DIRECTION('',(1.,0.,0.));
#3681 = ORIENTED_EDGE('',*,*,#3682,.F.);
#3682 = EDGE_CURVE('',#3683,#3675,#3685,.T.);
#3683 = VERTEX_POINT('',#3684);
#3684 = CARTESIAN_POINT('',(3.54,-3.625,15.));
#3685 = LINE('',#3686,#3687);
#3686 = CARTESIAN_POINT('',(3.54,-3.625,15.));
#3687 = VECTOR('',#3688,1.);
#3688 = DIRECTION('',(0.,1.,0.));
#3689 = ORIENTED_EDGE('',*,*,#3690,.F.);
#3690 = EDGE_CURVE('',#3691,#3683,#3693,.T.);
#3691 = VERTEX_POINT('',#3692);
#3692 = CARTESIAN_POINT('',(1.54,-3.625,15.));
#3693 = LINE('',#3694,#3695);
#3694 = CARTESIAN_POINT('',(1.54,-3.625,15.));
#3695 = VECTOR('',#3696,1.);
#3696 = DIRECTION('',(1.,0.,0.));
#3697 = ORIENTED_EDGE('',*,*,#3698,.F.);
#3698 = EDGE_CURVE('',#3699,#3691,#3701,.T.);
#3699 = VERTEX_POINT('',#3700);
#3700 = CARTESIAN_POINT('',(1.54,-2.,15.));
#3701 = LINE('',#3702,#3703);
#3702 = CARTESIAN_POINT('',(1.54,3.625,15.));
#3703 = VECTOR('',#3704,1.);
#3704 = DIRECTION('',(0.,-1.,0.));
#3705 = ORIENTED_EDGE('',*,*,#3706,.F.);
#3706 = EDGE_CURVE('',#3707,#3699,#3709,.T.);
#3707 = VERTEX_POINT('',#3708);
#3708 = CARTESIAN_POINT('',(1.,-2.,15.));
#3709 = LINE('',#3710,#3711);
#3710 = CARTESIAN_POINT('',(-33.25,-2.,15.));
#3711 = VECTOR('',#3712,1.);
#3712 = DIRECTION('',(1.,0.,0.));
#3713 = ORIENTED_EDGE('',*,*,#3714,.F.);
#3714 = EDGE_CURVE('',#3715,#3707,#3717,.T.);
#3715 = VERTEX_POINT('',#3716);
#3716 = CARTESIAN_POINT('',(1.,-3.625,15.));
#3717 = LINE('',#3718,#3719);
#3718 = CARTESIAN_POINT('',(1.,-3.625,15.));
#3719 = VECTOR('',#3720,1.);
#3720 = DIRECTION('',(0.,1.,0.));
#3721 = ORIENTED_EDGE('',*,*,#3722,.F.);
#3722 = EDGE_CURVE('',#3723,#3715,#3725,.T.);
#3723 = VERTEX_POINT('',#3724);
#3724 = CARTESIAN_POINT('',(-1.,-3.625,15.));
#3725 = LINE('',#3726,#3727);
#3726 = CARTESIAN_POINT('',(-1.,-3.625,15.));
#3727 = VECTOR('',#3728,1.);
#3728 = DIRECTION('',(1.,0.,0.));
#3729 = ORIENTED_EDGE('',*,*,#3730,.F.);
#3730 = EDGE_CURVE('',#3731,#3723,#3733,.T.);
#3731 = VERTEX_POINT('',#3732);
#3732 = CARTESIAN_POINT('',(-1.,-2.,15.));
#3733 = LINE('',#3734,#3735);
#3734 = CARTESIAN_POINT('',(-1.,3.625,15.));
#3735 = VECTOR('',#3736,1.);
#3736 = DIRECTION('',(0.,-1.,0.));
#3737 = ORIENTED_EDGE('',*,*,#3738,.F.);
#3738 = EDGE_CURVE('',#3739,#3731,#3741,.T.);
#3739 = VERTEX_POINT('',#3740);
#3740 = CARTESIAN_POINT('',(-1.540000000017,-2.,15.));
#3741 = LINE('',#3742,#3743);
#3742 = CARTESIAN_POINT('',(-33.25,-2.,15.));
#3743 = VECTOR('',#3744,1.);
#3744 = DIRECTION('',(1.,0.,0.));
#3745 = ORIENTED_EDGE('',*,*,#3746,.F.);
#3746 = EDGE_CURVE('',#3747,#3739,#3749,.T.);
#3747 = VERTEX_POINT('',#3748);
#3748 = CARTESIAN_POINT('',(-1.540000000017,-3.625,15.));
#3749 = LINE('',#3750,#3751);
#3750 = CARTESIAN_POINT('',(-1.540000000017,-3.625,15.));
#3751 = VECTOR('',#3752,1.);
#3752 = DIRECTION('',(0.,1.,0.));
#3753 = ORIENTED_EDGE('',*,*,#3754,.F.);
#3754 = EDGE_CURVE('',#3755,#3747,#3757,.T.);
#3755 = VERTEX_POINT('',#3756);
#3756 = CARTESIAN_POINT('',(-3.539999999983,-3.625,15.));
#3757 = LINE('',#3758,#3759);
#3758 = CARTESIAN_POINT('',(-3.539999999983,-3.625,15.));
#3759 = VECTOR('',#3760,1.);
#3760 = DIRECTION('',(1.,0.,0.));
#3761 = ORIENTED_EDGE('',*,*,#3762,.F.);
#3762 = EDGE_CURVE('',#3763,#3755,#3765,.T.);
#3763 = VERTEX_POINT('',#3764);
#3764 = CARTESIAN_POINT('',(-3.539999999983,-2.,15.));
#3765 = LINE('',#3766,#3767);
#3766 = CARTESIAN_POINT('',(-3.539999999983,3.625,15.));
#3767 = VECTOR('',#3768,1.);
#3768 = DIRECTION('',(0.,-1.,0.));
#3769 = ORIENTED_EDGE('',*,*,#3770,.F.);
#3770 = EDGE_CURVE('',#3771,#3763,#3773,.T.);
#3771 = VERTEX_POINT('',#3772);
#3772 = CARTESIAN_POINT('',(-4.080000000015,-2.,15.));
#3773 = LINE('',#3774,#3775);
#3774 = CARTESIAN_POINT('',(-33.25,-2.,15.));
#3775 = VECTOR('',#3776,1.);
#3776 = DIRECTION('',(1.,0.,0.));
#3777 = ORIENTED_EDGE('',*,*,#3778,.F.);
#3778 = EDGE_CURVE('',#3779,#3771,#3781,.T.);
#3779 = VERTEX_POINT('',#3780);
#3780 = CARTESIAN_POINT('',(-4.080000000015,-3.625,15.));
#3781 = LINE('',#3782,#3783);
#3782 = CARTESIAN_POINT('',(-4.080000000015,-3.625,15.));
#3783 = VECTOR('',#3784,1.);
#3784 = DIRECTION('',(0.,1.,0.));
#3785 = ORIENTED_EDGE('',*,*,#3786,.F.);
#3786 = EDGE_CURVE('',#3787,#3779,#3789,.T.);
#3787 = VERTEX_POINT('',#3788);
#3788 = CARTESIAN_POINT('',(-6.079999999985,-3.625,15.));
#3789 = LINE('',#3790,#3791);
#3790 = CARTESIAN_POINT('',(-6.079999999985,-3.625,15.));
#3791 = VECTOR('',#3792,1.);
#3792 = DIRECTION('',(1.,0.,0.));
#3793 = ORIENTED_EDGE('',*,*,#3794,.F.);
#3794 = EDGE_CURVE('',#3795,#3787,#3797,.T.);
#3795 = VERTEX_POINT('',#3796);
#3796 = CARTESIAN_POINT('',(-6.079999999985,-2.,15.));
#3797 = LINE('',#3798,#3799);
#3798 = CARTESIAN_POINT('',(-6.079999999985,3.625,15.));
#3799 = VECTOR('',#3800,1.);
#3800 = DIRECTION('',(0.,-1.,0.));
#3801 = ORIENTED_EDGE('',*,*,#3802,.F.);
#3802 = EDGE_CURVE('',#3803,#3795,#3805,.T.);
#3803 = VERTEX_POINT('',#3804);
#3804 = CARTESIAN_POINT('',(-6.620000000012,-2.,15.));
#3805 = LINE('',#3806,#3807);
#3806 = CARTESIAN_POINT('',(-33.25,-2.,15.));
#3807 = VECTOR('',#3808,1.);
#3808 = DIRECTION('',(1.,0.,0.));
#3809 = ORIENTED_EDGE('',*,*,#3810,.F.);
#3810 = EDGE_CURVE('',#3811,#3803,#3813,.T.);
#3811 = VERTEX_POINT('',#3812);
#3812 = CARTESIAN_POINT('',(-6.620000000012,-3.625,15.));
#3813 = LINE('',#3814,#3815);
#3814 = CARTESIAN_POINT('',(-6.620000000012,-3.625,15.));
#3815 = VECTOR('',#3816,1.);
#3816 = DIRECTION('',(0.,1.,0.));
#3817 = ORIENTED_EDGE('',*,*,#3818,.F.);
#3818 = EDGE_CURVE('',#3819,#3811,#3821,.T.);
#3819 = VERTEX_POINT('',#3820);
#3820 = CARTESIAN_POINT('',(-8.619999999988,-3.625,15.));
#3821 = LINE('',#3822,#3823);
#3822 = CARTESIAN_POINT('',(-8.619999999988,-3.625,15.));
#3823 = VECTOR('',#3824,1.);
#3824 = DIRECTION('',(1.,0.,0.));
#3825 = ORIENTED_EDGE('',*,*,#3826,.F.);
#3826 = EDGE_CURVE('',#3827,#3819,#3829,.T.);
#3827 = VERTEX_POINT('',#3828);
#3828 = CARTESIAN_POINT('',(-8.619999999988,-2.,15.));
#3829 = LINE('',#3830,#3831);
#3830 = CARTESIAN_POINT('',(-8.619999999988,3.625,15.));
#3831 = VECTOR('',#3832,1.);
#3832 = DIRECTION('',(0.,-1.,0.));
#3833 = ORIENTED_EDGE('',*,*,#3834,.F.);
#3834 = EDGE_CURVE('',#3835,#3827,#3837,.T.);
#3835 = VERTEX_POINT('',#3836);
#3836 = CARTESIAN_POINT('',(-9.16000000001,-2.,15.));
#3837 = LINE('',#3838,#3839);
#3838 = CARTESIAN_POINT('',(-33.25,-2.,15.));
#3839 = VECTOR('',#3840,1.);
#3840 = DIRECTION('',(1.,0.,0.));
#3841 = ORIENTED_EDGE('',*,*,#3842,.F.);
#3842 = EDGE_CURVE('',#3843,#3835,#3845,.T.);
#3843 = VERTEX_POINT('',#3844);
#3844 = CARTESIAN_POINT('',(-9.16000000001,-3.625,15.));
#3845 = LINE('',#3846,#3847);
#3846 = CARTESIAN_POINT('',(-9.16000000001,-3.625,15.));
#3847 = VECTOR('',#3848,1.);
#3848 = DIRECTION('',(0.,1.,0.));
#3849 = ORIENTED_EDGE('',*,*,#3850,.F.);
#3850 = EDGE_CURVE('',#3851,#3843,#3853,.T.);
#3851 = VERTEX_POINT('',#3852);
#3852 = CARTESIAN_POINT('',(-11.15999999999,-3.625,15.));
#3853 = LINE('',#3854,#3855);
#3854 = CARTESIAN_POINT('',(-11.15999999999,-3.625,15.));
#3855 = VECTOR('',#3856,1.);
#3856 = DIRECTION('',(1.,0.,0.));
#3857 = ORIENTED_EDGE('',*,*,#3858,.F.);
#3858 = EDGE_CURVE('',#3859,#3851,#3861,.T.);
#3859 = VERTEX_POINT('',#3860);
#3860 = CARTESIAN_POINT('',(-11.15999999999,-2.,15.));
#3861 = LINE('',#3862,#3863);
#3862 = CARTESIAN_POINT('',(-11.15999999999,3.625,15.));
#3863 = VECTOR('',#3864,1.);
#3864 = DIRECTION('',(0.,-1.,0.));
#3865 = ORIENTED_EDGE('',*,*,#3866,.F.);
#3866 = EDGE_CURVE('',#3867,#3859,#3869,.T.);
#3867 = VERTEX_POINT('',#3868);
#3868 = CARTESIAN_POINT('',(-11.7,-2.,15.));
#3869 = LINE('',#3870,#3871);
#3870 = CARTESIAN_POINT('',(-33.25,-2.,15.));
#3871 = VECTOR('',#3872,1.);
#3872 = DIRECTION('',(1.,0.,0.));
#3873 = ORIENTED_EDGE('',*,*,#3874,.F.);
#3874 = EDGE_CURVE('',#3875,#3867,#3877,.T.);
#3875 = VERTEX_POINT('',#3876);
#3876 = CARTESIAN_POINT('',(-11.7,-3.625,15.));
#3877 = LINE('',#3878,#3879);
#3878 = CARTESIAN_POINT('',(-11.7,-3.625,15.));
#3879 = VECTOR('',#3880,1.);
#3880 = DIRECTION('',(0.,1.,0.));
#3881 = ORIENTED_EDGE('',*,*,#3882,.F.);
#3882 = EDGE_CURVE('',#3883,#3875,#3885,.T.);
#3883 = VERTEX_POINT('',#3884);
#3884 = CARTESIAN_POINT('',(-13.69999999999,-3.625,15.));
#3885 = LINE('',#3886,#3887);
#3886 = CARTESIAN_POINT('',(-13.69999999999,-3.625,15.));
#3887 = VECTOR('',#3888,1.);
#3888 = DIRECTION('',(1.,0.,0.));
#3889 = ORIENTED_EDGE('',*,*,#3890,.F.);
#3890 = EDGE_CURVE('',#3891,#3883,#3893,.T.);
#3891 = VERTEX_POINT('',#3892);
#3892 = CARTESIAN_POINT('',(-13.69999999999,-2.,15.));
#3893 = LINE('',#3894,#3895);
#3894 = CARTESIAN_POINT('',(-13.69999999999,3.625,15.));
#3895 = VECTOR('',#3896,1.);
#3896 = DIRECTION('',(0.,-1.,0.));
#3897 = ORIENTED_EDGE('',*,*,#3898,.F.);
#3898 = EDGE_CURVE('',#3899,#3891,#3901,.T.);
#3899 = VERTEX_POINT('',#3900);
#3900 = CARTESIAN_POINT('',(-14.24,-2.,15.));
#3901 = LINE('',#3902,#3903);
#3902 = CARTESIAN_POINT('',(-33.25,-2.,15.));
#3903 = VECTOR('',#3904,1.);
#3904 = DIRECTION('',(1.,0.,0.));
#3905 = ORIENTED_EDGE('',*,*,#3906,.F.);
#3906 = EDGE_CURVE('',#3907,#3899,#3909,.T.);
#3907 = VERTEX_POINT('',#3908);
#3908 = CARTESIAN_POINT('',(-14.24,-3.625,15.));
#3909 = LINE('',#3910,#3911);
#3910 = CARTESIAN_POINT('',(-14.24,-3.625,15.));
#3911 = VECTOR('',#3912,1.);
#3912 = DIRECTION('',(0.,1.,0.));
#3913 = ORIENTED_EDGE('',*,*,#3914,.F.);
#3914 = EDGE_CURVE('',#3915,#3907,#3917,.T.);
#3915 = VERTEX_POINT('',#3916);
#3916 = CARTESIAN_POINT('',(-16.23999999999,-3.625,15.));
#3917 = LINE('',#3918,#3919);
#3918 = CARTESIAN_POINT('',(-16.23999999999,-3.625,15.));
#3919 = VECTOR('',#3920,1.);
#3920 = DIRECTION('',(1.,0.,0.));
#3921 = ORIENTED_EDGE('',*,*,#3922,.F.);
#3922 = EDGE_CURVE('',#3923,#3915,#3925,.T.);
#3923 = VERTEX_POINT('',#3924);
#3924 = CARTESIAN_POINT('',(-16.23999999999,-2.,15.));
#3925 = LINE('',#3926,#3927);
#3926 = CARTESIAN_POINT('',(-16.23999999999,3.625,15.));
#3927 = VECTOR('',#3928,1.);
#3928 = DIRECTION('',(0.,-1.,0.));
#3929 = ORIENTED_EDGE('',*,*,#3930,.F.);
#3930 = EDGE_CURVE('',#3931,#3923,#3933,.T.);
#3931 = VERTEX_POINT('',#3932);
#3932 = CARTESIAN_POINT('',(-16.78,-2.,15.));
#3933 = LINE('',#3934,#3935);
#3934 = CARTESIAN_POINT('',(-33.25,-2.,15.));
#3935 = VECTOR('',#3936,1.);
#3936 = DIRECTION('',(1.,0.,0.));
#3937 = ORIENTED_EDGE('',*,*,#3938,.F.);
#3938 = EDGE_CURVE('',#3939,#3931,#3941,.T.);
#3939 = VERTEX_POINT('',#3940);
#3940 = CARTESIAN_POINT('',(-16.78,-3.625,15.));
#3941 = LINE('',#3942,#3943);
#3942 = CARTESIAN_POINT('',(-16.78,-3.625,15.));
#3943 = VECTOR('',#3944,1.);
#3944 = DIRECTION('',(0.,1.,0.));
#3945 = ORIENTED_EDGE('',*,*,#3946,.F.);
#3946 = EDGE_CURVE('',#3947,#3939,#3949,.T.);
#3947 = VERTEX_POINT('',#3948);
#3948 = CARTESIAN_POINT('',(-18.77999999999,-3.625,15.));
#3949 = LINE('',#3950,#3951);
#3950 = CARTESIAN_POINT('',(-18.77999999999,-3.625,15.));
#3951 = VECTOR('',#3952,1.);
#3952 = DIRECTION('',(1.,0.,0.));
#3953 = ORIENTED_EDGE('',*,*,#3954,.F.);
#3954 = EDGE_CURVE('',#3955,#3947,#3957,.T.);
#3955 = VERTEX_POINT('',#3956);
#3956 = CARTESIAN_POINT('',(-18.77999999999,-2.,15.));
#3957 = LINE('',#3958,#3959);
#3958 = CARTESIAN_POINT('',(-18.77999999999,3.625,15.));
#3959 = VECTOR('',#3960,1.);
#3960 = DIRECTION('',(0.,-1.,0.));
#3961 = ORIENTED_EDGE('',*,*,#3962,.F.);
#3962 = EDGE_CURVE('',#3963,#3955,#3965,.T.);
#3963 = VERTEX_POINT('',#3964);
#3964 = CARTESIAN_POINT('',(-19.31999999999,-2.,15.));
#3965 = LINE('',#3966,#3967);
#3966 = CARTESIAN_POINT('',(-33.25,-2.,15.));
#3967 = VECTOR('',#3968,1.);
#3968 = DIRECTION('',(1.,0.,0.));
#3969 = ORIENTED_EDGE('',*,*,#3970,.F.);
#3970 = EDGE_CURVE('',#3971,#3963,#3973,.T.);
#3971 = VERTEX_POINT('',#3972);
#3972 = CARTESIAN_POINT('',(-19.31999999999,-3.625,15.));
#3973 = LINE('',#3974,#3975);
#3974 = CARTESIAN_POINT('',(-19.31999999999,-3.625,15.));
#3975 = VECTOR('',#3976,1.);
#3976 = DIRECTION('',(0.,1.,0.));
#3977 = ORIENTED_EDGE('',*,*,#3978,.F.);
#3978 = EDGE_CURVE('',#3979,#3971,#3981,.T.);
#3979 = VERTEX_POINT('',#3980);
#3980 = CARTESIAN_POINT('',(-21.32,-3.625,15.));
#3981 = LINE('',#3982,#3983);
#3982 = CARTESIAN_POINT('',(-21.32,-3.625,15.));
#3983 = VECTOR('',#3984,1.);
#3984 = DIRECTION('',(1.,0.,0.));
#3985 = ORIENTED_EDGE('',*,*,#3986,.F.);
#3986 = EDGE_CURVE('',#3987,#3979,#3989,.T.);
#3987 = VERTEX_POINT('',#3988);
#3988 = CARTESIAN_POINT('',(-21.32,-2.,15.));
#3989 = LINE('',#3990,#3991);
#3990 = CARTESIAN_POINT('',(-21.32,3.625,15.));
#3991 = VECTOR('',#3992,1.);
#3992 = DIRECTION('',(0.,-1.,0.));
#3993 = ORIENTED_EDGE('',*,*,#3994,.F.);
#3994 = EDGE_CURVE('',#3995,#3987,#3997,.T.);
#3995 = VERTEX_POINT('',#3996);
#3996 = CARTESIAN_POINT('',(-21.85999999999,-2.,15.));
#3997 = LINE('',#3998,#3999);
#3998 = CARTESIAN_POINT('',(-33.25,-2.,15.));
#3999 = VECTOR('',#4000,1.);
#4000 = DIRECTION('',(1.,0.,0.));
#4001 = ORIENTED_EDGE('',*,*,#4002,.F.);
#4002 = EDGE_CURVE('',#4003,#3995,#4005,.T.);
#4003 = VERTEX_POINT('',#4004);
#4004 = CARTESIAN_POINT('',(-21.85999999999,-3.625,15.));
#4005 = LINE('',#4006,#4007);
#4006 = CARTESIAN_POINT('',(-21.85999999999,-3.625,15.));
#4007 = VECTOR('',#4008,1.);
#4008 = DIRECTION('',(0.,1.,0.));
#4009 = ORIENTED_EDGE('',*,*,#4010,.F.);
#4010 = EDGE_CURVE('',#4011,#4003,#4013,.T.);
#4011 = VERTEX_POINT('',#4012);
#4012 = CARTESIAN_POINT('',(-23.86,-3.625,15.));
#4013 = LINE('',#4014,#4015);
#4014 = CARTESIAN_POINT('',(-23.86,-3.625,15.));
#4015 = VECTOR('',#4016,1.);
#4016 = DIRECTION('',(1.,0.,0.));
#4017 = ORIENTED_EDGE('',*,*,#4018,.F.);
#4018 = EDGE_CURVE('',#4019,#4011,#4021,.T.);
#4019 = VERTEX_POINT('',#4020);
#4020 = CARTESIAN_POINT('',(-23.86,-2.,15.));
#4021 = LINE('',#4022,#4023);
#4022 = CARTESIAN_POINT('',(-23.86,3.625,15.));
#4023 = VECTOR('',#4024,1.);
#4024 = DIRECTION('',(0.,-1.,0.));
#4025 = ORIENTED_EDGE('',*,*,#4026,.F.);
#4026 = EDGE_CURVE('',#4027,#4019,#4029,.T.);
#4027 = VERTEX_POINT('',#4028);
#4028 = CARTESIAN_POINT('',(-24.39999999999,-2.,15.));
#4029 = LINE('',#4030,#4031);
#4030 = CARTESIAN_POINT('',(-33.25,-2.,15.));
#4031 = VECTOR('',#4032,1.);
#4032 = DIRECTION('',(1.,0.,0.));
#4033 = ORIENTED_EDGE('',*,*,#4034,.F.);
#4034 = EDGE_CURVE('',#4035,#4027,#4037,.T.);
#4035 = VERTEX_POINT('',#4036);
#4036 = CARTESIAN_POINT('',(-24.39999999999,-3.625,15.));
#4037 = LINE('',#4038,#4039);
#4038 = CARTESIAN_POINT('',(-24.39999999999,-3.625,15.));
#4039 = VECTOR('',#4040,1.);
#4040 = DIRECTION('',(0.,1.,0.));
#4041 = ORIENTED_EDGE('',*,*,#4042,.F.);
#4042 = EDGE_CURVE('',#4043,#4035,#4045,.T.);
#4043 = VERTEX_POINT('',#4044);
#4044 = CARTESIAN_POINT('',(-26.4,-3.625,15.));
#4045 = LINE('',#4046,#4047);
#4046 = CARTESIAN_POINT('',(-26.4,-3.625,15.));
#4047 = VECTOR('',#4048,1.);
#4048 = DIRECTION('',(1.,0.,0.));
#4049 = ORIENTED_EDGE('',*,*,#4050,.F.);
#4050 = EDGE_CURVE('',#4051,#4043,#4053,.T.);
#4051 = VERTEX_POINT('',#4052);
#4052 = CARTESIAN_POINT('',(-26.4,-2.,15.));
#4053 = LINE('',#4054,#4055);
#4054 = CARTESIAN_POINT('',(-26.4,3.625,15.));
#4055 = VECTOR('',#4056,1.);
#4056 = DIRECTION('',(0.,-1.,0.));
#4057 = ORIENTED_EDGE('',*,*,#4058,.F.);
#4058 = EDGE_CURVE('',#4059,#4051,#4061,.T.);
#4059 = VERTEX_POINT('',#4060);
#4060 = CARTESIAN_POINT('',(-26.93999999999,-2.,15.));
#4061 = LINE('',#4062,#4063);
#4062 = CARTESIAN_POINT('',(-33.25,-2.,15.));
#4063 = VECTOR('',#4064,1.);
#4064 = DIRECTION('',(1.,0.,0.));
#4065 = ORIENTED_EDGE('',*,*,#4066,.F.);
#4066 = EDGE_CURVE('',#4067,#4059,#4069,.T.);
#4067 = VERTEX_POINT('',#4068);
#4068 = CARTESIAN_POINT('',(-26.93999999999,-3.625,15.));
#4069 = LINE('',#4070,#4071);
#4070 = CARTESIAN_POINT('',(-26.93999999999,-3.625,15.));
#4071 = VECTOR('',#4072,1.);
#4072 = DIRECTION('',(0.,1.,0.));
#4073 = ORIENTED_EDGE('',*,*,#4074,.F.);
#4074 = EDGE_CURVE('',#4075,#4067,#4077,.T.);
#4075 = VERTEX_POINT('',#4076);
#4076 = CARTESIAN_POINT('',(-28.94000000001,-3.625,15.));
#4077 = LINE('',#4078,#4079);
#4078 = CARTESIAN_POINT('',(-28.94000000001,-3.625,15.));
#4079 = VECTOR('',#4080,1.);
#4080 = DIRECTION('',(1.,0.,0.));
#4081 = ORIENTED_EDGE('',*,*,#4082,.F.);
#4082 = EDGE_CURVE('',#4083,#4075,#4085,.T.);
#4083 = VERTEX_POINT('',#4084);
#4084 = CARTESIAN_POINT('',(-28.94000000001,-2.,15.));
#4085 = LINE('',#4086,#4087);
#4086 = CARTESIAN_POINT('',(-28.94000000001,3.625,15.));
#4087 = VECTOR('',#4088,1.);
#4088 = DIRECTION('',(0.,-1.,0.));
#4089 = ORIENTED_EDGE('',*,*,#4090,.F.);
#4090 = EDGE_CURVE('',#4091,#4083,#4093,.T.);
#4091 = VERTEX_POINT('',#4092);
#4092 = CARTESIAN_POINT('',(-29.47999999998,-2.,15.));
#4093 = LINE('',#4094,#4095);
#4094 = CARTESIAN_POINT('',(-33.25,-2.,15.));
#4095 = VECTOR('',#4096,1.);
#4096 = DIRECTION('',(1.,0.,0.));
#4097 = ORIENTED_EDGE('',*,*,#4098,.F.);
#4098 = EDGE_CURVE('',#4099,#4091,#4101,.T.);
#4099 = VERTEX_POINT('',#4100);
#4100 = CARTESIAN_POINT('',(-29.47999999998,-3.625,15.));
#4101 = LINE('',#4102,#4103);
#4102 = CARTESIAN_POINT('',(-29.47999999998,-3.625,15.));
#4103 = VECTOR('',#4104,1.);
#4104 = DIRECTION('',(0.,1.,0.));
#4105 = ORIENTED_EDGE('',*,*,#4106,.F.);
#4106 = EDGE_CURVE('',#4107,#4099,#4109,.T.);
#4107 = VERTEX_POINT('',#4108);
#4108 = CARTESIAN_POINT('',(-31.48000000001,-3.625,15.));
#4109 = LINE('',#4110,#4111);
#4110 = CARTESIAN_POINT('',(-31.48000000001,-3.625,15.));
#4111 = VECTOR('',#4112,1.);
#4112 = DIRECTION('',(1.,0.,0.));
#4113 = ORIENTED_EDGE('',*,*,#4114,.F.);
#4114 = EDGE_CURVE('',#4115,#4107,#4117,.T.);
#4115 = VERTEX_POINT('',#4116);
#4116 = CARTESIAN_POINT('',(-31.48000000001,-2.,15.));
#4117 = LINE('',#4118,#4119);
#4118 = CARTESIAN_POINT('',(-31.48000000001,3.625,15.));
#4119 = VECTOR('',#4120,1.);
#4120 = DIRECTION('',(0.,-1.,0.));
#4121 = ORIENTED_EDGE('',*,*,#4122,.F.);
#4122 = EDGE_CURVE('',#2499,#4115,#4123,.T.);
#4123 = LINE('',#4124,#4125);
#4124 = CARTESIAN_POINT('',(-33.25,-2.,15.));
#4125 = VECTOR('',#4126,1.);
#4126 = DIRECTION('',(1.,0.,0.));
#4127 = PLANE('',#4128);
#4128 = AXIS2_PLACEMENT_3D('',#4129,#4130,#4131);
#4129 = CARTESIAN_POINT('',(34.75,4.5,15.));
#4130 = DIRECTION('',(0.,0.,1.));
#4131 = DIRECTION('',(0.,-1.,0.));
#4132 = ADVANCED_FACE('',(#4133),#4222,.T.);
#4133 = FACE_BOUND('',#4134,.T.);
#4134 = EDGE_LOOP('',(#4135,#4145,#4153,#4161,#4169,#4177,#4185,#4193,
    #4201,#4207,#4208,#4216));
#4135 = ORIENTED_EDGE('',*,*,#4136,.T.);
#4136 = EDGE_CURVE('',#4137,#4139,#4141,.T.);
#4137 = VERTEX_POINT('',#4138);
#4138 = CARTESIAN_POINT('',(34.75,-3.75,5.5));
#4139 = VERTEX_POINT('',#4140);
#4140 = CARTESIAN_POINT('',(34.75,-3.75,-0.5));
#4141 = LINE('',#4142,#4143);
#4142 = CARTESIAN_POINT('',(34.75,-3.75,0.));
#4143 = VECTOR('',#4144,1.);
#4144 = DIRECTION('',(0.,0.,-1.));
#4145 = ORIENTED_EDGE('',*,*,#4146,.T.);
#4146 = EDGE_CURVE('',#4139,#4147,#4149,.T.);
#4147 = VERTEX_POINT('',#4148);
#4148 = CARTESIAN_POINT('',(34.75,-1.75,-0.5));
#4149 = LINE('',#4150,#4151);
#4150 = CARTESIAN_POINT('',(34.75,-3.75,-0.5));
#4151 = VECTOR('',#4152,1.);
#4152 = DIRECTION('',(0.,1.,0.));
#4153 = ORIENTED_EDGE('',*,*,#4154,.F.);
#4154 = EDGE_CURVE('',#4155,#4147,#4157,.T.);
#4155 = VERTEX_POINT('',#4156);
#4156 = CARTESIAN_POINT('',(34.75,-1.75,0.));
#4157 = LINE('',#4158,#4159);
#4158 = CARTESIAN_POINT('',(34.75,-1.75,0.));
#4159 = VECTOR('',#4160,1.);
#4160 = DIRECTION('',(0.,0.,-1.));
#4161 = ORIENTED_EDGE('',*,*,#4162,.T.);
#4162 = EDGE_CURVE('',#4155,#4163,#4165,.T.);
#4163 = VERTEX_POINT('',#4164);
#4164 = CARTESIAN_POINT('',(34.75,1.75,0.));
#4165 = LINE('',#4166,#4167);
#4166 = CARTESIAN_POINT('',(34.75,-3.75,0.));
#4167 = VECTOR('',#4168,1.);
#4168 = DIRECTION('',(0.,1.,0.));
#4169 = ORIENTED_EDGE('',*,*,#4170,.T.);
#4170 = EDGE_CURVE('',#4163,#4171,#4173,.T.);
#4171 = VERTEX_POINT('',#4172);
#4172 = CARTESIAN_POINT('',(34.75,1.75,-0.5));
#4173 = LINE('',#4174,#4175);
#4174 = CARTESIAN_POINT('',(34.75,1.75,0.));
#4175 = VECTOR('',#4176,1.);
#4176 = DIRECTION('',(0.,0.,-1.));
#4177 = ORIENTED_EDGE('',*,*,#4178,.F.);
#4178 = EDGE_CURVE('',#4179,#4171,#4181,.T.);
#4179 = VERTEX_POINT('',#4180);
#4180 = CARTESIAN_POINT('',(34.75,3.75,-0.5));
#4181 = LINE('',#4182,#4183);
#4182 = CARTESIAN_POINT('',(34.75,3.75,-0.5));
#4183 = VECTOR('',#4184,1.);
#4184 = DIRECTION('',(0.,-1.,0.));
#4185 = ORIENTED_EDGE('',*,*,#4186,.F.);
#4186 = EDGE_CURVE('',#4187,#4179,#4189,.T.);
#4187 = VERTEX_POINT('',#4188);
#4188 = CARTESIAN_POINT('',(34.75,3.75,5.5));
#4189 = LINE('',#4190,#4191);
#4190 = CARTESIAN_POINT('',(34.75,3.75,0.));
#4191 = VECTOR('',#4192,1.);
#4192 = DIRECTION('',(0.,0.,-1.));
#4193 = ORIENTED_EDGE('',*,*,#4194,.F.);
#4194 = EDGE_CURVE('',#4195,#4187,#4197,.T.);
#4195 = VERTEX_POINT('',#4196);
#4196 = CARTESIAN_POINT('',(34.75,4.5,6.5));
#4197 = LINE('',#4198,#4199);
#4198 = CARTESIAN_POINT('',(34.75,4.5,6.5));
#4199 = VECTOR('',#4200,1.);
#4200 = DIRECTION('',(0.,-0.6,-0.8));
#4201 = ORIENTED_EDGE('',*,*,#4202,.T.);
#4202 = EDGE_CURVE('',#4195,#2463,#4203,.T.);
#4203 = LINE('',#4204,#4205);
#4204 = CARTESIAN_POINT('',(34.75,4.5,6.5));
#4205 = VECTOR('',#4206,1.);
#4206 = DIRECTION('',(0.,0.,1.));
#4207 = ORIENTED_EDGE('',*,*,#2462,.T.);
#4208 = ORIENTED_EDGE('',*,*,#4209,.T.);
#4209 = EDGE_CURVE('',#2465,#4210,#4212,.T.);
#4210 = VERTEX_POINT('',#4211);
#4211 = CARTESIAN_POINT('',(34.75,-4.5,6.5));
#4212 = LINE('',#4213,#4214);
#4213 = CARTESIAN_POINT('',(34.75,-4.5,15.));
#4214 = VECTOR('',#4215,1.);
#4215 = DIRECTION('',(0.,0.,-1.));
#4216 = ORIENTED_EDGE('',*,*,#4217,.F.);
#4217 = EDGE_CURVE('',#4137,#4210,#4218,.T.);
#4218 = LINE('',#4219,#4220);
#4219 = CARTESIAN_POINT('',(34.75,-3.75,5.5));
#4220 = VECTOR('',#4221,1.);
#4221 = DIRECTION('',(0.,-0.6,0.8));
#4222 = PLANE('',#4223);
#4223 = AXIS2_PLACEMENT_3D('',#4224,#4225,#4226);
#4224 = CARTESIAN_POINT('',(34.75,0.,7.357142857143));
#4225 = DIRECTION('',(1.,0.,0.));
#4226 = DIRECTION('',(0.,0.,1.));
#4227 = ADVANCED_FACE('',(#4228),#4246,.T.);
#4228 = FACE_BOUND('',#4229,.T.);
#4229 = EDGE_LOOP('',(#4230,#4231,#4239,#4245));
#4230 = ORIENTED_EDGE('',*,*,#4202,.F.);
#4231 = ORIENTED_EDGE('',*,*,#4232,.T.);
#4232 = EDGE_CURVE('',#4195,#4233,#4235,.T.);
#4233 = VERTEX_POINT('',#4234);
#4234 = CARTESIAN_POINT('',(-34.75,4.5,6.5));
#4235 = LINE('',#4236,#4237);
#4236 = CARTESIAN_POINT('',(34.75,4.5,6.5));
#4237 = VECTOR('',#4238,1.);
#4238 = DIRECTION('',(-1.,-0.,-0.));
#4239 = ORIENTED_EDGE('',*,*,#4240,.T.);
#4240 = EDGE_CURVE('',#4233,#2473,#4241,.T.);
#4241 = LINE('',#4242,#4243);
#4242 = CARTESIAN_POINT('',(-34.75,4.5,4.83203125));
#4243 = VECTOR('',#4244,1.);
#4244 = DIRECTION('',(0.,0.,1.));
#4245 = ORIENTED_EDGE('',*,*,#2472,.F.);
#4246 = PLANE('',#4247);
#4247 = AXIS2_PLACEMENT_3D('',#4248,#4249,#4250);
#4248 = CARTESIAN_POINT('',(34.75,4.5,6.5));
#4249 = DIRECTION('',(0.,1.,0.));
#4250 = DIRECTION('',(0.,0.,1.));
#4251 = ADVANCED_FACE('',(#4252),#4270,.T.);
#4252 = FACE_BOUND('',#4253,.T.);
#4253 = EDGE_LOOP('',(#4254,#4255,#4256,#4264));
#4254 = ORIENTED_EDGE('',*,*,#4209,.F.);
#4255 = ORIENTED_EDGE('',*,*,#2488,.T.);
#4256 = ORIENTED_EDGE('',*,*,#4257,.T.);
#4257 = EDGE_CURVE('',#2481,#4258,#4260,.T.);
#4258 = VERTEX_POINT('',#4259);
#4259 = CARTESIAN_POINT('',(-34.75,-4.5,6.5));
#4260 = LINE('',#4261,#4262);
#4261 = CARTESIAN_POINT('',(-34.75,-4.5,9.08203125));
#4262 = VECTOR('',#4263,1.);
#4263 = DIRECTION('',(0.,0.,-1.));
#4264 = ORIENTED_EDGE('',*,*,#4265,.F.);
#4265 = EDGE_CURVE('',#4210,#4258,#4266,.T.);
#4266 = LINE('',#4267,#4268);
#4267 = CARTESIAN_POINT('',(34.75,-4.5,6.5));
#4268 = VECTOR('',#4269,1.);
#4269 = DIRECTION('',(-1.,-0.,-0.));
#4270 = PLANE('',#4271);
#4271 = AXIS2_PLACEMENT_3D('',#4272,#4273,#4274);
#4272 = CARTESIAN_POINT('',(34.75,-4.5,15.));
#4273 = DIRECTION('',(0.,-1.,0.));
#4274 = DIRECTION('',(0.,0.,-1.));
#4275 = ADVANCED_FACE('',(#4276),#4351,.T.);
#4276 = FACE_BOUND('',#4277,.T.);
#4277 = EDGE_LOOP('',(#4278,#4288,#4296,#4304,#4312,#4320,#4328,#4336,
    #4342,#4343,#4344,#4345));
#4278 = ORIENTED_EDGE('',*,*,#4279,.F.);
#4279 = EDGE_CURVE('',#4280,#4282,#4284,.T.);
#4280 = VERTEX_POINT('',#4281);
#4281 = CARTESIAN_POINT('',(-34.75,3.75,-0.5));
#4282 = VERTEX_POINT('',#4283);
#4283 = CARTESIAN_POINT('',(-34.75,3.75,5.5));
#4284 = LINE('',#4285,#4286);
#4285 = CARTESIAN_POINT('',(-34.75,3.75,0.));
#4286 = VECTOR('',#4287,1.);
#4287 = DIRECTION('',(0.,0.,1.));
#4288 = ORIENTED_EDGE('',*,*,#4289,.T.);
#4289 = EDGE_CURVE('',#4280,#4290,#4292,.T.);
#4290 = VERTEX_POINT('',#4291);
#4291 = CARTESIAN_POINT('',(-34.75,1.75,-0.5));
#4292 = LINE('',#4293,#4294);
#4293 = CARTESIAN_POINT('',(-34.75,3.75,-0.5));
#4294 = VECTOR('',#4295,1.);
#4295 = DIRECTION('',(0.,-1.,0.));
#4296 = ORIENTED_EDGE('',*,*,#4297,.F.);
#4297 = EDGE_CURVE('',#4298,#4290,#4300,.T.);
#4298 = VERTEX_POINT('',#4299);
#4299 = CARTESIAN_POINT('',(-34.75,1.75,0.));
#4300 = LINE('',#4301,#4302);
#4301 = CARTESIAN_POINT('',(-34.75,1.75,0.));
#4302 = VECTOR('',#4303,1.);
#4303 = DIRECTION('',(0.,0.,-1.));
#4304 = ORIENTED_EDGE('',*,*,#4305,.T.);
#4305 = EDGE_CURVE('',#4298,#4306,#4308,.T.);
#4306 = VERTEX_POINT('',#4307);
#4307 = CARTESIAN_POINT('',(-34.75,-1.75,0.));
#4308 = LINE('',#4309,#4310);
#4309 = CARTESIAN_POINT('',(-34.75,3.75,0.));
#4310 = VECTOR('',#4311,1.);
#4311 = DIRECTION('',(0.,-1.,0.));
#4312 = ORIENTED_EDGE('',*,*,#4313,.T.);
#4313 = EDGE_CURVE('',#4306,#4314,#4316,.T.);
#4314 = VERTEX_POINT('',#4315);
#4315 = CARTESIAN_POINT('',(-34.75,-1.75,-0.5));
#4316 = LINE('',#4317,#4318);
#4317 = CARTESIAN_POINT('',(-34.75,-1.75,0.));
#4318 = VECTOR('',#4319,1.);
#4319 = DIRECTION('',(0.,0.,-1.));
#4320 = ORIENTED_EDGE('',*,*,#4321,.F.);
#4321 = EDGE_CURVE('',#4322,#4314,#4324,.T.);
#4322 = VERTEX_POINT('',#4323);
#4323 = CARTESIAN_POINT('',(-34.75,-3.75,-0.5));
#4324 = LINE('',#4325,#4326);
#4325 = CARTESIAN_POINT('',(-34.75,-3.75,-0.5));
#4326 = VECTOR('',#4327,1.);
#4327 = DIRECTION('',(0.,1.,0.));
#4328 = ORIENTED_EDGE('',*,*,#4329,.T.);
#4329 = EDGE_CURVE('',#4322,#4330,#4332,.T.);
#4330 = VERTEX_POINT('',#4331);
#4331 = CARTESIAN_POINT('',(-34.75,-3.75,5.5));
#4332 = LINE('',#4333,#4334);
#4333 = CARTESIAN_POINT('',(-34.75,-3.75,0.));
#4334 = VECTOR('',#4335,1.);
#4335 = DIRECTION('',(0.,0.,1.));
#4336 = ORIENTED_EDGE('',*,*,#4337,.T.);
#4337 = EDGE_CURVE('',#4330,#4258,#4338,.T.);
#4338 = LINE('',#4339,#4340);
#4339 = CARTESIAN_POINT('',(-34.75,-2.346428571429,3.628571428571));
#4340 = VECTOR('',#4341,1.);
#4341 = DIRECTION('',(0.,-0.6,0.8));
#4342 = ORIENTED_EDGE('',*,*,#4257,.F.);
#4343 = ORIENTED_EDGE('',*,*,#2480,.F.);
#4344 = ORIENTED_EDGE('',*,*,#4240,.F.);
#4345 = ORIENTED_EDGE('',*,*,#4346,.T.);
#4346 = EDGE_CURVE('',#4233,#4282,#4347,.T.);
#4347 = LINE('',#4348,#4349);
#4348 = CARTESIAN_POINT('',(-34.75,2.721428571429,4.128571428571));
#4349 = VECTOR('',#4350,1.);
#4350 = DIRECTION('',(0.,-0.6,-0.8));
#4351 = PLANE('',#4352);
#4352 = AXIS2_PLACEMENT_3D('',#4353,#4354,#4355);
#4353 = CARTESIAN_POINT('',(-34.75,0.,7.357142857143));
#4354 = DIRECTION('',(-1.,-0.,-0.));
#4355 = DIRECTION('',(0.,0.,-1.));
#4356 = ADVANCED_FACE('',(#4357),#4382,.F.);
#4357 = FACE_BOUND('',#4358,.T.);
#4358 = EDGE_LOOP('',(#4359,#4367,#4368,#4376));
#4359 = ORIENTED_EDGE('',*,*,#4360,.F.);
#4360 = EDGE_CURVE('',#2497,#4361,#4363,.T.);
#4361 = VERTEX_POINT('',#4362);
#4362 = CARTESIAN_POINT('',(-33.25,1.,14.));
#4363 = LINE('',#4364,#4365);
#4364 = CARTESIAN_POINT('',(-22.5,-9.75,3.25));
#4365 = VECTOR('',#4366,1.);
#4366 = DIRECTION('',(0.57735026919,-0.57735026919,-0.57735026919));
#4367 = ORIENTED_EDGE('',*,*,#2496,.T.);
#4368 = ORIENTED_EDGE('',*,*,#4369,.T.);
#4369 = EDGE_CURVE('',#2499,#4370,#4372,.T.);
#4370 = VERTEX_POINT('',#4371);
#4371 = CARTESIAN_POINT('',(-33.25,-1.,14.));
#4372 = LINE('',#4373,#4374);
#4373 = CARTESIAN_POINT('',(-33.25,-1.,14.));
#4374 = VECTOR('',#4375,1.);
#4375 = DIRECTION('',(0.57735026919,0.57735026919,-0.57735026919));
#4376 = ORIENTED_EDGE('',*,*,#4377,.F.);
#4377 = EDGE_CURVE('',#4361,#4370,#4378,.T.);
#4378 = LINE('',#4379,#4380);
#4379 = CARTESIAN_POINT('',(-33.25,1.,14.));
#4380 = VECTOR('',#4381,1.);
#4381 = DIRECTION('',(0.,-1.,0.));
#4382 = PLANE('',#4383);
#4383 = AXIS2_PLACEMENT_3D('',#4384,#4385,#4386);
#4384 = CARTESIAN_POINT('',(-33.75,1.,14.5));
#4385 = DIRECTION('',(-0.707106781187,0.,-0.707106781187));
#4386 = DIRECTION('',(0.,1.,0.));
#4387 = ADVANCED_FACE('',(#4388),#4406,.F.);
#4388 = FACE_BOUND('',#4389,.T.);
#4389 = EDGE_LOOP('',(#4390,#4391,#4392,#4400));
#4390 = ORIENTED_EDGE('',*,*,#4369,.F.);
#4391 = ORIENTED_EDGE('',*,*,#4122,.T.);
#4392 = ORIENTED_EDGE('',*,*,#4393,.F.);
#4393 = EDGE_CURVE('',#4394,#4115,#4396,.T.);
#4394 = VERTEX_POINT('',#4395);
#4395 = CARTESIAN_POINT('',(-31.48000000001,-1.,14.));
#4396 = LINE('',#4397,#4398);
#4397 = CARTESIAN_POINT('',(-31.48000000001,-0.34375,13.34375));
#4398 = VECTOR('',#4399,1.);
#4399 = DIRECTION('',(0.,-0.707106781187,0.707106781187));
#4400 = ORIENTED_EDGE('',*,*,#4401,.F.);
#4401 = EDGE_CURVE('',#4370,#4394,#4402,.T.);
#4402 = LINE('',#4403,#4404);
#4403 = CARTESIAN_POINT('',(-33.25,-1.,14.));
#4404 = VECTOR('',#4405,1.);
#4405 = DIRECTION('',(1.,0.,0.));
#4406 = PLANE('',#4407);
#4407 = AXIS2_PLACEMENT_3D('',#4408,#4409,#4410);
#4408 = CARTESIAN_POINT('',(-33.25,-1.5,14.5));
#4409 = DIRECTION('',(0.,-0.707106781187,-0.707106781187));
#4410 = DIRECTION('',(-1.,-0.,-0.));
#4411 = ADVANCED_FACE('',(#4412),#4438,.F.);
#4412 = FACE_BOUND('',#4413,.F.);
#4413 = EDGE_LOOP('',(#4414,#4415,#4416,#4424,#4432));
#4414 = ORIENTED_EDGE('',*,*,#4114,.F.);
#4415 = ORIENTED_EDGE('',*,*,#4393,.F.);
#4416 = ORIENTED_EDGE('',*,*,#4417,.T.);
#4417 = EDGE_CURVE('',#4394,#4418,#4420,.T.);
#4418 = VERTEX_POINT('',#4419);
#4419 = CARTESIAN_POINT('',(-31.48000000001,-1.,5.));
#4420 = LINE('',#4421,#4422);
#4421 = CARTESIAN_POINT('',(-31.48000000001,-1.,15.));
#4422 = VECTOR('',#4423,1.);
#4423 = DIRECTION('',(-0.,-0.,-1.));
#4424 = ORIENTED_EDGE('',*,*,#4425,.T.);
#4425 = EDGE_CURVE('',#4418,#4426,#4428,.T.);
#4426 = VERTEX_POINT('',#4427);
#4427 = CARTESIAN_POINT('',(-31.48000000001,-3.625,5.));
#4428 = LINE('',#4429,#4430);
#4429 = CARTESIAN_POINT('',(-31.48000000001,3.625,5.));
#4430 = VECTOR('',#4431,1.);
#4431 = DIRECTION('',(0.,-1.,0.));
#4432 = ORIENTED_EDGE('',*,*,#4433,.F.);
#4433 = EDGE_CURVE('',#4107,#4426,#4434,.T.);
#4434 = LINE('',#4435,#4436);
#4435 = CARTESIAN_POINT('',(-31.48000000001,-3.625,15.));
#4436 = VECTOR('',#4437,1.);
#4437 = DIRECTION('',(-0.,-0.,-1.));
#4438 = PLANE('',#4439);
#4439 = AXIS2_PLACEMENT_3D('',#4440,#4441,#4442);
#4440 = CARTESIAN_POINT('',(-31.48000000001,3.625,15.));
#4441 = DIRECTION('',(-1.,0.,0.));
#4442 = DIRECTION('',(0.,-1.,0.));
#4443 = ADVANCED_FACE('',(#4444),#4462,.F.);
#4444 = FACE_BOUND('',#4445,.F.);
#4445 = EDGE_LOOP('',(#4446,#4447,#4455,#4461));
#4446 = ORIENTED_EDGE('',*,*,#4433,.T.);
#4447 = ORIENTED_EDGE('',*,*,#4448,.T.);
#4448 = EDGE_CURVE('',#4426,#4449,#4451,.T.);
#4449 = VERTEX_POINT('',#4450);
#4450 = CARTESIAN_POINT('',(-29.47999999998,-3.625,5.));
#4451 = LINE('',#4452,#4453);
#4452 = CARTESIAN_POINT('',(-31.48000000001,-3.625,5.));
#4453 = VECTOR('',#4454,1.);
#4454 = DIRECTION('',(1.,0.,0.));
#4455 = ORIENTED_EDGE('',*,*,#4456,.F.);
#4456 = EDGE_CURVE('',#4099,#4449,#4457,.T.);
#4457 = LINE('',#4458,#4459);
#4458 = CARTESIAN_POINT('',(-29.47999999998,-3.625,15.));
#4459 = VECTOR('',#4460,1.);
#4460 = DIRECTION('',(-0.,-0.,-1.));
#4461 = ORIENTED_EDGE('',*,*,#4106,.F.);
#4462 = PLANE('',#4463);
#4463 = AXIS2_PLACEMENT_3D('',#4464,#4465,#4466);
#4464 = CARTESIAN_POINT('',(-31.48000000001,-3.625,15.));
#4465 = DIRECTION('',(0.,-1.,0.));
#4466 = DIRECTION('',(1.,0.,0.));
#4467 = ADVANCED_FACE('',(#4468),#4494,.F.);
#4468 = FACE_BOUND('',#4469,.F.);
#4469 = EDGE_LOOP('',(#4470,#4471,#4472,#4480,#4488));
#4470 = ORIENTED_EDGE('',*,*,#4098,.F.);
#4471 = ORIENTED_EDGE('',*,*,#4456,.T.);
#4472 = ORIENTED_EDGE('',*,*,#4473,.T.);
#4473 = EDGE_CURVE('',#4449,#4474,#4476,.T.);
#4474 = VERTEX_POINT('',#4475);
#4475 = CARTESIAN_POINT('',(-29.47999999998,-1.,5.));
#4476 = LINE('',#4477,#4478);
#4477 = CARTESIAN_POINT('',(-29.47999999998,-3.625,5.));
#4478 = VECTOR('',#4479,1.);
#4479 = DIRECTION('',(0.,1.,0.));
#4480 = ORIENTED_EDGE('',*,*,#4481,.T.);
#4481 = EDGE_CURVE('',#4474,#4482,#4484,.T.);
#4482 = VERTEX_POINT('',#4483);
#4483 = CARTESIAN_POINT('',(-29.47999999998,-1.,14.));
#4484 = LINE('',#4485,#4486);
#4485 = CARTESIAN_POINT('',(-29.47999999998,-1.,15.));
#4486 = VECTOR('',#4487,1.);
#4487 = DIRECTION('',(0.,0.,1.));
#4488 = ORIENTED_EDGE('',*,*,#4489,.F.);
#4489 = EDGE_CURVE('',#4091,#4482,#4490,.T.);
#4490 = LINE('',#4491,#4492);
#4491 = CARTESIAN_POINT('',(-29.47999999998,-2.15625,15.15625));
#4492 = VECTOR('',#4493,1.);
#4493 = DIRECTION('',(0.,0.707106781187,-0.707106781187));
#4494 = PLANE('',#4495);
#4495 = AXIS2_PLACEMENT_3D('',#4496,#4497,#4498);
#4496 = CARTESIAN_POINT('',(-29.47999999998,-3.625,15.));
#4497 = DIRECTION('',(1.,0.,0.));
#4498 = DIRECTION('',(0.,1.,0.));
#4499 = ADVANCED_FACE('',(#4500),#4518,.F.);
#4500 = FACE_BOUND('',#4501,.T.);
#4501 = EDGE_LOOP('',(#4502,#4503,#4504,#4512));
#4502 = ORIENTED_EDGE('',*,*,#4489,.F.);
#4503 = ORIENTED_EDGE('',*,*,#4090,.T.);
#4504 = ORIENTED_EDGE('',*,*,#4505,.F.);
#4505 = EDGE_CURVE('',#4506,#4083,#4508,.T.);
#4506 = VERTEX_POINT('',#4507);
#4507 = CARTESIAN_POINT('',(-28.94000000001,-1.,14.));
#4508 = LINE('',#4509,#4510);
#4509 = CARTESIAN_POINT('',(-28.94000000001,-0.34375,13.34375));
#4510 = VECTOR('',#4511,1.);
#4511 = DIRECTION('',(0.,-0.707106781187,0.707106781187));
#4512 = ORIENTED_EDGE('',*,*,#4513,.F.);
#4513 = EDGE_CURVE('',#4482,#4506,#4514,.T.);
#4514 = LINE('',#4515,#4516);
#4515 = CARTESIAN_POINT('',(-33.25,-1.,14.));
#4516 = VECTOR('',#4517,1.);
#4517 = DIRECTION('',(1.,0.,0.));
#4518 = PLANE('',#4519);
#4519 = AXIS2_PLACEMENT_3D('',#4520,#4521,#4522);
#4520 = CARTESIAN_POINT('',(-33.25,-1.5,14.5));
#4521 = DIRECTION('',(0.,-0.707106781187,-0.707106781187));
#4522 = DIRECTION('',(-1.,-0.,-0.));
#4523 = ADVANCED_FACE('',(#4524),#4550,.F.);
#4524 = FACE_BOUND('',#4525,.F.);
#4525 = EDGE_LOOP('',(#4526,#4527,#4528,#4536,#4544));
#4526 = ORIENTED_EDGE('',*,*,#4082,.F.);
#4527 = ORIENTED_EDGE('',*,*,#4505,.F.);
#4528 = ORIENTED_EDGE('',*,*,#4529,.T.);
#4529 = EDGE_CURVE('',#4506,#4530,#4532,.T.);
#4530 = VERTEX_POINT('',#4531);
#4531 = CARTESIAN_POINT('',(-28.94000000001,-1.,5.));
#4532 = LINE('',#4533,#4534);
#4533 = CARTESIAN_POINT('',(-28.94000000001,-1.,15.));
#4534 = VECTOR('',#4535,1.);
#4535 = DIRECTION('',(-0.,-0.,-1.));
#4536 = ORIENTED_EDGE('',*,*,#4537,.T.);
#4537 = EDGE_CURVE('',#4530,#4538,#4540,.T.);
#4538 = VERTEX_POINT('',#4539);
#4539 = CARTESIAN_POINT('',(-28.94000000001,-3.625,5.));
#4540 = LINE('',#4541,#4542);
#4541 = CARTESIAN_POINT('',(-28.94000000001,3.625,5.));
#4542 = VECTOR('',#4543,1.);
#4543 = DIRECTION('',(0.,-1.,0.));
#4544 = ORIENTED_EDGE('',*,*,#4545,.F.);
#4545 = EDGE_CURVE('',#4075,#4538,#4546,.T.);
#4546 = LINE('',#4547,#4548);
#4547 = CARTESIAN_POINT('',(-28.94000000001,-3.625,15.));
#4548 = VECTOR('',#4549,1.);
#4549 = DIRECTION('',(-0.,-0.,-1.));
#4550 = PLANE('',#4551);
#4551 = AXIS2_PLACEMENT_3D('',#4552,#4553,#4554);
#4552 = CARTESIAN_POINT('',(-28.94000000001,3.625,15.));
#4553 = DIRECTION('',(-1.,0.,0.));
#4554 = DIRECTION('',(0.,-1.,0.));
#4555 = ADVANCED_FACE('',(#4556),#4574,.F.);
#4556 = FACE_BOUND('',#4557,.F.);
#4557 = EDGE_LOOP('',(#4558,#4559,#4567,#4573));
#4558 = ORIENTED_EDGE('',*,*,#4545,.T.);
#4559 = ORIENTED_EDGE('',*,*,#4560,.T.);
#4560 = EDGE_CURVE('',#4538,#4561,#4563,.T.);
#4561 = VERTEX_POINT('',#4562);
#4562 = CARTESIAN_POINT('',(-26.93999999999,-3.625,5.));
#4563 = LINE('',#4564,#4565);
#4564 = CARTESIAN_POINT('',(-28.94000000001,-3.625,5.));
#4565 = VECTOR('',#4566,1.);
#4566 = DIRECTION('',(1.,0.,0.));
#4567 = ORIENTED_EDGE('',*,*,#4568,.F.);
#4568 = EDGE_CURVE('',#4067,#4561,#4569,.T.);
#4569 = LINE('',#4570,#4571);
#4570 = CARTESIAN_POINT('',(-26.93999999999,-3.625,15.));
#4571 = VECTOR('',#4572,1.);
#4572 = DIRECTION('',(-0.,-0.,-1.));
#4573 = ORIENTED_EDGE('',*,*,#4074,.F.);
#4574 = PLANE('',#4575);
#4575 = AXIS2_PLACEMENT_3D('',#4576,#4577,#4578);
#4576 = CARTESIAN_POINT('',(-28.94000000001,-3.625,15.));
#4577 = DIRECTION('',(0.,-1.,0.));
#4578 = DIRECTION('',(1.,0.,0.));
#4579 = ADVANCED_FACE('',(#4580),#4606,.F.);
#4580 = FACE_BOUND('',#4581,.F.);
#4581 = EDGE_LOOP('',(#4582,#4583,#4584,#4592,#4600));
#4582 = ORIENTED_EDGE('',*,*,#4066,.F.);
#4583 = ORIENTED_EDGE('',*,*,#4568,.T.);
#4584 = ORIENTED_EDGE('',*,*,#4585,.T.);
#4585 = EDGE_CURVE('',#4561,#4586,#4588,.T.);
#4586 = VERTEX_POINT('',#4587);
#4587 = CARTESIAN_POINT('',(-26.93999999999,-1.,5.));
#4588 = LINE('',#4589,#4590);
#4589 = CARTESIAN_POINT('',(-26.93999999999,-3.625,5.));
#4590 = VECTOR('',#4591,1.);
#4591 = DIRECTION('',(0.,1.,0.));
#4592 = ORIENTED_EDGE('',*,*,#4593,.T.);
#4593 = EDGE_CURVE('',#4586,#4594,#4596,.T.);
#4594 = VERTEX_POINT('',#4595);
#4595 = CARTESIAN_POINT('',(-26.93999999999,-1.,14.));
#4596 = LINE('',#4597,#4598);
#4597 = CARTESIAN_POINT('',(-26.93999999999,-1.,15.));
#4598 = VECTOR('',#4599,1.);
#4599 = DIRECTION('',(0.,0.,1.));
#4600 = ORIENTED_EDGE('',*,*,#4601,.F.);
#4601 = EDGE_CURVE('',#4059,#4594,#4602,.T.);
#4602 = LINE('',#4603,#4604);
#4603 = CARTESIAN_POINT('',(-26.93999999999,-2.15625,15.15625));
#4604 = VECTOR('',#4605,1.);
#4605 = DIRECTION('',(0.,0.707106781187,-0.707106781187));
#4606 = PLANE('',#4607);
#4607 = AXIS2_PLACEMENT_3D('',#4608,#4609,#4610);
#4608 = CARTESIAN_POINT('',(-26.93999999999,-3.625,15.));
#4609 = DIRECTION('',(1.,0.,0.));
#4610 = DIRECTION('',(0.,1.,0.));
#4611 = ADVANCED_FACE('',(#4612),#4630,.F.);
#4612 = FACE_BOUND('',#4613,.T.);
#4613 = EDGE_LOOP('',(#4614,#4615,#4616,#4624));
#4614 = ORIENTED_EDGE('',*,*,#4601,.F.);
#4615 = ORIENTED_EDGE('',*,*,#4058,.T.);
#4616 = ORIENTED_EDGE('',*,*,#4617,.F.);
#4617 = EDGE_CURVE('',#4618,#4051,#4620,.T.);
#4618 = VERTEX_POINT('',#4619);
#4619 = CARTESIAN_POINT('',(-26.4,-1.,14.));
#4620 = LINE('',#4621,#4622);
#4621 = CARTESIAN_POINT('',(-26.4,-0.34375,13.34375));
#4622 = VECTOR('',#4623,1.);
#4623 = DIRECTION('',(0.,-0.707106781187,0.707106781187));
#4624 = ORIENTED_EDGE('',*,*,#4625,.F.);
#4625 = EDGE_CURVE('',#4594,#4618,#4626,.T.);
#4626 = LINE('',#4627,#4628);
#4627 = CARTESIAN_POINT('',(-33.25,-1.,14.));
#4628 = VECTOR('',#4629,1.);
#4629 = DIRECTION('',(1.,0.,0.));
#4630 = PLANE('',#4631);
#4631 = AXIS2_PLACEMENT_3D('',#4632,#4633,#4634);
#4632 = CARTESIAN_POINT('',(-33.25,-1.5,14.5));
#4633 = DIRECTION('',(0.,-0.707106781187,-0.707106781187));
#4634 = DIRECTION('',(-1.,-0.,-0.));
#4635 = ADVANCED_FACE('',(#4636),#4662,.F.);
#4636 = FACE_BOUND('',#4637,.F.);
#4637 = EDGE_LOOP('',(#4638,#4639,#4640,#4648,#4656));
#4638 = ORIENTED_EDGE('',*,*,#4050,.F.);
#4639 = ORIENTED_EDGE('',*,*,#4617,.F.);
#4640 = ORIENTED_EDGE('',*,*,#4641,.T.);
#4641 = EDGE_CURVE('',#4618,#4642,#4644,.T.);
#4642 = VERTEX_POINT('',#4643);
#4643 = CARTESIAN_POINT('',(-26.4,-1.,5.));
#4644 = LINE('',#4645,#4646);
#4645 = CARTESIAN_POINT('',(-26.4,-1.,15.));
#4646 = VECTOR('',#4647,1.);
#4647 = DIRECTION('',(-0.,-0.,-1.));
#4648 = ORIENTED_EDGE('',*,*,#4649,.T.);
#4649 = EDGE_CURVE('',#4642,#4650,#4652,.T.);
#4650 = VERTEX_POINT('',#4651);
#4651 = CARTESIAN_POINT('',(-26.4,-3.625,5.));
#4652 = LINE('',#4653,#4654);
#4653 = CARTESIAN_POINT('',(-26.4,3.625,5.));
#4654 = VECTOR('',#4655,1.);
#4655 = DIRECTION('',(0.,-1.,0.));
#4656 = ORIENTED_EDGE('',*,*,#4657,.F.);
#4657 = EDGE_CURVE('',#4043,#4650,#4658,.T.);
#4658 = LINE('',#4659,#4660);
#4659 = CARTESIAN_POINT('',(-26.4,-3.625,15.));
#4660 = VECTOR('',#4661,1.);
#4661 = DIRECTION('',(-0.,-0.,-1.));
#4662 = PLANE('',#4663);
#4663 = AXIS2_PLACEMENT_3D('',#4664,#4665,#4666);
#4664 = CARTESIAN_POINT('',(-26.4,3.625,15.));
#4665 = DIRECTION('',(-1.,0.,0.));
#4666 = DIRECTION('',(0.,-1.,0.));
#4667 = ADVANCED_FACE('',(#4668),#4686,.F.);
#4668 = FACE_BOUND('',#4669,.F.);
#4669 = EDGE_LOOP('',(#4670,#4671,#4679,#4685));
#4670 = ORIENTED_EDGE('',*,*,#4657,.T.);
#4671 = ORIENTED_EDGE('',*,*,#4672,.T.);
#4672 = EDGE_CURVE('',#4650,#4673,#4675,.T.);
#4673 = VERTEX_POINT('',#4674);
#4674 = CARTESIAN_POINT('',(-24.39999999999,-3.625,5.));
#4675 = LINE('',#4676,#4677);
#4676 = CARTESIAN_POINT('',(-26.4,-3.625,5.));
#4677 = VECTOR('',#4678,1.);
#4678 = DIRECTION('',(1.,0.,0.));
#4679 = ORIENTED_EDGE('',*,*,#4680,.F.);
#4680 = EDGE_CURVE('',#4035,#4673,#4681,.T.);
#4681 = LINE('',#4682,#4683);
#4682 = CARTESIAN_POINT('',(-24.39999999999,-3.625,15.));
#4683 = VECTOR('',#4684,1.);
#4684 = DIRECTION('',(-0.,-0.,-1.));
#4685 = ORIENTED_EDGE('',*,*,#4042,.F.);
#4686 = PLANE('',#4687);
#4687 = AXIS2_PLACEMENT_3D('',#4688,#4689,#4690);
#4688 = CARTESIAN_POINT('',(-26.4,-3.625,15.));
#4689 = DIRECTION('',(0.,-1.,0.));
#4690 = DIRECTION('',(1.,0.,0.));
#4691 = ADVANCED_FACE('',(#4692),#4718,.F.);
#4692 = FACE_BOUND('',#4693,.F.);
#4693 = EDGE_LOOP('',(#4694,#4695,#4696,#4704,#4712));
#4694 = ORIENTED_EDGE('',*,*,#4034,.F.);
#4695 = ORIENTED_EDGE('',*,*,#4680,.T.);
#4696 = ORIENTED_EDGE('',*,*,#4697,.T.);
#4697 = EDGE_CURVE('',#4673,#4698,#4700,.T.);
#4698 = VERTEX_POINT('',#4699);
#4699 = CARTESIAN_POINT('',(-24.39999999999,-1.,5.));
#4700 = LINE('',#4701,#4702);
#4701 = CARTESIAN_POINT('',(-24.39999999999,-3.625,5.));
#4702 = VECTOR('',#4703,1.);
#4703 = DIRECTION('',(0.,1.,0.));
#4704 = ORIENTED_EDGE('',*,*,#4705,.T.);
#4705 = EDGE_CURVE('',#4698,#4706,#4708,.T.);
#4706 = VERTEX_POINT('',#4707);
#4707 = CARTESIAN_POINT('',(-24.39999999999,-1.,14.));
#4708 = LINE('',#4709,#4710);
#4709 = CARTESIAN_POINT('',(-24.39999999999,-1.,15.));
#4710 = VECTOR('',#4711,1.);
#4711 = DIRECTION('',(0.,0.,1.));
#4712 = ORIENTED_EDGE('',*,*,#4713,.F.);
#4713 = EDGE_CURVE('',#4027,#4706,#4714,.T.);
#4714 = LINE('',#4715,#4716);
#4715 = CARTESIAN_POINT('',(-24.39999999999,-2.15625,15.15625));
#4716 = VECTOR('',#4717,1.);
#4717 = DIRECTION('',(0.,0.707106781187,-0.707106781187));
#4718 = PLANE('',#4719);
#4719 = AXIS2_PLACEMENT_3D('',#4720,#4721,#4722);
#4720 = CARTESIAN_POINT('',(-24.39999999999,-3.625,15.));
#4721 = DIRECTION('',(1.,0.,0.));
#4722 = DIRECTION('',(0.,1.,0.));
#4723 = ADVANCED_FACE('',(#4724),#4742,.F.);
#4724 = FACE_BOUND('',#4725,.T.);
#4725 = EDGE_LOOP('',(#4726,#4727,#4728,#4736));
#4726 = ORIENTED_EDGE('',*,*,#4713,.F.);
#4727 = ORIENTED_EDGE('',*,*,#4026,.T.);
#4728 = ORIENTED_EDGE('',*,*,#4729,.F.);
#4729 = EDGE_CURVE('',#4730,#4019,#4732,.T.);
#4730 = VERTEX_POINT('',#4731);
#4731 = CARTESIAN_POINT('',(-23.86,-1.,14.));
#4732 = LINE('',#4733,#4734);
#4733 = CARTESIAN_POINT('',(-23.86,-0.34375,13.34375));
#4734 = VECTOR('',#4735,1.);
#4735 = DIRECTION('',(0.,-0.707106781187,0.707106781187));
#4736 = ORIENTED_EDGE('',*,*,#4737,.F.);
#4737 = EDGE_CURVE('',#4706,#4730,#4738,.T.);
#4738 = LINE('',#4739,#4740);
#4739 = CARTESIAN_POINT('',(-33.25,-1.,14.));
#4740 = VECTOR('',#4741,1.);
#4741 = DIRECTION('',(1.,0.,0.));
#4742 = PLANE('',#4743);
#4743 = AXIS2_PLACEMENT_3D('',#4744,#4745,#4746);
#4744 = CARTESIAN_POINT('',(-33.25,-1.5,14.5));
#4745 = DIRECTION('',(0.,-0.707106781187,-0.707106781187));
#4746 = DIRECTION('',(-1.,-0.,-0.));
#4747 = ADVANCED_FACE('',(#4748),#4774,.F.);
#4748 = FACE_BOUND('',#4749,.F.);
#4749 = EDGE_LOOP('',(#4750,#4751,#4752,#4760,#4768));
#4750 = ORIENTED_EDGE('',*,*,#4018,.F.);
#4751 = ORIENTED_EDGE('',*,*,#4729,.F.);
#4752 = ORIENTED_EDGE('',*,*,#4753,.T.);
#4753 = EDGE_CURVE('',#4730,#4754,#4756,.T.);
#4754 = VERTEX_POINT('',#4755);
#4755 = CARTESIAN_POINT('',(-23.86,-1.,5.));
#4756 = LINE('',#4757,#4758);
#4757 = CARTESIAN_POINT('',(-23.86,-1.,15.));
#4758 = VECTOR('',#4759,1.);
#4759 = DIRECTION('',(-0.,-0.,-1.));
#4760 = ORIENTED_EDGE('',*,*,#4761,.T.);
#4761 = EDGE_CURVE('',#4754,#4762,#4764,.T.);
#4762 = VERTEX_POINT('',#4763);
#4763 = CARTESIAN_POINT('',(-23.86,-3.625,5.));
#4764 = LINE('',#4765,#4766);
#4765 = CARTESIAN_POINT('',(-23.86,3.625,5.));
#4766 = VECTOR('',#4767,1.);
#4767 = DIRECTION('',(0.,-1.,0.));
#4768 = ORIENTED_EDGE('',*,*,#4769,.F.);
#4769 = EDGE_CURVE('',#4011,#4762,#4770,.T.);
#4770 = LINE('',#4771,#4772);
#4771 = CARTESIAN_POINT('',(-23.86,-3.625,15.));
#4772 = VECTOR('',#4773,1.);
#4773 = DIRECTION('',(-0.,-0.,-1.));
#4774 = PLANE('',#4775);
#4775 = AXIS2_PLACEMENT_3D('',#4776,#4777,#4778);
#4776 = CARTESIAN_POINT('',(-23.86,3.625,15.));
#4777 = DIRECTION('',(-1.,0.,0.));
#4778 = DIRECTION('',(0.,-1.,0.));
#4779 = ADVANCED_FACE('',(#4780),#4798,.F.);
#4780 = FACE_BOUND('',#4781,.F.);
#4781 = EDGE_LOOP('',(#4782,#4783,#4791,#4797));
#4782 = ORIENTED_EDGE('',*,*,#4769,.T.);
#4783 = ORIENTED_EDGE('',*,*,#4784,.T.);
#4784 = EDGE_CURVE('',#4762,#4785,#4787,.T.);
#4785 = VERTEX_POINT('',#4786);
#4786 = CARTESIAN_POINT('',(-21.85999999999,-3.625,5.));
#4787 = LINE('',#4788,#4789);
#4788 = CARTESIAN_POINT('',(-23.86,-3.625,5.));
#4789 = VECTOR('',#4790,1.);
#4790 = DIRECTION('',(1.,0.,0.));
#4791 = ORIENTED_EDGE('',*,*,#4792,.F.);
#4792 = EDGE_CURVE('',#4003,#4785,#4793,.T.);
#4793 = LINE('',#4794,#4795);
#4794 = CARTESIAN_POINT('',(-21.85999999999,-3.625,15.));
#4795 = VECTOR('',#4796,1.);
#4796 = DIRECTION('',(-0.,-0.,-1.));
#4797 = ORIENTED_EDGE('',*,*,#4010,.F.);
#4798 = PLANE('',#4799);
#4799 = AXIS2_PLACEMENT_3D('',#4800,#4801,#4802);
#4800 = CARTESIAN_POINT('',(-23.86,-3.625,15.));
#4801 = DIRECTION('',(0.,-1.,0.));
#4802 = DIRECTION('',(1.,0.,0.));
#4803 = ADVANCED_FACE('',(#4804),#4830,.F.);
#4804 = FACE_BOUND('',#4805,.F.);
#4805 = EDGE_LOOP('',(#4806,#4807,#4808,#4816,#4824));
#4806 = ORIENTED_EDGE('',*,*,#4002,.F.);
#4807 = ORIENTED_EDGE('',*,*,#4792,.T.);
#4808 = ORIENTED_EDGE('',*,*,#4809,.T.);
#4809 = EDGE_CURVE('',#4785,#4810,#4812,.T.);
#4810 = VERTEX_POINT('',#4811);
#4811 = CARTESIAN_POINT('',(-21.85999999999,-1.,5.));
#4812 = LINE('',#4813,#4814);
#4813 = CARTESIAN_POINT('',(-21.85999999999,-3.625,5.));
#4814 = VECTOR('',#4815,1.);
#4815 = DIRECTION('',(0.,1.,0.));
#4816 = ORIENTED_EDGE('',*,*,#4817,.T.);
#4817 = EDGE_CURVE('',#4810,#4818,#4820,.T.);
#4818 = VERTEX_POINT('',#4819);
#4819 = CARTESIAN_POINT('',(-21.85999999999,-1.,14.));
#4820 = LINE('',#4821,#4822);
#4821 = CARTESIAN_POINT('',(-21.85999999999,-1.,15.));
#4822 = VECTOR('',#4823,1.);
#4823 = DIRECTION('',(0.,0.,1.));
#4824 = ORIENTED_EDGE('',*,*,#4825,.F.);
#4825 = EDGE_CURVE('',#3995,#4818,#4826,.T.);
#4826 = LINE('',#4827,#4828);
#4827 = CARTESIAN_POINT('',(-21.85999999999,-2.15625,15.15625));
#4828 = VECTOR('',#4829,1.);
#4829 = DIRECTION('',(0.,0.707106781187,-0.707106781187));
#4830 = PLANE('',#4831);
#4831 = AXIS2_PLACEMENT_3D('',#4832,#4833,#4834);
#4832 = CARTESIAN_POINT('',(-21.85999999999,-3.625,15.));
#4833 = DIRECTION('',(1.,0.,0.));
#4834 = DIRECTION('',(0.,1.,0.));
#4835 = ADVANCED_FACE('',(#4836),#4854,.F.);
#4836 = FACE_BOUND('',#4837,.T.);
#4837 = EDGE_LOOP('',(#4838,#4839,#4840,#4848));
#4838 = ORIENTED_EDGE('',*,*,#4825,.F.);
#4839 = ORIENTED_EDGE('',*,*,#3994,.T.);
#4840 = ORIENTED_EDGE('',*,*,#4841,.F.);
#4841 = EDGE_CURVE('',#4842,#3987,#4844,.T.);
#4842 = VERTEX_POINT('',#4843);
#4843 = CARTESIAN_POINT('',(-21.32,-1.,14.));
#4844 = LINE('',#4845,#4846);
#4845 = CARTESIAN_POINT('',(-21.32,-0.34375,13.34375));
#4846 = VECTOR('',#4847,1.);
#4847 = DIRECTION('',(0.,-0.707106781187,0.707106781187));
#4848 = ORIENTED_EDGE('',*,*,#4849,.F.);
#4849 = EDGE_CURVE('',#4818,#4842,#4850,.T.);
#4850 = LINE('',#4851,#4852);
#4851 = CARTESIAN_POINT('',(-33.25,-1.,14.));
#4852 = VECTOR('',#4853,1.);
#4853 = DIRECTION('',(1.,0.,0.));
#4854 = PLANE('',#4855);
#4855 = AXIS2_PLACEMENT_3D('',#4856,#4857,#4858);
#4856 = CARTESIAN_POINT('',(-33.25,-1.5,14.5));
#4857 = DIRECTION('',(0.,-0.707106781187,-0.707106781187));
#4858 = DIRECTION('',(-1.,-0.,-0.));
#4859 = ADVANCED_FACE('',(#4860),#4886,.F.);
#4860 = FACE_BOUND('',#4861,.F.);
#4861 = EDGE_LOOP('',(#4862,#4863,#4864,#4872,#4880));
#4862 = ORIENTED_EDGE('',*,*,#3986,.F.);
#4863 = ORIENTED_EDGE('',*,*,#4841,.F.);
#4864 = ORIENTED_EDGE('',*,*,#4865,.T.);
#4865 = EDGE_CURVE('',#4842,#4866,#4868,.T.);
#4866 = VERTEX_POINT('',#4867);
#4867 = CARTESIAN_POINT('',(-21.32,-1.,5.));
#4868 = LINE('',#4869,#4870);
#4869 = CARTESIAN_POINT('',(-21.32,-1.,15.));
#4870 = VECTOR('',#4871,1.);
#4871 = DIRECTION('',(-0.,-0.,-1.));
#4872 = ORIENTED_EDGE('',*,*,#4873,.T.);
#4873 = EDGE_CURVE('',#4866,#4874,#4876,.T.);
#4874 = VERTEX_POINT('',#4875);
#4875 = CARTESIAN_POINT('',(-21.32,-3.625,5.));
#4876 = LINE('',#4877,#4878);
#4877 = CARTESIAN_POINT('',(-21.32,3.625,5.));
#4878 = VECTOR('',#4879,1.);
#4879 = DIRECTION('',(0.,-1.,0.));
#4880 = ORIENTED_EDGE('',*,*,#4881,.F.);
#4881 = EDGE_CURVE('',#3979,#4874,#4882,.T.);
#4882 = LINE('',#4883,#4884);
#4883 = CARTESIAN_POINT('',(-21.32,-3.625,15.));
#4884 = VECTOR('',#4885,1.);
#4885 = DIRECTION('',(-0.,-0.,-1.));
#4886 = PLANE('',#4887);
#4887 = AXIS2_PLACEMENT_3D('',#4888,#4889,#4890);
#4888 = CARTESIAN_POINT('',(-21.32,3.625,15.));
#4889 = DIRECTION('',(-1.,0.,0.));
#4890 = DIRECTION('',(0.,-1.,0.));
#4891 = ADVANCED_FACE('',(#4892),#4910,.F.);
#4892 = FACE_BOUND('',#4893,.F.);
#4893 = EDGE_LOOP('',(#4894,#4895,#4903,#4909));
#4894 = ORIENTED_EDGE('',*,*,#4881,.T.);
#4895 = ORIENTED_EDGE('',*,*,#4896,.T.);
#4896 = EDGE_CURVE('',#4874,#4897,#4899,.T.);
#4897 = VERTEX_POINT('',#4898);
#4898 = CARTESIAN_POINT('',(-19.31999999999,-3.625,5.));
#4899 = LINE('',#4900,#4901);
#4900 = CARTESIAN_POINT('',(-21.32,-3.625,5.));
#4901 = VECTOR('',#4902,1.);
#4902 = DIRECTION('',(1.,0.,0.));
#4903 = ORIENTED_EDGE('',*,*,#4904,.F.);
#4904 = EDGE_CURVE('',#3971,#4897,#4905,.T.);
#4905 = LINE('',#4906,#4907);
#4906 = CARTESIAN_POINT('',(-19.31999999999,-3.625,15.));
#4907 = VECTOR('',#4908,1.);
#4908 = DIRECTION('',(-0.,-0.,-1.));
#4909 = ORIENTED_EDGE('',*,*,#3978,.F.);
#4910 = PLANE('',#4911);
#4911 = AXIS2_PLACEMENT_3D('',#4912,#4913,#4914);
#4912 = CARTESIAN_POINT('',(-21.32,-3.625,15.));
#4913 = DIRECTION('',(0.,-1.,0.));
#4914 = DIRECTION('',(1.,0.,0.));
#4915 = ADVANCED_FACE('',(#4916),#4942,.F.);
#4916 = FACE_BOUND('',#4917,.F.);
#4917 = EDGE_LOOP('',(#4918,#4919,#4920,#4928,#4936));
#4918 = ORIENTED_EDGE('',*,*,#3970,.F.);
#4919 = ORIENTED_EDGE('',*,*,#4904,.T.);
#4920 = ORIENTED_EDGE('',*,*,#4921,.T.);
#4921 = EDGE_CURVE('',#4897,#4922,#4924,.T.);
#4922 = VERTEX_POINT('',#4923);
#4923 = CARTESIAN_POINT('',(-19.31999999999,-1.,5.));
#4924 = LINE('',#4925,#4926);
#4925 = CARTESIAN_POINT('',(-19.31999999999,-3.625,5.));
#4926 = VECTOR('',#4927,1.);
#4927 = DIRECTION('',(0.,1.,0.));
#4928 = ORIENTED_EDGE('',*,*,#4929,.T.);
#4929 = EDGE_CURVE('',#4922,#4930,#4932,.T.);
#4930 = VERTEX_POINT('',#4931);
#4931 = CARTESIAN_POINT('',(-19.31999999999,-1.,14.));
#4932 = LINE('',#4933,#4934);
#4933 = CARTESIAN_POINT('',(-19.31999999999,-1.,15.));
#4934 = VECTOR('',#4935,1.);
#4935 = DIRECTION('',(0.,0.,1.));
#4936 = ORIENTED_EDGE('',*,*,#4937,.F.);
#4937 = EDGE_CURVE('',#3963,#4930,#4938,.T.);
#4938 = LINE('',#4939,#4940);
#4939 = CARTESIAN_POINT('',(-19.31999999999,-2.15625,15.15625));
#4940 = VECTOR('',#4941,1.);
#4941 = DIRECTION('',(0.,0.707106781187,-0.707106781187));
#4942 = PLANE('',#4943);
#4943 = AXIS2_PLACEMENT_3D('',#4944,#4945,#4946);
#4944 = CARTESIAN_POINT('',(-19.31999999999,-3.625,15.));
#4945 = DIRECTION('',(1.,0.,0.));
#4946 = DIRECTION('',(0.,1.,0.));
#4947 = ADVANCED_FACE('',(#4948),#4966,.F.);
#4948 = FACE_BOUND('',#4949,.T.);
#4949 = EDGE_LOOP('',(#4950,#4951,#4952,#4960));
#4950 = ORIENTED_EDGE('',*,*,#4937,.F.);
#4951 = ORIENTED_EDGE('',*,*,#3962,.T.);
#4952 = ORIENTED_EDGE('',*,*,#4953,.F.);
#4953 = EDGE_CURVE('',#4954,#3955,#4956,.T.);
#4954 = VERTEX_POINT('',#4955);
#4955 = CARTESIAN_POINT('',(-18.77999999999,-1.,14.));
#4956 = LINE('',#4957,#4958);
#4957 = CARTESIAN_POINT('',(-18.77999999999,-0.34375,13.34375));
#4958 = VECTOR('',#4959,1.);
#4959 = DIRECTION('',(0.,-0.707106781187,0.707106781187));
#4960 = ORIENTED_EDGE('',*,*,#4961,.F.);
#4961 = EDGE_CURVE('',#4930,#4954,#4962,.T.);
#4962 = LINE('',#4963,#4964);
#4963 = CARTESIAN_POINT('',(-33.25,-1.,14.));
#4964 = VECTOR('',#4965,1.);
#4965 = DIRECTION('',(1.,0.,0.));
#4966 = PLANE('',#4967);
#4967 = AXIS2_PLACEMENT_3D('',#4968,#4969,#4970);
#4968 = CARTESIAN_POINT('',(-33.25,-1.5,14.5));
#4969 = DIRECTION('',(0.,-0.707106781187,-0.707106781187));
#4970 = DIRECTION('',(-1.,-0.,-0.));
#4971 = ADVANCED_FACE('',(#4972),#4998,.F.);
#4972 = FACE_BOUND('',#4973,.F.);
#4973 = EDGE_LOOP('',(#4974,#4975,#4976,#4984,#4992));
#4974 = ORIENTED_EDGE('',*,*,#3954,.F.);
#4975 = ORIENTED_EDGE('',*,*,#4953,.F.);
#4976 = ORIENTED_EDGE('',*,*,#4977,.T.);
#4977 = EDGE_CURVE('',#4954,#4978,#4980,.T.);
#4978 = VERTEX_POINT('',#4979);
#4979 = CARTESIAN_POINT('',(-18.77999999999,-1.,5.));
#4980 = LINE('',#4981,#4982);
#4981 = CARTESIAN_POINT('',(-18.77999999999,-1.,15.));
#4982 = VECTOR('',#4983,1.);
#4983 = DIRECTION('',(-0.,-0.,-1.));
#4984 = ORIENTED_EDGE('',*,*,#4985,.T.);
#4985 = EDGE_CURVE('',#4978,#4986,#4988,.T.);
#4986 = VERTEX_POINT('',#4987);
#4987 = CARTESIAN_POINT('',(-18.77999999999,-3.625,5.));
#4988 = LINE('',#4989,#4990);
#4989 = CARTESIAN_POINT('',(-18.77999999999,3.625,5.));
#4990 = VECTOR('',#4991,1.);
#4991 = DIRECTION('',(0.,-1.,0.));
#4992 = ORIENTED_EDGE('',*,*,#4993,.F.);
#4993 = EDGE_CURVE('',#3947,#4986,#4994,.T.);
#4994 = LINE('',#4995,#4996);
#4995 = CARTESIAN_POINT('',(-18.77999999999,-3.625,15.));
#4996 = VECTOR('',#4997,1.);
#4997 = DIRECTION('',(-0.,-0.,-1.));
#4998 = PLANE('',#4999);
#4999 = AXIS2_PLACEMENT_3D('',#5000,#5001,#5002);
#5000 = CARTESIAN_POINT('',(-18.77999999999,3.625,15.));
#5001 = DIRECTION('',(-1.,0.,0.));
#5002 = DIRECTION('',(0.,-1.,0.));
#5003 = ADVANCED_FACE('',(#5004),#5022,.F.);
#5004 = FACE_BOUND('',#5005,.F.);
#5005 = EDGE_LOOP('',(#5006,#5007,#5015,#5021));
#5006 = ORIENTED_EDGE('',*,*,#4993,.T.);
#5007 = ORIENTED_EDGE('',*,*,#5008,.T.);
#5008 = EDGE_CURVE('',#4986,#5009,#5011,.T.);
#5009 = VERTEX_POINT('',#5010);
#5010 = CARTESIAN_POINT('',(-16.78,-3.625,5.));
#5011 = LINE('',#5012,#5013);
#5012 = CARTESIAN_POINT('',(-18.77999999999,-3.625,5.));
#5013 = VECTOR('',#5014,1.);
#5014 = DIRECTION('',(1.,0.,0.));
#5015 = ORIENTED_EDGE('',*,*,#5016,.F.);
#5016 = EDGE_CURVE('',#3939,#5009,#5017,.T.);
#5017 = LINE('',#5018,#5019);
#5018 = CARTESIAN_POINT('',(-16.78,-3.625,15.));
#5019 = VECTOR('',#5020,1.);
#5020 = DIRECTION('',(-0.,-0.,-1.));
#5021 = ORIENTED_EDGE('',*,*,#3946,.F.);
#5022 = PLANE('',#5023);
#5023 = AXIS2_PLACEMENT_3D('',#5024,#5025,#5026);
#5024 = CARTESIAN_POINT('',(-18.77999999999,-3.625,15.));
#5025 = DIRECTION('',(0.,-1.,0.));
#5026 = DIRECTION('',(1.,0.,0.));
#5027 = ADVANCED_FACE('',(#5028),#5054,.F.);
#5028 = FACE_BOUND('',#5029,.F.);
#5029 = EDGE_LOOP('',(#5030,#5031,#5032,#5040,#5048));
#5030 = ORIENTED_EDGE('',*,*,#3938,.F.);
#5031 = ORIENTED_EDGE('',*,*,#5016,.T.);
#5032 = ORIENTED_EDGE('',*,*,#5033,.T.);
#5033 = EDGE_CURVE('',#5009,#5034,#5036,.T.);
#5034 = VERTEX_POINT('',#5035);
#5035 = CARTESIAN_POINT('',(-16.78,-1.,5.));
#5036 = LINE('',#5037,#5038);
#5037 = CARTESIAN_POINT('',(-16.78,-3.625,5.));
#5038 = VECTOR('',#5039,1.);
#5039 = DIRECTION('',(0.,1.,0.));
#5040 = ORIENTED_EDGE('',*,*,#5041,.T.);
#5041 = EDGE_CURVE('',#5034,#5042,#5044,.T.);
#5042 = VERTEX_POINT('',#5043);
#5043 = CARTESIAN_POINT('',(-16.78,-1.,14.));
#5044 = LINE('',#5045,#5046);
#5045 = CARTESIAN_POINT('',(-16.78,-1.,15.));
#5046 = VECTOR('',#5047,1.);
#5047 = DIRECTION('',(0.,0.,1.));
#5048 = ORIENTED_EDGE('',*,*,#5049,.F.);
#5049 = EDGE_CURVE('',#3931,#5042,#5050,.T.);
#5050 = LINE('',#5051,#5052);
#5051 = CARTESIAN_POINT('',(-16.78,-2.15625,15.15625));
#5052 = VECTOR('',#5053,1.);
#5053 = DIRECTION('',(0.,0.707106781187,-0.707106781187));
#5054 = PLANE('',#5055);
#5055 = AXIS2_PLACEMENT_3D('',#5056,#5057,#5058);
#5056 = CARTESIAN_POINT('',(-16.78,-3.625,15.));
#5057 = DIRECTION('',(1.,0.,0.));
#5058 = DIRECTION('',(0.,1.,0.));
#5059 = ADVANCED_FACE('',(#5060),#5078,.F.);
#5060 = FACE_BOUND('',#5061,.T.);
#5061 = EDGE_LOOP('',(#5062,#5063,#5064,#5072));
#5062 = ORIENTED_EDGE('',*,*,#5049,.F.);
#5063 = ORIENTED_EDGE('',*,*,#3930,.T.);
#5064 = ORIENTED_EDGE('',*,*,#5065,.F.);
#5065 = EDGE_CURVE('',#5066,#3923,#5068,.T.);
#5066 = VERTEX_POINT('',#5067);
#5067 = CARTESIAN_POINT('',(-16.23999999999,-1.,14.));
#5068 = LINE('',#5069,#5070);
#5069 = CARTESIAN_POINT('',(-16.23999999999,-0.34375,13.34375));
#5070 = VECTOR('',#5071,1.);
#5071 = DIRECTION('',(0.,-0.707106781187,0.707106781187));
#5072 = ORIENTED_EDGE('',*,*,#5073,.F.);
#5073 = EDGE_CURVE('',#5042,#5066,#5074,.T.);
#5074 = LINE('',#5075,#5076);
#5075 = CARTESIAN_POINT('',(-33.25,-1.,14.));
#5076 = VECTOR('',#5077,1.);
#5077 = DIRECTION('',(1.,0.,0.));
#5078 = PLANE('',#5079);
#5079 = AXIS2_PLACEMENT_3D('',#5080,#5081,#5082);
#5080 = CARTESIAN_POINT('',(-33.25,-1.5,14.5));
#5081 = DIRECTION('',(0.,-0.707106781187,-0.707106781187));
#5082 = DIRECTION('',(-1.,-0.,-0.));
#5083 = ADVANCED_FACE('',(#5084),#5110,.F.);
#5084 = FACE_BOUND('',#5085,.F.);
#5085 = EDGE_LOOP('',(#5086,#5087,#5088,#5096,#5104));
#5086 = ORIENTED_EDGE('',*,*,#3922,.F.);
#5087 = ORIENTED_EDGE('',*,*,#5065,.F.);
#5088 = ORIENTED_EDGE('',*,*,#5089,.T.);
#5089 = EDGE_CURVE('',#5066,#5090,#5092,.T.);
#5090 = VERTEX_POINT('',#5091);
#5091 = CARTESIAN_POINT('',(-16.23999999999,-1.,5.));
#5092 = LINE('',#5093,#5094);
#5093 = CARTESIAN_POINT('',(-16.23999999999,-1.,15.));
#5094 = VECTOR('',#5095,1.);
#5095 = DIRECTION('',(-0.,-0.,-1.));
#5096 = ORIENTED_EDGE('',*,*,#5097,.T.);
#5097 = EDGE_CURVE('',#5090,#5098,#5100,.T.);
#5098 = VERTEX_POINT('',#5099);
#5099 = CARTESIAN_POINT('',(-16.23999999999,-3.625,5.));
#5100 = LINE('',#5101,#5102);
#5101 = CARTESIAN_POINT('',(-16.23999999999,3.625,5.));
#5102 = VECTOR('',#5103,1.);
#5103 = DIRECTION('',(0.,-1.,0.));
#5104 = ORIENTED_EDGE('',*,*,#5105,.F.);
#5105 = EDGE_CURVE('',#3915,#5098,#5106,.T.);
#5106 = LINE('',#5107,#5108);
#5107 = CARTESIAN_POINT('',(-16.23999999999,-3.625,15.));
#5108 = VECTOR('',#5109,1.);
#5109 = DIRECTION('',(-0.,-0.,-1.));
#5110 = PLANE('',#5111);
#5111 = AXIS2_PLACEMENT_3D('',#5112,#5113,#5114);
#5112 = CARTESIAN_POINT('',(-16.23999999999,3.625,15.));
#5113 = DIRECTION('',(-1.,0.,0.));
#5114 = DIRECTION('',(0.,-1.,0.));
#5115 = ADVANCED_FACE('',(#5116),#5134,.F.);
#5116 = FACE_BOUND('',#5117,.F.);
#5117 = EDGE_LOOP('',(#5118,#5119,#5127,#5133));
#5118 = ORIENTED_EDGE('',*,*,#5105,.T.);
#5119 = ORIENTED_EDGE('',*,*,#5120,.T.);
#5120 = EDGE_CURVE('',#5098,#5121,#5123,.T.);
#5121 = VERTEX_POINT('',#5122);
#5122 = CARTESIAN_POINT('',(-14.24,-3.625,5.));
#5123 = LINE('',#5124,#5125);
#5124 = CARTESIAN_POINT('',(-16.23999999999,-3.625,5.));
#5125 = VECTOR('',#5126,1.);
#5126 = DIRECTION('',(1.,0.,0.));
#5127 = ORIENTED_EDGE('',*,*,#5128,.F.);
#5128 = EDGE_CURVE('',#3907,#5121,#5129,.T.);
#5129 = LINE('',#5130,#5131);
#5130 = CARTESIAN_POINT('',(-14.24,-3.625,15.));
#5131 = VECTOR('',#5132,1.);
#5132 = DIRECTION('',(-0.,-0.,-1.));
#5133 = ORIENTED_EDGE('',*,*,#3914,.F.);
#5134 = PLANE('',#5135);
#5135 = AXIS2_PLACEMENT_3D('',#5136,#5137,#5138);
#5136 = CARTESIAN_POINT('',(-16.23999999999,-3.625,15.));
#5137 = DIRECTION('',(0.,-1.,0.));
#5138 = DIRECTION('',(1.,0.,0.));
#5139 = ADVANCED_FACE('',(#5140),#5166,.F.);
#5140 = FACE_BOUND('',#5141,.F.);
#5141 = EDGE_LOOP('',(#5142,#5143,#5144,#5152,#5160));
#5142 = ORIENTED_EDGE('',*,*,#3906,.F.);
#5143 = ORIENTED_EDGE('',*,*,#5128,.T.);
#5144 = ORIENTED_EDGE('',*,*,#5145,.T.);
#5145 = EDGE_CURVE('',#5121,#5146,#5148,.T.);
#5146 = VERTEX_POINT('',#5147);
#5147 = CARTESIAN_POINT('',(-14.24,-1.,5.));
#5148 = LINE('',#5149,#5150);
#5149 = CARTESIAN_POINT('',(-14.24,-3.625,5.));
#5150 = VECTOR('',#5151,1.);
#5151 = DIRECTION('',(0.,1.,0.));
#5152 = ORIENTED_EDGE('',*,*,#5153,.T.);
#5153 = EDGE_CURVE('',#5146,#5154,#5156,.T.);
#5154 = VERTEX_POINT('',#5155);
#5155 = CARTESIAN_POINT('',(-14.24,-1.,14.));
#5156 = LINE('',#5157,#5158);
#5157 = CARTESIAN_POINT('',(-14.24,-1.,15.));
#5158 = VECTOR('',#5159,1.);
#5159 = DIRECTION('',(0.,0.,1.));
#5160 = ORIENTED_EDGE('',*,*,#5161,.F.);
#5161 = EDGE_CURVE('',#3899,#5154,#5162,.T.);
#5162 = LINE('',#5163,#5164);
#5163 = CARTESIAN_POINT('',(-14.24,-2.15625,15.15625));
#5164 = VECTOR('',#5165,1.);
#5165 = DIRECTION('',(0.,0.707106781187,-0.707106781187));
#5166 = PLANE('',#5167);
#5167 = AXIS2_PLACEMENT_3D('',#5168,#5169,#5170);
#5168 = CARTESIAN_POINT('',(-14.24,-3.625,15.));
#5169 = DIRECTION('',(1.,0.,0.));
#5170 = DIRECTION('',(0.,1.,0.));
#5171 = ADVANCED_FACE('',(#5172),#5190,.F.);
#5172 = FACE_BOUND('',#5173,.T.);
#5173 = EDGE_LOOP('',(#5174,#5175,#5176,#5184));
#5174 = ORIENTED_EDGE('',*,*,#5161,.F.);
#5175 = ORIENTED_EDGE('',*,*,#3898,.T.);
#5176 = ORIENTED_EDGE('',*,*,#5177,.F.);
#5177 = EDGE_CURVE('',#5178,#3891,#5180,.T.);
#5178 = VERTEX_POINT('',#5179);
#5179 = CARTESIAN_POINT('',(-13.69999999999,-1.,14.));
#5180 = LINE('',#5181,#5182);
#5181 = CARTESIAN_POINT('',(-13.69999999999,-0.34375,13.34375));
#5182 = VECTOR('',#5183,1.);
#5183 = DIRECTION('',(0.,-0.707106781187,0.707106781187));
#5184 = ORIENTED_EDGE('',*,*,#5185,.F.);
#5185 = EDGE_CURVE('',#5154,#5178,#5186,.T.);
#5186 = LINE('',#5187,#5188);
#5187 = CARTESIAN_POINT('',(-33.25,-1.,14.));
#5188 = VECTOR('',#5189,1.);
#5189 = DIRECTION('',(1.,0.,0.));
#5190 = PLANE('',#5191);
#5191 = AXIS2_PLACEMENT_3D('',#5192,#5193,#5194);
#5192 = CARTESIAN_POINT('',(-33.25,-1.5,14.5));
#5193 = DIRECTION('',(0.,-0.707106781187,-0.707106781187));
#5194 = DIRECTION('',(-1.,-0.,-0.));
#5195 = ADVANCED_FACE('',(#5196),#5222,.F.);
#5196 = FACE_BOUND('',#5197,.F.);
#5197 = EDGE_LOOP('',(#5198,#5199,#5200,#5208,#5216));
#5198 = ORIENTED_EDGE('',*,*,#3890,.F.);
#5199 = ORIENTED_EDGE('',*,*,#5177,.F.);
#5200 = ORIENTED_EDGE('',*,*,#5201,.T.);
#5201 = EDGE_CURVE('',#5178,#5202,#5204,.T.);
#5202 = VERTEX_POINT('',#5203);
#5203 = CARTESIAN_POINT('',(-13.69999999999,-1.,5.));
#5204 = LINE('',#5205,#5206);
#5205 = CARTESIAN_POINT('',(-13.69999999999,-1.,15.));
#5206 = VECTOR('',#5207,1.);
#5207 = DIRECTION('',(-0.,-0.,-1.));
#5208 = ORIENTED_EDGE('',*,*,#5209,.T.);
#5209 = EDGE_CURVE('',#5202,#5210,#5212,.T.);
#5210 = VERTEX_POINT('',#5211);
#5211 = CARTESIAN_POINT('',(-13.69999999999,-3.625,5.));
#5212 = LINE('',#5213,#5214);
#5213 = CARTESIAN_POINT('',(-13.69999999999,3.625,5.));
#5214 = VECTOR('',#5215,1.);
#5215 = DIRECTION('',(0.,-1.,0.));
#5216 = ORIENTED_EDGE('',*,*,#5217,.F.);
#5217 = EDGE_CURVE('',#3883,#5210,#5218,.T.);
#5218 = LINE('',#5219,#5220);
#5219 = CARTESIAN_POINT('',(-13.69999999999,-3.625,15.));
#5220 = VECTOR('',#5221,1.);
#5221 = DIRECTION('',(-0.,-0.,-1.));
#5222 = PLANE('',#5223);
#5223 = AXIS2_PLACEMENT_3D('',#5224,#5225,#5226);
#5224 = CARTESIAN_POINT('',(-13.69999999999,3.625,15.));
#5225 = DIRECTION('',(-1.,0.,0.));
#5226 = DIRECTION('',(0.,-1.,0.));
#5227 = ADVANCED_FACE('',(#5228),#5246,.F.);
#5228 = FACE_BOUND('',#5229,.F.);
#5229 = EDGE_LOOP('',(#5230,#5231,#5239,#5245));
#5230 = ORIENTED_EDGE('',*,*,#5217,.T.);
#5231 = ORIENTED_EDGE('',*,*,#5232,.T.);
#5232 = EDGE_CURVE('',#5210,#5233,#5235,.T.);
#5233 = VERTEX_POINT('',#5234);
#5234 = CARTESIAN_POINT('',(-11.7,-3.625,5.));
#5235 = LINE('',#5236,#5237);
#5236 = CARTESIAN_POINT('',(-13.69999999999,-3.625,5.));
#5237 = VECTOR('',#5238,1.);
#5238 = DIRECTION('',(1.,0.,0.));
#5239 = ORIENTED_EDGE('',*,*,#5240,.F.);
#5240 = EDGE_CURVE('',#3875,#5233,#5241,.T.);
#5241 = LINE('',#5242,#5243);
#5242 = CARTESIAN_POINT('',(-11.7,-3.625,15.));
#5243 = VECTOR('',#5244,1.);
#5244 = DIRECTION('',(-0.,-0.,-1.));
#5245 = ORIENTED_EDGE('',*,*,#3882,.F.);
#5246 = PLANE('',#5247);
#5247 = AXIS2_PLACEMENT_3D('',#5248,#5249,#5250);
#5248 = CARTESIAN_POINT('',(-13.69999999999,-3.625,15.));
#5249 = DIRECTION('',(0.,-1.,0.));
#5250 = DIRECTION('',(1.,0.,0.));
#5251 = ADVANCED_FACE('',(#5252),#5278,.F.);
#5252 = FACE_BOUND('',#5253,.F.);
#5253 = EDGE_LOOP('',(#5254,#5255,#5256,#5264,#5272));
#5254 = ORIENTED_EDGE('',*,*,#3874,.F.);
#5255 = ORIENTED_EDGE('',*,*,#5240,.T.);
#5256 = ORIENTED_EDGE('',*,*,#5257,.T.);
#5257 = EDGE_CURVE('',#5233,#5258,#5260,.T.);
#5258 = VERTEX_POINT('',#5259);
#5259 = CARTESIAN_POINT('',(-11.7,-1.,5.));
#5260 = LINE('',#5261,#5262);
#5261 = CARTESIAN_POINT('',(-11.7,-3.625,5.));
#5262 = VECTOR('',#5263,1.);
#5263 = DIRECTION('',(0.,1.,0.));
#5264 = ORIENTED_EDGE('',*,*,#5265,.T.);
#5265 = EDGE_CURVE('',#5258,#5266,#5268,.T.);
#5266 = VERTEX_POINT('',#5267);
#5267 = CARTESIAN_POINT('',(-11.7,-1.,14.));
#5268 = LINE('',#5269,#5270);
#5269 = CARTESIAN_POINT('',(-11.7,-1.,15.));
#5270 = VECTOR('',#5271,1.);
#5271 = DIRECTION('',(0.,0.,1.));
#5272 = ORIENTED_EDGE('',*,*,#5273,.F.);
#5273 = EDGE_CURVE('',#3867,#5266,#5274,.T.);
#5274 = LINE('',#5275,#5276);
#5275 = CARTESIAN_POINT('',(-11.7,-2.15625,15.15625));
#5276 = VECTOR('',#5277,1.);
#5277 = DIRECTION('',(0.,0.707106781187,-0.707106781187));
#5278 = PLANE('',#5279);
#5279 = AXIS2_PLACEMENT_3D('',#5280,#5281,#5282);
#5280 = CARTESIAN_POINT('',(-11.7,-3.625,15.));
#5281 = DIRECTION('',(1.,0.,0.));
#5282 = DIRECTION('',(0.,1.,0.));
#5283 = ADVANCED_FACE('',(#5284),#5302,.F.);
#5284 = FACE_BOUND('',#5285,.T.);
#5285 = EDGE_LOOP('',(#5286,#5287,#5288,#5296));
#5286 = ORIENTED_EDGE('',*,*,#5273,.F.);
#5287 = ORIENTED_EDGE('',*,*,#3866,.T.);
#5288 = ORIENTED_EDGE('',*,*,#5289,.F.);
#5289 = EDGE_CURVE('',#5290,#3859,#5292,.T.);
#5290 = VERTEX_POINT('',#5291);
#5291 = CARTESIAN_POINT('',(-11.15999999999,-1.,14.));
#5292 = LINE('',#5293,#5294);
#5293 = CARTESIAN_POINT('',(-11.15999999999,-0.34375,13.34375));
#5294 = VECTOR('',#5295,1.);
#5295 = DIRECTION('',(0.,-0.707106781187,0.707106781187));
#5296 = ORIENTED_EDGE('',*,*,#5297,.F.);
#5297 = EDGE_CURVE('',#5266,#5290,#5298,.T.);
#5298 = LINE('',#5299,#5300);
#5299 = CARTESIAN_POINT('',(-33.25,-1.,14.));
#5300 = VECTOR('',#5301,1.);
#5301 = DIRECTION('',(1.,0.,0.));
#5302 = PLANE('',#5303);
#5303 = AXIS2_PLACEMENT_3D('',#5304,#5305,#5306);
#5304 = CARTESIAN_POINT('',(-33.25,-1.5,14.5));
#5305 = DIRECTION('',(0.,-0.707106781187,-0.707106781187));
#5306 = DIRECTION('',(-1.,-0.,-0.));
#5307 = ADVANCED_FACE('',(#5308),#5334,.F.);
#5308 = FACE_BOUND('',#5309,.F.);
#5309 = EDGE_LOOP('',(#5310,#5311,#5312,#5320,#5328));
#5310 = ORIENTED_EDGE('',*,*,#3858,.F.);
#5311 = ORIENTED_EDGE('',*,*,#5289,.F.);
#5312 = ORIENTED_EDGE('',*,*,#5313,.T.);
#5313 = EDGE_CURVE('',#5290,#5314,#5316,.T.);
#5314 = VERTEX_POINT('',#5315);
#5315 = CARTESIAN_POINT('',(-11.15999999999,-1.,5.));
#5316 = LINE('',#5317,#5318);
#5317 = CARTESIAN_POINT('',(-11.15999999999,-1.,15.));
#5318 = VECTOR('',#5319,1.);
#5319 = DIRECTION('',(-0.,-0.,-1.));
#5320 = ORIENTED_EDGE('',*,*,#5321,.T.);
#5321 = EDGE_CURVE('',#5314,#5322,#5324,.T.);
#5322 = VERTEX_POINT('',#5323);
#5323 = CARTESIAN_POINT('',(-11.15999999999,-3.625,5.));
#5324 = LINE('',#5325,#5326);
#5325 = CARTESIAN_POINT('',(-11.15999999999,3.625,5.));
#5326 = VECTOR('',#5327,1.);
#5327 = DIRECTION('',(0.,-1.,0.));
#5328 = ORIENTED_EDGE('',*,*,#5329,.F.);
#5329 = EDGE_CURVE('',#3851,#5322,#5330,.T.);
#5330 = LINE('',#5331,#5332);
#5331 = CARTESIAN_POINT('',(-11.15999999999,-3.625,15.));
#5332 = VECTOR('',#5333,1.);
#5333 = DIRECTION('',(-0.,-0.,-1.));
#5334 = PLANE('',#5335);
#5335 = AXIS2_PLACEMENT_3D('',#5336,#5337,#5338);
#5336 = CARTESIAN_POINT('',(-11.15999999999,3.625,15.));
#5337 = DIRECTION('',(-1.,0.,0.));
#5338 = DIRECTION('',(0.,-1.,0.));
#5339 = ADVANCED_FACE('',(#5340),#5358,.F.);
#5340 = FACE_BOUND('',#5341,.F.);
#5341 = EDGE_LOOP('',(#5342,#5343,#5351,#5357));
#5342 = ORIENTED_EDGE('',*,*,#5329,.T.);
#5343 = ORIENTED_EDGE('',*,*,#5344,.T.);
#5344 = EDGE_CURVE('',#5322,#5345,#5347,.T.);
#5345 = VERTEX_POINT('',#5346);
#5346 = CARTESIAN_POINT('',(-9.16000000001,-3.625,5.));
#5347 = LINE('',#5348,#5349);
#5348 = CARTESIAN_POINT('',(-11.15999999999,-3.625,5.));
#5349 = VECTOR('',#5350,1.);
#5350 = DIRECTION('',(1.,0.,0.));
#5351 = ORIENTED_EDGE('',*,*,#5352,.F.);
#5352 = EDGE_CURVE('',#3843,#5345,#5353,.T.);
#5353 = LINE('',#5354,#5355);
#5354 = CARTESIAN_POINT('',(-9.16000000001,-3.625,15.));
#5355 = VECTOR('',#5356,1.);
#5356 = DIRECTION('',(-0.,-0.,-1.));
#5357 = ORIENTED_EDGE('',*,*,#3850,.F.);
#5358 = PLANE('',#5359);
#5359 = AXIS2_PLACEMENT_3D('',#5360,#5361,#5362);
#5360 = CARTESIAN_POINT('',(-11.15999999999,-3.625,15.));
#5361 = DIRECTION('',(0.,-1.,0.));
#5362 = DIRECTION('',(1.,0.,0.));
#5363 = ADVANCED_FACE('',(#5364),#5390,.F.);
#5364 = FACE_BOUND('',#5365,.F.);
#5365 = EDGE_LOOP('',(#5366,#5367,#5368,#5376,#5384));
#5366 = ORIENTED_EDGE('',*,*,#3842,.F.);
#5367 = ORIENTED_EDGE('',*,*,#5352,.T.);
#5368 = ORIENTED_EDGE('',*,*,#5369,.T.);
#5369 = EDGE_CURVE('',#5345,#5370,#5372,.T.);
#5370 = VERTEX_POINT('',#5371);
#5371 = CARTESIAN_POINT('',(-9.16000000001,-1.,5.));
#5372 = LINE('',#5373,#5374);
#5373 = CARTESIAN_POINT('',(-9.16000000001,-3.625,5.));
#5374 = VECTOR('',#5375,1.);
#5375 = DIRECTION('',(0.,1.,0.));
#5376 = ORIENTED_EDGE('',*,*,#5377,.T.);
#5377 = EDGE_CURVE('',#5370,#5378,#5380,.T.);
#5378 = VERTEX_POINT('',#5379);
#5379 = CARTESIAN_POINT('',(-9.16000000001,-1.,14.));
#5380 = LINE('',#5381,#5382);
#5381 = CARTESIAN_POINT('',(-9.16000000001,-1.,15.));
#5382 = VECTOR('',#5383,1.);
#5383 = DIRECTION('',(0.,0.,1.));
#5384 = ORIENTED_EDGE('',*,*,#5385,.F.);
#5385 = EDGE_CURVE('',#3835,#5378,#5386,.T.);
#5386 = LINE('',#5387,#5388);
#5387 = CARTESIAN_POINT('',(-9.16000000001,-2.15625,15.15625));
#5388 = VECTOR('',#5389,1.);
#5389 = DIRECTION('',(0.,0.707106781187,-0.707106781187));
#5390 = PLANE('',#5391);
#5391 = AXIS2_PLACEMENT_3D('',#5392,#5393,#5394);
#5392 = CARTESIAN_POINT('',(-9.16000000001,-3.625,15.));
#5393 = DIRECTION('',(1.,0.,0.));
#5394 = DIRECTION('',(0.,1.,0.));
#5395 = ADVANCED_FACE('',(#5396),#5414,.F.);
#5396 = FACE_BOUND('',#5397,.T.);
#5397 = EDGE_LOOP('',(#5398,#5399,#5400,#5408));
#5398 = ORIENTED_EDGE('',*,*,#5385,.F.);
#5399 = ORIENTED_EDGE('',*,*,#3834,.T.);
#5400 = ORIENTED_EDGE('',*,*,#5401,.F.);
#5401 = EDGE_CURVE('',#5402,#3827,#5404,.T.);
#5402 = VERTEX_POINT('',#5403);
#5403 = CARTESIAN_POINT('',(-8.619999999988,-1.,14.));
#5404 = LINE('',#5405,#5406);
#5405 = CARTESIAN_POINT('',(-8.619999999988,-0.34375,13.34375));
#5406 = VECTOR('',#5407,1.);
#5407 = DIRECTION('',(0.,-0.707106781187,0.707106781187));
#5408 = ORIENTED_EDGE('',*,*,#5409,.F.);
#5409 = EDGE_CURVE('',#5378,#5402,#5410,.T.);
#5410 = LINE('',#5411,#5412);
#5411 = CARTESIAN_POINT('',(-33.25,-1.,14.));
#5412 = VECTOR('',#5413,1.);
#5413 = DIRECTION('',(1.,0.,0.));
#5414 = PLANE('',#5415);
#5415 = AXIS2_PLACEMENT_3D('',#5416,#5417,#5418);
#5416 = CARTESIAN_POINT('',(-33.25,-1.5,14.5));
#5417 = DIRECTION('',(0.,-0.707106781187,-0.707106781187));
#5418 = DIRECTION('',(-1.,-0.,-0.));
#5419 = ADVANCED_FACE('',(#5420),#5446,.F.);
#5420 = FACE_BOUND('',#5421,.F.);
#5421 = EDGE_LOOP('',(#5422,#5423,#5424,#5432,#5440));
#5422 = ORIENTED_EDGE('',*,*,#3826,.F.);
#5423 = ORIENTED_EDGE('',*,*,#5401,.F.);
#5424 = ORIENTED_EDGE('',*,*,#5425,.T.);
#5425 = EDGE_CURVE('',#5402,#5426,#5428,.T.);
#5426 = VERTEX_POINT('',#5427);
#5427 = CARTESIAN_POINT('',(-8.619999999988,-1.,5.));
#5428 = LINE('',#5429,#5430);
#5429 = CARTESIAN_POINT('',(-8.619999999988,-1.,15.));
#5430 = VECTOR('',#5431,1.);
#5431 = DIRECTION('',(-0.,-0.,-1.));
#5432 = ORIENTED_EDGE('',*,*,#5433,.T.);
#5433 = EDGE_CURVE('',#5426,#5434,#5436,.T.);
#5434 = VERTEX_POINT('',#5435);
#5435 = CARTESIAN_POINT('',(-8.619999999988,-3.625,5.));
#5436 = LINE('',#5437,#5438);
#5437 = CARTESIAN_POINT('',(-8.619999999988,3.625,5.));
#5438 = VECTOR('',#5439,1.);
#5439 = DIRECTION('',(0.,-1.,0.));
#5440 = ORIENTED_EDGE('',*,*,#5441,.F.);
#5441 = EDGE_CURVE('',#3819,#5434,#5442,.T.);
#5442 = LINE('',#5443,#5444);
#5443 = CARTESIAN_POINT('',(-8.619999999988,-3.625,15.));
#5444 = VECTOR('',#5445,1.);
#5445 = DIRECTION('',(-0.,-0.,-1.));
#5446 = PLANE('',#5447);
#5447 = AXIS2_PLACEMENT_3D('',#5448,#5449,#5450);
#5448 = CARTESIAN_POINT('',(-8.619999999988,3.625,15.));
#5449 = DIRECTION('',(-1.,0.,0.));
#5450 = DIRECTION('',(0.,-1.,0.));
#5451 = ADVANCED_FACE('',(#5452),#5470,.F.);
#5452 = FACE_BOUND('',#5453,.F.);
#5453 = EDGE_LOOP('',(#5454,#5455,#5463,#5469));
#5454 = ORIENTED_EDGE('',*,*,#5441,.T.);
#5455 = ORIENTED_EDGE('',*,*,#5456,.T.);
#5456 = EDGE_CURVE('',#5434,#5457,#5459,.T.);
#5457 = VERTEX_POINT('',#5458);
#5458 = CARTESIAN_POINT('',(-6.620000000012,-3.625,5.));
#5459 = LINE('',#5460,#5461);
#5460 = CARTESIAN_POINT('',(-8.619999999988,-3.625,5.));
#5461 = VECTOR('',#5462,1.);
#5462 = DIRECTION('',(1.,0.,0.));
#5463 = ORIENTED_EDGE('',*,*,#5464,.F.);
#5464 = EDGE_CURVE('',#3811,#5457,#5465,.T.);
#5465 = LINE('',#5466,#5467);
#5466 = CARTESIAN_POINT('',(-6.620000000012,-3.625,15.));
#5467 = VECTOR('',#5468,1.);
#5468 = DIRECTION('',(-0.,-0.,-1.));
#5469 = ORIENTED_EDGE('',*,*,#3818,.F.);
#5470 = PLANE('',#5471);
#5471 = AXIS2_PLACEMENT_3D('',#5472,#5473,#5474);
#5472 = CARTESIAN_POINT('',(-8.619999999988,-3.625,15.));
#5473 = DIRECTION('',(0.,-1.,0.));
#5474 = DIRECTION('',(1.,0.,0.));
#5475 = ADVANCED_FACE('',(#5476),#5502,.F.);
#5476 = FACE_BOUND('',#5477,.F.);
#5477 = EDGE_LOOP('',(#5478,#5479,#5480,#5488,#5496));
#5478 = ORIENTED_EDGE('',*,*,#3810,.F.);
#5479 = ORIENTED_EDGE('',*,*,#5464,.T.);
#5480 = ORIENTED_EDGE('',*,*,#5481,.T.);
#5481 = EDGE_CURVE('',#5457,#5482,#5484,.T.);
#5482 = VERTEX_POINT('',#5483);
#5483 = CARTESIAN_POINT('',(-6.620000000012,-1.,5.));
#5484 = LINE('',#5485,#5486);
#5485 = CARTESIAN_POINT('',(-6.620000000012,-3.625,5.));
#5486 = VECTOR('',#5487,1.);
#5487 = DIRECTION('',(0.,1.,0.));
#5488 = ORIENTED_EDGE('',*,*,#5489,.T.);
#5489 = EDGE_CURVE('',#5482,#5490,#5492,.T.);
#5490 = VERTEX_POINT('',#5491);
#5491 = CARTESIAN_POINT('',(-6.620000000012,-1.,14.));
#5492 = LINE('',#5493,#5494);
#5493 = CARTESIAN_POINT('',(-6.620000000012,-1.,15.));
#5494 = VECTOR('',#5495,1.);
#5495 = DIRECTION('',(0.,0.,1.));
#5496 = ORIENTED_EDGE('',*,*,#5497,.F.);
#5497 = EDGE_CURVE('',#3803,#5490,#5498,.T.);
#5498 = LINE('',#5499,#5500);
#5499 = CARTESIAN_POINT('',(-6.620000000012,-2.15625,15.15625));
#5500 = VECTOR('',#5501,1.);
#5501 = DIRECTION('',(0.,0.707106781187,-0.707106781187));
#5502 = PLANE('',#5503);
#5503 = AXIS2_PLACEMENT_3D('',#5504,#5505,#5506);
#5504 = CARTESIAN_POINT('',(-6.620000000012,-3.625,15.));
#5505 = DIRECTION('',(1.,0.,0.));
#5506 = DIRECTION('',(0.,1.,0.));
#5507 = ADVANCED_FACE('',(#5508),#5526,.F.);
#5508 = FACE_BOUND('',#5509,.T.);
#5509 = EDGE_LOOP('',(#5510,#5511,#5512,#5520));
#5510 = ORIENTED_EDGE('',*,*,#5497,.F.);
#5511 = ORIENTED_EDGE('',*,*,#3802,.T.);
#5512 = ORIENTED_EDGE('',*,*,#5513,.F.);
#5513 = EDGE_CURVE('',#5514,#3795,#5516,.T.);
#5514 = VERTEX_POINT('',#5515);
#5515 = CARTESIAN_POINT('',(-6.079999999985,-1.,14.));
#5516 = LINE('',#5517,#5518);
#5517 = CARTESIAN_POINT('',(-6.079999999985,-0.34375,13.34375));
#5518 = VECTOR('',#5519,1.);
#5519 = DIRECTION('',(0.,-0.707106781187,0.707106781187));
#5520 = ORIENTED_EDGE('',*,*,#5521,.F.);
#5521 = EDGE_CURVE('',#5490,#5514,#5522,.T.);
#5522 = LINE('',#5523,#5524);
#5523 = CARTESIAN_POINT('',(-33.25,-1.,14.));
#5524 = VECTOR('',#5525,1.);
#5525 = DIRECTION('',(1.,0.,0.));
#5526 = PLANE('',#5527);
#5527 = AXIS2_PLACEMENT_3D('',#5528,#5529,#5530);
#5528 = CARTESIAN_POINT('',(-33.25,-1.5,14.5));
#5529 = DIRECTION('',(0.,-0.707106781187,-0.707106781187));
#5530 = DIRECTION('',(-1.,-0.,-0.));
#5531 = ADVANCED_FACE('',(#5532),#5558,.F.);
#5532 = FACE_BOUND('',#5533,.F.);
#5533 = EDGE_LOOP('',(#5534,#5535,#5536,#5544,#5552));
#5534 = ORIENTED_EDGE('',*,*,#3794,.F.);
#5535 = ORIENTED_EDGE('',*,*,#5513,.F.);
#5536 = ORIENTED_EDGE('',*,*,#5537,.T.);
#5537 = EDGE_CURVE('',#5514,#5538,#5540,.T.);
#5538 = VERTEX_POINT('',#5539);
#5539 = CARTESIAN_POINT('',(-6.079999999985,-1.,5.));
#5540 = LINE('',#5541,#5542);
#5541 = CARTESIAN_POINT('',(-6.079999999985,-1.,15.));
#5542 = VECTOR('',#5543,1.);
#5543 = DIRECTION('',(-0.,-0.,-1.));
#5544 = ORIENTED_EDGE('',*,*,#5545,.T.);
#5545 = EDGE_CURVE('',#5538,#5546,#5548,.T.);
#5546 = VERTEX_POINT('',#5547);
#5547 = CARTESIAN_POINT('',(-6.079999999985,-3.625,5.));
#5548 = LINE('',#5549,#5550);
#5549 = CARTESIAN_POINT('',(-6.079999999985,3.625,5.));
#5550 = VECTOR('',#5551,1.);
#5551 = DIRECTION('',(0.,-1.,0.));
#5552 = ORIENTED_EDGE('',*,*,#5553,.F.);
#5553 = EDGE_CURVE('',#3787,#5546,#5554,.T.);
#5554 = LINE('',#5555,#5556);
#5555 = CARTESIAN_POINT('',(-6.079999999985,-3.625,15.));
#5556 = VECTOR('',#5557,1.);
#5557 = DIRECTION('',(-0.,-0.,-1.));
#5558 = PLANE('',#5559);
#5559 = AXIS2_PLACEMENT_3D('',#5560,#5561,#5562);
#5560 = CARTESIAN_POINT('',(-6.079999999985,3.625,15.));
#5561 = DIRECTION('',(-1.,0.,0.));
#5562 = DIRECTION('',(0.,-1.,0.));
#5563 = ADVANCED_FACE('',(#5564),#5582,.F.);
#5564 = FACE_BOUND('',#5565,.F.);
#5565 = EDGE_LOOP('',(#5566,#5567,#5575,#5581));
#5566 = ORIENTED_EDGE('',*,*,#5553,.T.);
#5567 = ORIENTED_EDGE('',*,*,#5568,.T.);
#5568 = EDGE_CURVE('',#5546,#5569,#5571,.T.);
#5569 = VERTEX_POINT('',#5570);
#5570 = CARTESIAN_POINT('',(-4.080000000015,-3.625,5.));
#5571 = LINE('',#5572,#5573);
#5572 = CARTESIAN_POINT('',(-6.079999999985,-3.625,5.));
#5573 = VECTOR('',#5574,1.);
#5574 = DIRECTION('',(1.,0.,0.));
#5575 = ORIENTED_EDGE('',*,*,#5576,.F.);
#5576 = EDGE_CURVE('',#3779,#5569,#5577,.T.);
#5577 = LINE('',#5578,#5579);
#5578 = CARTESIAN_POINT('',(-4.080000000015,-3.625,15.));
#5579 = VECTOR('',#5580,1.);
#5580 = DIRECTION('',(-0.,-0.,-1.));
#5581 = ORIENTED_EDGE('',*,*,#3786,.F.);
#5582 = PLANE('',#5583);
#5583 = AXIS2_PLACEMENT_3D('',#5584,#5585,#5586);
#5584 = CARTESIAN_POINT('',(-6.079999999985,-3.625,15.));
#5585 = DIRECTION('',(0.,-1.,0.));
#5586 = DIRECTION('',(1.,0.,0.));
#5587 = ADVANCED_FACE('',(#5588),#5614,.F.);
#5588 = FACE_BOUND('',#5589,.F.);
#5589 = EDGE_LOOP('',(#5590,#5591,#5592,#5600,#5608));
#5590 = ORIENTED_EDGE('',*,*,#3778,.F.);
#5591 = ORIENTED_EDGE('',*,*,#5576,.T.);
#5592 = ORIENTED_EDGE('',*,*,#5593,.T.);
#5593 = EDGE_CURVE('',#5569,#5594,#5596,.T.);
#5594 = VERTEX_POINT('',#5595);
#5595 = CARTESIAN_POINT('',(-4.080000000015,-1.,5.));
#5596 = LINE('',#5597,#5598);
#5597 = CARTESIAN_POINT('',(-4.080000000015,-3.625,5.));
#5598 = VECTOR('',#5599,1.);
#5599 = DIRECTION('',(0.,1.,0.));
#5600 = ORIENTED_EDGE('',*,*,#5601,.T.);
#5601 = EDGE_CURVE('',#5594,#5602,#5604,.T.);
#5602 = VERTEX_POINT('',#5603);
#5603 = CARTESIAN_POINT('',(-4.080000000015,-1.,14.));
#5604 = LINE('',#5605,#5606);
#5605 = CARTESIAN_POINT('',(-4.080000000015,-1.,15.));
#5606 = VECTOR('',#5607,1.);
#5607 = DIRECTION('',(0.,0.,1.));
#5608 = ORIENTED_EDGE('',*,*,#5609,.F.);
#5609 = EDGE_CURVE('',#3771,#5602,#5610,.T.);
#5610 = LINE('',#5611,#5612);
#5611 = CARTESIAN_POINT('',(-4.080000000015,-2.15625,15.15625));
#5612 = VECTOR('',#5613,1.);
#5613 = DIRECTION('',(0.,0.707106781187,-0.707106781187));
#5614 = PLANE('',#5615);
#5615 = AXIS2_PLACEMENT_3D('',#5616,#5617,#5618);
#5616 = CARTESIAN_POINT('',(-4.080000000015,-3.625,15.));
#5617 = DIRECTION('',(1.,0.,0.));
#5618 = DIRECTION('',(0.,1.,0.));
#5619 = ADVANCED_FACE('',(#5620),#5638,.F.);
#5620 = FACE_BOUND('',#5621,.T.);
#5621 = EDGE_LOOP('',(#5622,#5623,#5624,#5632));
#5622 = ORIENTED_EDGE('',*,*,#5609,.F.);
#5623 = ORIENTED_EDGE('',*,*,#3770,.T.);
#5624 = ORIENTED_EDGE('',*,*,#5625,.F.);
#5625 = EDGE_CURVE('',#5626,#3763,#5628,.T.);
#5626 = VERTEX_POINT('',#5627);
#5627 = CARTESIAN_POINT('',(-3.539999999983,-1.,14.));
#5628 = LINE('',#5629,#5630);
#5629 = CARTESIAN_POINT('',(-3.539999999983,-0.34375,13.34375));
#5630 = VECTOR('',#5631,1.);
#5631 = DIRECTION('',(0.,-0.707106781187,0.707106781187));
#5632 = ORIENTED_EDGE('',*,*,#5633,.F.);
#5633 = EDGE_CURVE('',#5602,#5626,#5634,.T.);
#5634 = LINE('',#5635,#5636);
#5635 = CARTESIAN_POINT('',(-33.25,-1.,14.));
#5636 = VECTOR('',#5637,1.);
#5637 = DIRECTION('',(1.,0.,0.));
#5638 = PLANE('',#5639);
#5639 = AXIS2_PLACEMENT_3D('',#5640,#5641,#5642);
#5640 = CARTESIAN_POINT('',(-33.25,-1.5,14.5));
#5641 = DIRECTION('',(0.,-0.707106781187,-0.707106781187));
#5642 = DIRECTION('',(-1.,-0.,-0.));
#5643 = ADVANCED_FACE('',(#5644),#5670,.F.);
#5644 = FACE_BOUND('',#5645,.F.);
#5645 = EDGE_LOOP('',(#5646,#5647,#5648,#5656,#5664));
#5646 = ORIENTED_EDGE('',*,*,#3762,.F.);
#5647 = ORIENTED_EDGE('',*,*,#5625,.F.);
#5648 = ORIENTED_EDGE('',*,*,#5649,.T.);
#5649 = EDGE_CURVE('',#5626,#5650,#5652,.T.);
#5650 = VERTEX_POINT('',#5651);
#5651 = CARTESIAN_POINT('',(-3.539999999983,-1.,5.));
#5652 = LINE('',#5653,#5654);
#5653 = CARTESIAN_POINT('',(-3.539999999983,-1.,15.));
#5654 = VECTOR('',#5655,1.);
#5655 = DIRECTION('',(-0.,-0.,-1.));
#5656 = ORIENTED_EDGE('',*,*,#5657,.T.);
#5657 = EDGE_CURVE('',#5650,#5658,#5660,.T.);
#5658 = VERTEX_POINT('',#5659);
#5659 = CARTESIAN_POINT('',(-3.539999999983,-3.625,5.));
#5660 = LINE('',#5661,#5662);
#5661 = CARTESIAN_POINT('',(-3.539999999983,3.625,5.));
#5662 = VECTOR('',#5663,1.);
#5663 = DIRECTION('',(0.,-1.,0.));
#5664 = ORIENTED_EDGE('',*,*,#5665,.F.);
#5665 = EDGE_CURVE('',#3755,#5658,#5666,.T.);
#5666 = LINE('',#5667,#5668);
#5667 = CARTESIAN_POINT('',(-3.539999999983,-3.625,15.));
#5668 = VECTOR('',#5669,1.);
#5669 = DIRECTION('',(-0.,-0.,-1.));
#5670 = PLANE('',#5671);
#5671 = AXIS2_PLACEMENT_3D('',#5672,#5673,#5674);
#5672 = CARTESIAN_POINT('',(-3.539999999983,3.625,15.));
#5673 = DIRECTION('',(-1.,0.,0.));
#5674 = DIRECTION('',(0.,-1.,0.));
#5675 = ADVANCED_FACE('',(#5676),#5694,.F.);
#5676 = FACE_BOUND('',#5677,.F.);
#5677 = EDGE_LOOP('',(#5678,#5679,#5687,#5693));
#5678 = ORIENTED_EDGE('',*,*,#5665,.T.);
#5679 = ORIENTED_EDGE('',*,*,#5680,.T.);
#5680 = EDGE_CURVE('',#5658,#5681,#5683,.T.);
#5681 = VERTEX_POINT('',#5682);
#5682 = CARTESIAN_POINT('',(-1.540000000017,-3.625,5.));
#5683 = LINE('',#5684,#5685);
#5684 = CARTESIAN_POINT('',(-3.539999999983,-3.625,5.));
#5685 = VECTOR('',#5686,1.);
#5686 = DIRECTION('',(1.,0.,0.));
#5687 = ORIENTED_EDGE('',*,*,#5688,.F.);
#5688 = EDGE_CURVE('',#3747,#5681,#5689,.T.);
#5689 = LINE('',#5690,#5691);
#5690 = CARTESIAN_POINT('',(-1.540000000017,-3.625,15.));
#5691 = VECTOR('',#5692,1.);
#5692 = DIRECTION('',(-0.,-0.,-1.));
#5693 = ORIENTED_EDGE('',*,*,#3754,.F.);
#5694 = PLANE('',#5695);
#5695 = AXIS2_PLACEMENT_3D('',#5696,#5697,#5698);
#5696 = CARTESIAN_POINT('',(-3.539999999983,-3.625,15.));
#5697 = DIRECTION('',(0.,-1.,0.));
#5698 = DIRECTION('',(1.,0.,0.));
#5699 = ADVANCED_FACE('',(#5700),#5726,.F.);
#5700 = FACE_BOUND('',#5701,.F.);
#5701 = EDGE_LOOP('',(#5702,#5703,#5704,#5712,#5720));
#5702 = ORIENTED_EDGE('',*,*,#3746,.F.);
#5703 = ORIENTED_EDGE('',*,*,#5688,.T.);
#5704 = ORIENTED_EDGE('',*,*,#5705,.T.);
#5705 = EDGE_CURVE('',#5681,#5706,#5708,.T.);
#5706 = VERTEX_POINT('',#5707);
#5707 = CARTESIAN_POINT('',(-1.540000000017,-1.,5.));
#5708 = LINE('',#5709,#5710);
#5709 = CARTESIAN_POINT('',(-1.540000000017,-3.625,5.));
#5710 = VECTOR('',#5711,1.);
#5711 = DIRECTION('',(0.,1.,0.));
#5712 = ORIENTED_EDGE('',*,*,#5713,.T.);
#5713 = EDGE_CURVE('',#5706,#5714,#5716,.T.);
#5714 = VERTEX_POINT('',#5715);
#5715 = CARTESIAN_POINT('',(-1.540000000017,-1.,14.));
#5716 = LINE('',#5717,#5718);
#5717 = CARTESIAN_POINT('',(-1.540000000017,-1.,15.));
#5718 = VECTOR('',#5719,1.);
#5719 = DIRECTION('',(0.,0.,1.));
#5720 = ORIENTED_EDGE('',*,*,#5721,.F.);
#5721 = EDGE_CURVE('',#3739,#5714,#5722,.T.);
#5722 = LINE('',#5723,#5724);
#5723 = CARTESIAN_POINT('',(-1.540000000017,-2.15625,15.15625));
#5724 = VECTOR('',#5725,1.);
#5725 = DIRECTION('',(0.,0.707106781187,-0.707106781187));
#5726 = PLANE('',#5727);
#5727 = AXIS2_PLACEMENT_3D('',#5728,#5729,#5730);
#5728 = CARTESIAN_POINT('',(-1.540000000017,-3.625,15.));
#5729 = DIRECTION('',(1.,0.,0.));
#5730 = DIRECTION('',(0.,1.,0.));
#5731 = ADVANCED_FACE('',(#5732),#5750,.F.);
#5732 = FACE_BOUND('',#5733,.T.);
#5733 = EDGE_LOOP('',(#5734,#5735,#5736,#5744));
#5734 = ORIENTED_EDGE('',*,*,#5721,.F.);
#5735 = ORIENTED_EDGE('',*,*,#3738,.T.);
#5736 = ORIENTED_EDGE('',*,*,#5737,.F.);
#5737 = EDGE_CURVE('',#5738,#3731,#5740,.T.);
#5738 = VERTEX_POINT('',#5739);
#5739 = CARTESIAN_POINT('',(-1.,-1.,14.));
#5740 = LINE('',#5741,#5742);
#5741 = CARTESIAN_POINT('',(-1.,-0.34375,13.34375));
#5742 = VECTOR('',#5743,1.);
#5743 = DIRECTION('',(0.,-0.707106781187,0.707106781187));
#5744 = ORIENTED_EDGE('',*,*,#5745,.F.);
#5745 = EDGE_CURVE('',#5714,#5738,#5746,.T.);
#5746 = LINE('',#5747,#5748);
#5747 = CARTESIAN_POINT('',(-33.25,-1.,14.));
#5748 = VECTOR('',#5749,1.);
#5749 = DIRECTION('',(1.,0.,0.));
#5750 = PLANE('',#5751);
#5751 = AXIS2_PLACEMENT_3D('',#5752,#5753,#5754);
#5752 = CARTESIAN_POINT('',(-33.25,-1.5,14.5));
#5753 = DIRECTION('',(0.,-0.707106781187,-0.707106781187));
#5754 = DIRECTION('',(-1.,-0.,-0.));
#5755 = ADVANCED_FACE('',(#5756),#5782,.F.);
#5756 = FACE_BOUND('',#5757,.F.);
#5757 = EDGE_LOOP('',(#5758,#5759,#5760,#5768,#5776));
#5758 = ORIENTED_EDGE('',*,*,#3730,.F.);
#5759 = ORIENTED_EDGE('',*,*,#5737,.F.);
#5760 = ORIENTED_EDGE('',*,*,#5761,.T.);
#5761 = EDGE_CURVE('',#5738,#5762,#5764,.T.);
#5762 = VERTEX_POINT('',#5763);
#5763 = CARTESIAN_POINT('',(-1.,-1.,5.));
#5764 = LINE('',#5765,#5766);
#5765 = CARTESIAN_POINT('',(-1.,-1.,15.));
#5766 = VECTOR('',#5767,1.);
#5767 = DIRECTION('',(-0.,-0.,-1.));
#5768 = ORIENTED_EDGE('',*,*,#5769,.T.);
#5769 = EDGE_CURVE('',#5762,#5770,#5772,.T.);
#5770 = VERTEX_POINT('',#5771);
#5771 = CARTESIAN_POINT('',(-1.,-3.625,5.));
#5772 = LINE('',#5773,#5774);
#5773 = CARTESIAN_POINT('',(-1.,3.625,5.));
#5774 = VECTOR('',#5775,1.);
#5775 = DIRECTION('',(0.,-1.,0.));
#5776 = ORIENTED_EDGE('',*,*,#5777,.F.);
#5777 = EDGE_CURVE('',#3723,#5770,#5778,.T.);
#5778 = LINE('',#5779,#5780);
#5779 = CARTESIAN_POINT('',(-1.,-3.625,15.));
#5780 = VECTOR('',#5781,1.);
#5781 = DIRECTION('',(-0.,-0.,-1.));
#5782 = PLANE('',#5783);
#5783 = AXIS2_PLACEMENT_3D('',#5784,#5785,#5786);
#5784 = CARTESIAN_POINT('',(-1.,3.625,15.));
#5785 = DIRECTION('',(-1.,0.,0.));
#5786 = DIRECTION('',(0.,-1.,0.));
#5787 = ADVANCED_FACE('',(#5788),#5806,.F.);
#5788 = FACE_BOUND('',#5789,.F.);
#5789 = EDGE_LOOP('',(#5790,#5791,#5799,#5805));
#5790 = ORIENTED_EDGE('',*,*,#5777,.T.);
#5791 = ORIENTED_EDGE('',*,*,#5792,.T.);
#5792 = EDGE_CURVE('',#5770,#5793,#5795,.T.);
#5793 = VERTEX_POINT('',#5794);
#5794 = CARTESIAN_POINT('',(1.,-3.625,5.));
#5795 = LINE('',#5796,#5797);
#5796 = CARTESIAN_POINT('',(-1.,-3.625,5.));
#5797 = VECTOR('',#5798,1.);
#5798 = DIRECTION('',(1.,0.,0.));
#5799 = ORIENTED_EDGE('',*,*,#5800,.F.);
#5800 = EDGE_CURVE('',#3715,#5793,#5801,.T.);
#5801 = LINE('',#5802,#5803);
#5802 = CARTESIAN_POINT('',(1.,-3.625,15.));
#5803 = VECTOR('',#5804,1.);
#5804 = DIRECTION('',(-0.,-0.,-1.));
#5805 = ORIENTED_EDGE('',*,*,#3722,.F.);
#5806 = PLANE('',#5807);
#5807 = AXIS2_PLACEMENT_3D('',#5808,#5809,#5810);
#5808 = CARTESIAN_POINT('',(-1.,-3.625,15.));
#5809 = DIRECTION('',(0.,-1.,0.));
#5810 = DIRECTION('',(1.,0.,0.));
#5811 = ADVANCED_FACE('',(#5812),#5838,.F.);
#5812 = FACE_BOUND('',#5813,.F.);
#5813 = EDGE_LOOP('',(#5814,#5815,#5816,#5824,#5832));
#5814 = ORIENTED_EDGE('',*,*,#3714,.F.);
#5815 = ORIENTED_EDGE('',*,*,#5800,.T.);
#5816 = ORIENTED_EDGE('',*,*,#5817,.T.);
#5817 = EDGE_CURVE('',#5793,#5818,#5820,.T.);
#5818 = VERTEX_POINT('',#5819);
#5819 = CARTESIAN_POINT('',(1.,-1.,5.));
#5820 = LINE('',#5821,#5822);
#5821 = CARTESIAN_POINT('',(1.,-3.625,5.));
#5822 = VECTOR('',#5823,1.);
#5823 = DIRECTION('',(0.,1.,0.));
#5824 = ORIENTED_EDGE('',*,*,#5825,.T.);
#5825 = EDGE_CURVE('',#5818,#5826,#5828,.T.);
#5826 = VERTEX_POINT('',#5827);
#5827 = CARTESIAN_POINT('',(1.,-1.,14.));
#5828 = LINE('',#5829,#5830);
#5829 = CARTESIAN_POINT('',(1.,-1.,15.));
#5830 = VECTOR('',#5831,1.);
#5831 = DIRECTION('',(0.,0.,1.));
#5832 = ORIENTED_EDGE('',*,*,#5833,.F.);
#5833 = EDGE_CURVE('',#3707,#5826,#5834,.T.);
#5834 = LINE('',#5835,#5836);
#5835 = CARTESIAN_POINT('',(1.,-2.15625,15.15625));
#5836 = VECTOR('',#5837,1.);
#5837 = DIRECTION('',(0.,0.707106781187,-0.707106781187));
#5838 = PLANE('',#5839);
#5839 = AXIS2_PLACEMENT_3D('',#5840,#5841,#5842);
#5840 = CARTESIAN_POINT('',(1.,-3.625,15.));
#5841 = DIRECTION('',(1.,0.,0.));
#5842 = DIRECTION('',(0.,1.,0.));
#5843 = ADVANCED_FACE('',(#5844),#5862,.F.);
#5844 = FACE_BOUND('',#5845,.T.);
#5845 = EDGE_LOOP('',(#5846,#5847,#5848,#5856));
#5846 = ORIENTED_EDGE('',*,*,#5833,.F.);
#5847 = ORIENTED_EDGE('',*,*,#3706,.T.);
#5848 = ORIENTED_EDGE('',*,*,#5849,.F.);
#5849 = EDGE_CURVE('',#5850,#3699,#5852,.T.);
#5850 = VERTEX_POINT('',#5851);
#5851 = CARTESIAN_POINT('',(1.54,-1.,14.));
#5852 = LINE('',#5853,#5854);
#5853 = CARTESIAN_POINT('',(1.54,-0.34375,13.34375));
#5854 = VECTOR('',#5855,1.);
#5855 = DIRECTION('',(0.,-0.707106781187,0.707106781187));
#5856 = ORIENTED_EDGE('',*,*,#5857,.F.);
#5857 = EDGE_CURVE('',#5826,#5850,#5858,.T.);
#5858 = LINE('',#5859,#5860);
#5859 = CARTESIAN_POINT('',(-33.25,-1.,14.));
#5860 = VECTOR('',#5861,1.);
#5861 = DIRECTION('',(1.,0.,0.));
#5862 = PLANE('',#5863);
#5863 = AXIS2_PLACEMENT_3D('',#5864,#5865,#5866);
#5864 = CARTESIAN_POINT('',(-33.25,-1.5,14.5));
#5865 = DIRECTION('',(0.,-0.707106781187,-0.707106781187));
#5866 = DIRECTION('',(-1.,-0.,-0.));
#5867 = ADVANCED_FACE('',(#5868),#5894,.F.);
#5868 = FACE_BOUND('',#5869,.F.);
#5869 = EDGE_LOOP('',(#5870,#5871,#5872,#5880,#5888));
#5870 = ORIENTED_EDGE('',*,*,#3698,.F.);
#5871 = ORIENTED_EDGE('',*,*,#5849,.F.);
#5872 = ORIENTED_EDGE('',*,*,#5873,.T.);
#5873 = EDGE_CURVE('',#5850,#5874,#5876,.T.);
#5874 = VERTEX_POINT('',#5875);
#5875 = CARTESIAN_POINT('',(1.54,-1.,5.));
#5876 = LINE('',#5877,#5878);
#5877 = CARTESIAN_POINT('',(1.54,-1.,15.));
#5878 = VECTOR('',#5879,1.);
#5879 = DIRECTION('',(-0.,-0.,-1.));
#5880 = ORIENTED_EDGE('',*,*,#5881,.T.);
#5881 = EDGE_CURVE('',#5874,#5882,#5884,.T.);
#5882 = VERTEX_POINT('',#5883);
#5883 = CARTESIAN_POINT('',(1.54,-3.625,5.));
#5884 = LINE('',#5885,#5886);
#5885 = CARTESIAN_POINT('',(1.54,3.625,5.));
#5886 = VECTOR('',#5887,1.);
#5887 = DIRECTION('',(0.,-1.,0.));
#5888 = ORIENTED_EDGE('',*,*,#5889,.F.);
#5889 = EDGE_CURVE('',#3691,#5882,#5890,.T.);
#5890 = LINE('',#5891,#5892);
#5891 = CARTESIAN_POINT('',(1.54,-3.625,15.));
#5892 = VECTOR('',#5893,1.);
#5893 = DIRECTION('',(-0.,-0.,-1.));
#5894 = PLANE('',#5895);
#5895 = AXIS2_PLACEMENT_3D('',#5896,#5897,#5898);
#5896 = CARTESIAN_POINT('',(1.54,3.625,15.));
#5897 = DIRECTION('',(-1.,0.,0.));
#5898 = DIRECTION('',(0.,-1.,0.));
#5899 = ADVANCED_FACE('',(#5900),#5918,.F.);
#5900 = FACE_BOUND('',#5901,.F.);
#5901 = EDGE_LOOP('',(#5902,#5903,#5911,#5917));
#5902 = ORIENTED_EDGE('',*,*,#5889,.T.);
#5903 = ORIENTED_EDGE('',*,*,#5904,.T.);
#5904 = EDGE_CURVE('',#5882,#5905,#5907,.T.);
#5905 = VERTEX_POINT('',#5906);
#5906 = CARTESIAN_POINT('',(3.54,-3.625,5.));
#5907 = LINE('',#5908,#5909);
#5908 = CARTESIAN_POINT('',(1.54,-3.625,5.));
#5909 = VECTOR('',#5910,1.);
#5910 = DIRECTION('',(1.,0.,0.));
#5911 = ORIENTED_EDGE('',*,*,#5912,.F.);
#5912 = EDGE_CURVE('',#3683,#5905,#5913,.T.);
#5913 = LINE('',#5914,#5915);
#5914 = CARTESIAN_POINT('',(3.54,-3.625,15.));
#5915 = VECTOR('',#5916,1.);
#5916 = DIRECTION('',(-0.,-0.,-1.));
#5917 = ORIENTED_EDGE('',*,*,#3690,.F.);
#5918 = PLANE('',#5919);
#5919 = AXIS2_PLACEMENT_3D('',#5920,#5921,#5922);
#5920 = CARTESIAN_POINT('',(1.54,-3.625,15.));
#5921 = DIRECTION('',(0.,-1.,0.));
#5922 = DIRECTION('',(1.,0.,0.));
#5923 = ADVANCED_FACE('',(#5924),#5950,.F.);
#5924 = FACE_BOUND('',#5925,.F.);
#5925 = EDGE_LOOP('',(#5926,#5927,#5928,#5936,#5944));
#5926 = ORIENTED_EDGE('',*,*,#3682,.F.);
#5927 = ORIENTED_EDGE('',*,*,#5912,.T.);
#5928 = ORIENTED_EDGE('',*,*,#5929,.T.);
#5929 = EDGE_CURVE('',#5905,#5930,#5932,.T.);
#5930 = VERTEX_POINT('',#5931);
#5931 = CARTESIAN_POINT('',(3.54,-1.,5.));
#5932 = LINE('',#5933,#5934);
#5933 = CARTESIAN_POINT('',(3.54,-3.625,5.));
#5934 = VECTOR('',#5935,1.);
#5935 = DIRECTION('',(0.,1.,0.));
#5936 = ORIENTED_EDGE('',*,*,#5937,.T.);
#5937 = EDGE_CURVE('',#5930,#5938,#5940,.T.);
#5938 = VERTEX_POINT('',#5939);
#5939 = CARTESIAN_POINT('',(3.54,-1.,14.));
#5940 = LINE('',#5941,#5942);
#5941 = CARTESIAN_POINT('',(3.54,-1.,15.));
#5942 = VECTOR('',#5943,1.);
#5943 = DIRECTION('',(0.,0.,1.));
#5944 = ORIENTED_EDGE('',*,*,#5945,.F.);
#5945 = EDGE_CURVE('',#3675,#5938,#5946,.T.);
#5946 = LINE('',#5947,#5948);
#5947 = CARTESIAN_POINT('',(3.54,-2.15625,15.15625));
#5948 = VECTOR('',#5949,1.);
#5949 = DIRECTION('',(0.,0.707106781187,-0.707106781187));
#5950 = PLANE('',#5951);
#5951 = AXIS2_PLACEMENT_3D('',#5952,#5953,#5954);
#5952 = CARTESIAN_POINT('',(3.54,-3.625,15.));
#5953 = DIRECTION('',(1.,0.,0.));
#5954 = DIRECTION('',(0.,1.,0.));
#5955 = ADVANCED_FACE('',(#5956),#5974,.F.);
#5956 = FACE_BOUND('',#5957,.T.);
#5957 = EDGE_LOOP('',(#5958,#5959,#5960,#5968));
#5958 = ORIENTED_EDGE('',*,*,#5945,.F.);
#5959 = ORIENTED_EDGE('',*,*,#3674,.T.);
#5960 = ORIENTED_EDGE('',*,*,#5961,.F.);
#5961 = EDGE_CURVE('',#5962,#3667,#5964,.T.);
#5962 = VERTEX_POINT('',#5963);
#5963 = CARTESIAN_POINT('',(4.079999999999,-1.,14.));
#5964 = LINE('',#5965,#5966);
#5965 = CARTESIAN_POINT('',(4.079999999999,-0.34375,13.34375));
#5966 = VECTOR('',#5967,1.);
#5967 = DIRECTION('',(0.,-0.707106781187,0.707106781187));
#5968 = ORIENTED_EDGE('',*,*,#5969,.F.);
#5969 = EDGE_CURVE('',#5938,#5962,#5970,.T.);
#5970 = LINE('',#5971,#5972);
#5971 = CARTESIAN_POINT('',(-33.25,-1.,14.));
#5972 = VECTOR('',#5973,1.);
#5973 = DIRECTION('',(1.,0.,0.));
#5974 = PLANE('',#5975);
#5975 = AXIS2_PLACEMENT_3D('',#5976,#5977,#5978);
#5976 = CARTESIAN_POINT('',(-33.25,-1.5,14.5));
#5977 = DIRECTION('',(0.,-0.707106781187,-0.707106781187));
#5978 = DIRECTION('',(-1.,-0.,-0.));
#5979 = ADVANCED_FACE('',(#5980),#6006,.F.);
#5980 = FACE_BOUND('',#5981,.F.);
#5981 = EDGE_LOOP('',(#5982,#5983,#5984,#5992,#6000));
#5982 = ORIENTED_EDGE('',*,*,#3666,.F.);
#5983 = ORIENTED_EDGE('',*,*,#5961,.F.);
#5984 = ORIENTED_EDGE('',*,*,#5985,.T.);
#5985 = EDGE_CURVE('',#5962,#5986,#5988,.T.);
#5986 = VERTEX_POINT('',#5987);
#5987 = CARTESIAN_POINT('',(4.079999999999,-1.,5.));
#5988 = LINE('',#5989,#5990);
#5989 = CARTESIAN_POINT('',(4.079999999999,-1.,15.));
#5990 = VECTOR('',#5991,1.);
#5991 = DIRECTION('',(-0.,-0.,-1.));
#5992 = ORIENTED_EDGE('',*,*,#5993,.T.);
#5993 = EDGE_CURVE('',#5986,#5994,#5996,.T.);
#5994 = VERTEX_POINT('',#5995);
#5995 = CARTESIAN_POINT('',(4.079999999999,-3.625,5.));
#5996 = LINE('',#5997,#5998);
#5997 = CARTESIAN_POINT('',(4.079999999999,3.625,5.));
#5998 = VECTOR('',#5999,1.);
#5999 = DIRECTION('',(0.,-1.,0.));
#6000 = ORIENTED_EDGE('',*,*,#6001,.F.);
#6001 = EDGE_CURVE('',#3659,#5994,#6002,.T.);
#6002 = LINE('',#6003,#6004);
#6003 = CARTESIAN_POINT('',(4.079999999999,-3.625,15.));
#6004 = VECTOR('',#6005,1.);
#6005 = DIRECTION('',(-0.,-0.,-1.));
#6006 = PLANE('',#6007);
#6007 = AXIS2_PLACEMENT_3D('',#6008,#6009,#6010);
#6008 = CARTESIAN_POINT('',(4.079999999999,3.625,15.));
#6009 = DIRECTION('',(-1.,0.,0.));
#6010 = DIRECTION('',(0.,-1.,0.));
#6011 = ADVANCED_FACE('',(#6012),#6030,.F.);
#6012 = FACE_BOUND('',#6013,.F.);
#6013 = EDGE_LOOP('',(#6014,#6015,#6023,#6029));
#6014 = ORIENTED_EDGE('',*,*,#6001,.T.);
#6015 = ORIENTED_EDGE('',*,*,#6016,.T.);
#6016 = EDGE_CURVE('',#5994,#6017,#6019,.T.);
#6017 = VERTEX_POINT('',#6018);
#6018 = CARTESIAN_POINT('',(6.080000000001,-3.625,5.));
#6019 = LINE('',#6020,#6021);
#6020 = CARTESIAN_POINT('',(4.079999999999,-3.625,5.));
#6021 = VECTOR('',#6022,1.);
#6022 = DIRECTION('',(1.,0.,0.));
#6023 = ORIENTED_EDGE('',*,*,#6024,.F.);
#6024 = EDGE_CURVE('',#3651,#6017,#6025,.T.);
#6025 = LINE('',#6026,#6027);
#6026 = CARTESIAN_POINT('',(6.080000000001,-3.625,15.));
#6027 = VECTOR('',#6028,1.);
#6028 = DIRECTION('',(-0.,-0.,-1.));
#6029 = ORIENTED_EDGE('',*,*,#3658,.F.);
#6030 = PLANE('',#6031);
#6031 = AXIS2_PLACEMENT_3D('',#6032,#6033,#6034);
#6032 = CARTESIAN_POINT('',(4.079999999999,-3.625,15.));
#6033 = DIRECTION('',(0.,-1.,0.));
#6034 = DIRECTION('',(1.,0.,0.));
#6035 = ADVANCED_FACE('',(#6036),#6062,.F.);
#6036 = FACE_BOUND('',#6037,.F.);
#6037 = EDGE_LOOP('',(#6038,#6039,#6040,#6048,#6056));
#6038 = ORIENTED_EDGE('',*,*,#3650,.F.);
#6039 = ORIENTED_EDGE('',*,*,#6024,.T.);
#6040 = ORIENTED_EDGE('',*,*,#6041,.T.);
#6041 = EDGE_CURVE('',#6017,#6042,#6044,.T.);
#6042 = VERTEX_POINT('',#6043);
#6043 = CARTESIAN_POINT('',(6.080000000001,-1.,5.));
#6044 = LINE('',#6045,#6046);
#6045 = CARTESIAN_POINT('',(6.080000000001,-3.625,5.));
#6046 = VECTOR('',#6047,1.);
#6047 = DIRECTION('',(0.,1.,0.));
#6048 = ORIENTED_EDGE('',*,*,#6049,.T.);
#6049 = EDGE_CURVE('',#6042,#6050,#6052,.T.);
#6050 = VERTEX_POINT('',#6051);
#6051 = CARTESIAN_POINT('',(6.080000000001,-1.,14.));
#6052 = LINE('',#6053,#6054);
#6053 = CARTESIAN_POINT('',(6.080000000001,-1.,15.));
#6054 = VECTOR('',#6055,1.);
#6055 = DIRECTION('',(0.,0.,1.));
#6056 = ORIENTED_EDGE('',*,*,#6057,.F.);
#6057 = EDGE_CURVE('',#3643,#6050,#6058,.T.);
#6058 = LINE('',#6059,#6060);
#6059 = CARTESIAN_POINT('',(6.080000000001,-2.15625,15.15625));
#6060 = VECTOR('',#6061,1.);
#6061 = DIRECTION('',(0.,0.707106781187,-0.707106781187));
#6062 = PLANE('',#6063);
#6063 = AXIS2_PLACEMENT_3D('',#6064,#6065,#6066);
#6064 = CARTESIAN_POINT('',(6.080000000001,-3.625,15.));
#6065 = DIRECTION('',(1.,0.,0.));
#6066 = DIRECTION('',(0.,1.,0.));
#6067 = ADVANCED_FACE('',(#6068),#6086,.F.);
#6068 = FACE_BOUND('',#6069,.T.);
#6069 = EDGE_LOOP('',(#6070,#6071,#6072,#6080));
#6070 = ORIENTED_EDGE('',*,*,#6057,.F.);
#6071 = ORIENTED_EDGE('',*,*,#3642,.T.);
#6072 = ORIENTED_EDGE('',*,*,#6073,.F.);
#6073 = EDGE_CURVE('',#6074,#3635,#6076,.T.);
#6074 = VERTEX_POINT('',#6075);
#6075 = CARTESIAN_POINT('',(6.619999999999,-1.,14.));
#6076 = LINE('',#6077,#6078);
#6077 = CARTESIAN_POINT('',(6.619999999999,-0.34375,13.34375));
#6078 = VECTOR('',#6079,1.);
#6079 = DIRECTION('',(0.,-0.707106781187,0.707106781187));
#6080 = ORIENTED_EDGE('',*,*,#6081,.F.);
#6081 = EDGE_CURVE('',#6050,#6074,#6082,.T.);
#6082 = LINE('',#6083,#6084);
#6083 = CARTESIAN_POINT('',(-33.25,-1.,14.));
#6084 = VECTOR('',#6085,1.);
#6085 = DIRECTION('',(1.,0.,0.));
#6086 = PLANE('',#6087);
#6087 = AXIS2_PLACEMENT_3D('',#6088,#6089,#6090);
#6088 = CARTESIAN_POINT('',(-33.25,-1.5,14.5));
#6089 = DIRECTION('',(0.,-0.707106781187,-0.707106781187));
#6090 = DIRECTION('',(-1.,-0.,-0.));
#6091 = ADVANCED_FACE('',(#6092),#6118,.F.);
#6092 = FACE_BOUND('',#6093,.F.);
#6093 = EDGE_LOOP('',(#6094,#6095,#6096,#6104,#6112));
#6094 = ORIENTED_EDGE('',*,*,#3634,.F.);
#6095 = ORIENTED_EDGE('',*,*,#6073,.F.);
#6096 = ORIENTED_EDGE('',*,*,#6097,.T.);
#6097 = EDGE_CURVE('',#6074,#6098,#6100,.T.);
#6098 = VERTEX_POINT('',#6099);
#6099 = CARTESIAN_POINT('',(6.619999999999,-1.,5.));
#6100 = LINE('',#6101,#6102);
#6101 = CARTESIAN_POINT('',(6.619999999999,-1.,15.));
#6102 = VECTOR('',#6103,1.);
#6103 = DIRECTION('',(-0.,-0.,-1.));
#6104 = ORIENTED_EDGE('',*,*,#6105,.T.);
#6105 = EDGE_CURVE('',#6098,#6106,#6108,.T.);
#6106 = VERTEX_POINT('',#6107);
#6107 = CARTESIAN_POINT('',(6.619999999999,-3.625,5.));
#6108 = LINE('',#6109,#6110);
#6109 = CARTESIAN_POINT('',(6.619999999999,3.625,5.));
#6110 = VECTOR('',#6111,1.);
#6111 = DIRECTION('',(0.,-1.,0.));
#6112 = ORIENTED_EDGE('',*,*,#6113,.F.);
#6113 = EDGE_CURVE('',#3627,#6106,#6114,.T.);
#6114 = LINE('',#6115,#6116);
#6115 = CARTESIAN_POINT('',(6.619999999999,-3.625,15.));
#6116 = VECTOR('',#6117,1.);
#6117 = DIRECTION('',(-0.,-0.,-1.));
#6118 = PLANE('',#6119);
#6119 = AXIS2_PLACEMENT_3D('',#6120,#6121,#6122);
#6120 = CARTESIAN_POINT('',(6.619999999999,3.625,15.));
#6121 = DIRECTION('',(-1.,0.,0.));
#6122 = DIRECTION('',(0.,-1.,0.));
#6123 = ADVANCED_FACE('',(#6124),#6142,.F.);
#6124 = FACE_BOUND('',#6125,.F.);
#6125 = EDGE_LOOP('',(#6126,#6127,#6135,#6141));
#6126 = ORIENTED_EDGE('',*,*,#6113,.T.);
#6127 = ORIENTED_EDGE('',*,*,#6128,.T.);
#6128 = EDGE_CURVE('',#6106,#6129,#6131,.T.);
#6129 = VERTEX_POINT('',#6130);
#6130 = CARTESIAN_POINT('',(8.620000000001,-3.625,5.));
#6131 = LINE('',#6132,#6133);
#6132 = CARTESIAN_POINT('',(6.619999999999,-3.625,5.));
#6133 = VECTOR('',#6134,1.);
#6134 = DIRECTION('',(1.,0.,0.));
#6135 = ORIENTED_EDGE('',*,*,#6136,.F.);
#6136 = EDGE_CURVE('',#3619,#6129,#6137,.T.);
#6137 = LINE('',#6138,#6139);
#6138 = CARTESIAN_POINT('',(8.620000000001,-3.625,15.));
#6139 = VECTOR('',#6140,1.);
#6140 = DIRECTION('',(-0.,-0.,-1.));
#6141 = ORIENTED_EDGE('',*,*,#3626,.F.);
#6142 = PLANE('',#6143);
#6143 = AXIS2_PLACEMENT_3D('',#6144,#6145,#6146);
#6144 = CARTESIAN_POINT('',(6.619999999999,-3.625,15.));
#6145 = DIRECTION('',(0.,-1.,0.));
#6146 = DIRECTION('',(1.,0.,0.));
#6147 = ADVANCED_FACE('',(#6148),#6174,.F.);
#6148 = FACE_BOUND('',#6149,.F.);
#6149 = EDGE_LOOP('',(#6150,#6151,#6152,#6160,#6168));
#6150 = ORIENTED_EDGE('',*,*,#3618,.F.);
#6151 = ORIENTED_EDGE('',*,*,#6136,.T.);
#6152 = ORIENTED_EDGE('',*,*,#6153,.T.);
#6153 = EDGE_CURVE('',#6129,#6154,#6156,.T.);
#6154 = VERTEX_POINT('',#6155);
#6155 = CARTESIAN_POINT('',(8.620000000001,-1.,5.));
#6156 = LINE('',#6157,#6158);
#6157 = CARTESIAN_POINT('',(8.620000000001,-3.625,5.));
#6158 = VECTOR('',#6159,1.);
#6159 = DIRECTION('',(0.,1.,0.));
#6160 = ORIENTED_EDGE('',*,*,#6161,.T.);
#6161 = EDGE_CURVE('',#6154,#6162,#6164,.T.);
#6162 = VERTEX_POINT('',#6163);
#6163 = CARTESIAN_POINT('',(8.620000000001,-1.,14.));
#6164 = LINE('',#6165,#6166);
#6165 = CARTESIAN_POINT('',(8.620000000001,-1.,15.));
#6166 = VECTOR('',#6167,1.);
#6167 = DIRECTION('',(0.,0.,1.));
#6168 = ORIENTED_EDGE('',*,*,#6169,.F.);
#6169 = EDGE_CURVE('',#3611,#6162,#6170,.T.);
#6170 = LINE('',#6171,#6172);
#6171 = CARTESIAN_POINT('',(8.620000000001,-2.15625,15.15625));
#6172 = VECTOR('',#6173,1.);
#6173 = DIRECTION('',(0.,0.707106781187,-0.707106781187));
#6174 = PLANE('',#6175);
#6175 = AXIS2_PLACEMENT_3D('',#6176,#6177,#6178);
#6176 = CARTESIAN_POINT('',(8.620000000001,-3.625,15.));
#6177 = DIRECTION('',(1.,0.,0.));
#6178 = DIRECTION('',(0.,1.,0.));
#6179 = ADVANCED_FACE('',(#6180),#6198,.F.);
#6180 = FACE_BOUND('',#6181,.T.);
#6181 = EDGE_LOOP('',(#6182,#6183,#6184,#6192));
#6182 = ORIENTED_EDGE('',*,*,#6169,.F.);
#6183 = ORIENTED_EDGE('',*,*,#3610,.T.);
#6184 = ORIENTED_EDGE('',*,*,#6185,.F.);
#6185 = EDGE_CURVE('',#6186,#3603,#6188,.T.);
#6186 = VERTEX_POINT('',#6187);
#6187 = CARTESIAN_POINT('',(9.159999999999,-1.,14.));
#6188 = LINE('',#6189,#6190);
#6189 = CARTESIAN_POINT('',(9.159999999999,-0.34375,13.34375));
#6190 = VECTOR('',#6191,1.);
#6191 = DIRECTION('',(0.,-0.707106781187,0.707106781187));
#6192 = ORIENTED_EDGE('',*,*,#6193,.F.);
#6193 = EDGE_CURVE('',#6162,#6186,#6194,.T.);
#6194 = LINE('',#6195,#6196);
#6195 = CARTESIAN_POINT('',(-33.25,-1.,14.));
#6196 = VECTOR('',#6197,1.);
#6197 = DIRECTION('',(1.,0.,0.));
#6198 = PLANE('',#6199);
#6199 = AXIS2_PLACEMENT_3D('',#6200,#6201,#6202);
#6200 = CARTESIAN_POINT('',(-33.25,-1.5,14.5));
#6201 = DIRECTION('',(0.,-0.707106781187,-0.707106781187));
#6202 = DIRECTION('',(-1.,-0.,-0.));
#6203 = ADVANCED_FACE('',(#6204),#6230,.F.);
#6204 = FACE_BOUND('',#6205,.F.);
#6205 = EDGE_LOOP('',(#6206,#6207,#6208,#6216,#6224));
#6206 = ORIENTED_EDGE('',*,*,#3602,.F.);
#6207 = ORIENTED_EDGE('',*,*,#6185,.F.);
#6208 = ORIENTED_EDGE('',*,*,#6209,.T.);
#6209 = EDGE_CURVE('',#6186,#6210,#6212,.T.);
#6210 = VERTEX_POINT('',#6211);
#6211 = CARTESIAN_POINT('',(9.159999999999,-1.,5.));
#6212 = LINE('',#6213,#6214);
#6213 = CARTESIAN_POINT('',(9.159999999999,-1.,15.));
#6214 = VECTOR('',#6215,1.);
#6215 = DIRECTION('',(-0.,-0.,-1.));
#6216 = ORIENTED_EDGE('',*,*,#6217,.T.);
#6217 = EDGE_CURVE('',#6210,#6218,#6220,.T.);
#6218 = VERTEX_POINT('',#6219);
#6219 = CARTESIAN_POINT('',(9.159999999999,-3.625,5.));
#6220 = LINE('',#6221,#6222);
#6221 = CARTESIAN_POINT('',(9.159999999999,3.625,5.));
#6222 = VECTOR('',#6223,1.);
#6223 = DIRECTION('',(0.,-1.,0.));
#6224 = ORIENTED_EDGE('',*,*,#6225,.F.);
#6225 = EDGE_CURVE('',#3595,#6218,#6226,.T.);
#6226 = LINE('',#6227,#6228);
#6227 = CARTESIAN_POINT('',(9.159999999999,-3.625,15.));
#6228 = VECTOR('',#6229,1.);
#6229 = DIRECTION('',(-0.,-0.,-1.));
#6230 = PLANE('',#6231);
#6231 = AXIS2_PLACEMENT_3D('',#6232,#6233,#6234);
#6232 = CARTESIAN_POINT('',(9.159999999999,3.625,15.));
#6233 = DIRECTION('',(-1.,0.,0.));
#6234 = DIRECTION('',(0.,-1.,0.));
#6235 = ADVANCED_FACE('',(#6236),#6254,.F.);
#6236 = FACE_BOUND('',#6237,.F.);
#6237 = EDGE_LOOP('',(#6238,#6239,#6247,#6253));
#6238 = ORIENTED_EDGE('',*,*,#6225,.T.);
#6239 = ORIENTED_EDGE('',*,*,#6240,.T.);
#6240 = EDGE_CURVE('',#6218,#6241,#6243,.T.);
#6241 = VERTEX_POINT('',#6242);
#6242 = CARTESIAN_POINT('',(11.160000000001,-3.625,5.));
#6243 = LINE('',#6244,#6245);
#6244 = CARTESIAN_POINT('',(9.159999999999,-3.625,5.));
#6245 = VECTOR('',#6246,1.);
#6246 = DIRECTION('',(1.,0.,0.));
#6247 = ORIENTED_EDGE('',*,*,#6248,.F.);
#6248 = EDGE_CURVE('',#3587,#6241,#6249,.T.);
#6249 = LINE('',#6250,#6251);
#6250 = CARTESIAN_POINT('',(11.160000000001,-3.625,15.));
#6251 = VECTOR('',#6252,1.);
#6252 = DIRECTION('',(-0.,-0.,-1.));
#6253 = ORIENTED_EDGE('',*,*,#3594,.F.);
#6254 = PLANE('',#6255);
#6255 = AXIS2_PLACEMENT_3D('',#6256,#6257,#6258);
#6256 = CARTESIAN_POINT('',(9.159999999999,-3.625,15.));
#6257 = DIRECTION('',(0.,-1.,0.));
#6258 = DIRECTION('',(1.,0.,0.));
#6259 = ADVANCED_FACE('',(#6260),#6286,.F.);
#6260 = FACE_BOUND('',#6261,.F.);
#6261 = EDGE_LOOP('',(#6262,#6263,#6264,#6272,#6280));
#6262 = ORIENTED_EDGE('',*,*,#3586,.F.);
#6263 = ORIENTED_EDGE('',*,*,#6248,.T.);
#6264 = ORIENTED_EDGE('',*,*,#6265,.T.);
#6265 = EDGE_CURVE('',#6241,#6266,#6268,.T.);
#6266 = VERTEX_POINT('',#6267);
#6267 = CARTESIAN_POINT('',(11.160000000001,-1.,5.));
#6268 = LINE('',#6269,#6270);
#6269 = CARTESIAN_POINT('',(11.160000000001,-3.625,5.));
#6270 = VECTOR('',#6271,1.);
#6271 = DIRECTION('',(0.,1.,0.));
#6272 = ORIENTED_EDGE('',*,*,#6273,.T.);
#6273 = EDGE_CURVE('',#6266,#6274,#6276,.T.);
#6274 = VERTEX_POINT('',#6275);
#6275 = CARTESIAN_POINT('',(11.160000000001,-1.,14.));
#6276 = LINE('',#6277,#6278);
#6277 = CARTESIAN_POINT('',(11.160000000001,-1.,15.));
#6278 = VECTOR('',#6279,1.);
#6279 = DIRECTION('',(0.,0.,1.));
#6280 = ORIENTED_EDGE('',*,*,#6281,.F.);
#6281 = EDGE_CURVE('',#3579,#6274,#6282,.T.);
#6282 = LINE('',#6283,#6284);
#6283 = CARTESIAN_POINT('',(11.160000000001,-2.15625,15.15625));
#6284 = VECTOR('',#6285,1.);
#6285 = DIRECTION('',(0.,0.707106781187,-0.707106781187));
#6286 = PLANE('',#6287);
#6287 = AXIS2_PLACEMENT_3D('',#6288,#6289,#6290);
#6288 = CARTESIAN_POINT('',(11.160000000001,-3.625,15.));
#6289 = DIRECTION('',(1.,0.,0.));
#6290 = DIRECTION('',(0.,1.,0.));
#6291 = ADVANCED_FACE('',(#6292),#6310,.F.);
#6292 = FACE_BOUND('',#6293,.T.);
#6293 = EDGE_LOOP('',(#6294,#6295,#6296,#6304));
#6294 = ORIENTED_EDGE('',*,*,#6281,.F.);
#6295 = ORIENTED_EDGE('',*,*,#3578,.T.);
#6296 = ORIENTED_EDGE('',*,*,#6297,.F.);
#6297 = EDGE_CURVE('',#6298,#3571,#6300,.T.);
#6298 = VERTEX_POINT('',#6299);
#6299 = CARTESIAN_POINT('',(11.699999999999,-1.,14.));
#6300 = LINE('',#6301,#6302);
#6301 = CARTESIAN_POINT('',(11.699999999999,-0.34375,13.34375));
#6302 = VECTOR('',#6303,1.);
#6303 = DIRECTION('',(0.,-0.707106781187,0.707106781187));
#6304 = ORIENTED_EDGE('',*,*,#6305,.F.);
#6305 = EDGE_CURVE('',#6274,#6298,#6306,.T.);
#6306 = LINE('',#6307,#6308);
#6307 = CARTESIAN_POINT('',(-33.25,-1.,14.));
#6308 = VECTOR('',#6309,1.);
#6309 = DIRECTION('',(1.,0.,0.));
#6310 = PLANE('',#6311);
#6311 = AXIS2_PLACEMENT_3D('',#6312,#6313,#6314);
#6312 = CARTESIAN_POINT('',(-33.25,-1.5,14.5));
#6313 = DIRECTION('',(0.,-0.707106781187,-0.707106781187));
#6314 = DIRECTION('',(-1.,-0.,-0.));
#6315 = ADVANCED_FACE('',(#6316),#6342,.F.);
#6316 = FACE_BOUND('',#6317,.F.);
#6317 = EDGE_LOOP('',(#6318,#6319,#6320,#6328,#6336));
#6318 = ORIENTED_EDGE('',*,*,#3570,.F.);
#6319 = ORIENTED_EDGE('',*,*,#6297,.F.);
#6320 = ORIENTED_EDGE('',*,*,#6321,.T.);
#6321 = EDGE_CURVE('',#6298,#6322,#6324,.T.);
#6322 = VERTEX_POINT('',#6323);
#6323 = CARTESIAN_POINT('',(11.699999999999,-1.,5.));
#6324 = LINE('',#6325,#6326);
#6325 = CARTESIAN_POINT('',(11.699999999999,-1.,15.));
#6326 = VECTOR('',#6327,1.);
#6327 = DIRECTION('',(-0.,-0.,-1.));
#6328 = ORIENTED_EDGE('',*,*,#6329,.T.);
#6329 = EDGE_CURVE('',#6322,#6330,#6332,.T.);
#6330 = VERTEX_POINT('',#6331);
#6331 = CARTESIAN_POINT('',(11.699999999999,-3.625,5.));
#6332 = LINE('',#6333,#6334);
#6333 = CARTESIAN_POINT('',(11.699999999999,3.625,5.));
#6334 = VECTOR('',#6335,1.);
#6335 = DIRECTION('',(0.,-1.,0.));
#6336 = ORIENTED_EDGE('',*,*,#6337,.F.);
#6337 = EDGE_CURVE('',#3563,#6330,#6338,.T.);
#6338 = LINE('',#6339,#6340);
#6339 = CARTESIAN_POINT('',(11.699999999999,-3.625,15.));
#6340 = VECTOR('',#6341,1.);
#6341 = DIRECTION('',(-0.,-0.,-1.));
#6342 = PLANE('',#6343);
#6343 = AXIS2_PLACEMENT_3D('',#6344,#6345,#6346);
#6344 = CARTESIAN_POINT('',(11.699999999999,3.625,15.));
#6345 = DIRECTION('',(-1.,0.,0.));
#6346 = DIRECTION('',(0.,-1.,0.));
#6347 = ADVANCED_FACE('',(#6348),#6366,.F.);
#6348 = FACE_BOUND('',#6349,.F.);
#6349 = EDGE_LOOP('',(#6350,#6351,#6359,#6365));
#6350 = ORIENTED_EDGE('',*,*,#6337,.T.);
#6351 = ORIENTED_EDGE('',*,*,#6352,.T.);
#6352 = EDGE_CURVE('',#6330,#6353,#6355,.T.);
#6353 = VERTEX_POINT('',#6354);
#6354 = CARTESIAN_POINT('',(13.700000000001,-3.625,5.));
#6355 = LINE('',#6356,#6357);
#6356 = CARTESIAN_POINT('',(11.699999999999,-3.625,5.));
#6357 = VECTOR('',#6358,1.);
#6358 = DIRECTION('',(1.,0.,0.));
#6359 = ORIENTED_EDGE('',*,*,#6360,.F.);
#6360 = EDGE_CURVE('',#3555,#6353,#6361,.T.);
#6361 = LINE('',#6362,#6363);
#6362 = CARTESIAN_POINT('',(13.700000000001,-3.625,15.));
#6363 = VECTOR('',#6364,1.);
#6364 = DIRECTION('',(-0.,-0.,-1.));
#6365 = ORIENTED_EDGE('',*,*,#3562,.F.);
#6366 = PLANE('',#6367);
#6367 = AXIS2_PLACEMENT_3D('',#6368,#6369,#6370);
#6368 = CARTESIAN_POINT('',(11.699999999999,-3.625,15.));
#6369 = DIRECTION('',(0.,-1.,0.));
#6370 = DIRECTION('',(1.,0.,0.));
#6371 = ADVANCED_FACE('',(#6372),#6398,.F.);
#6372 = FACE_BOUND('',#6373,.F.);
#6373 = EDGE_LOOP('',(#6374,#6375,#6376,#6384,#6392));
#6374 = ORIENTED_EDGE('',*,*,#3554,.F.);
#6375 = ORIENTED_EDGE('',*,*,#6360,.T.);
#6376 = ORIENTED_EDGE('',*,*,#6377,.T.);
#6377 = EDGE_CURVE('',#6353,#6378,#6380,.T.);
#6378 = VERTEX_POINT('',#6379);
#6379 = CARTESIAN_POINT('',(13.700000000001,-1.,5.));
#6380 = LINE('',#6381,#6382);
#6381 = CARTESIAN_POINT('',(13.700000000001,-3.625,5.));
#6382 = VECTOR('',#6383,1.);
#6383 = DIRECTION('',(0.,1.,0.));
#6384 = ORIENTED_EDGE('',*,*,#6385,.T.);
#6385 = EDGE_CURVE('',#6378,#6386,#6388,.T.);
#6386 = VERTEX_POINT('',#6387);
#6387 = CARTESIAN_POINT('',(13.700000000001,-1.,14.));
#6388 = LINE('',#6389,#6390);
#6389 = CARTESIAN_POINT('',(13.700000000001,-1.,15.));
#6390 = VECTOR('',#6391,1.);
#6391 = DIRECTION('',(0.,0.,1.));
#6392 = ORIENTED_EDGE('',*,*,#6393,.F.);
#6393 = EDGE_CURVE('',#3547,#6386,#6394,.T.);
#6394 = LINE('',#6395,#6396);
#6395 = CARTESIAN_POINT('',(13.700000000001,-2.15625,15.15625));
#6396 = VECTOR('',#6397,1.);
#6397 = DIRECTION('',(0.,0.707106781187,-0.707106781187));
#6398 = PLANE('',#6399);
#6399 = AXIS2_PLACEMENT_3D('',#6400,#6401,#6402);
#6400 = CARTESIAN_POINT('',(13.700000000001,-3.625,15.));
#6401 = DIRECTION('',(1.,0.,0.));
#6402 = DIRECTION('',(0.,1.,0.));
#6403 = ADVANCED_FACE('',(#6404),#6422,.F.);
#6404 = FACE_BOUND('',#6405,.T.);
#6405 = EDGE_LOOP('',(#6406,#6407,#6408,#6416));
#6406 = ORIENTED_EDGE('',*,*,#6393,.F.);
#6407 = ORIENTED_EDGE('',*,*,#3546,.T.);
#6408 = ORIENTED_EDGE('',*,*,#6409,.F.);
#6409 = EDGE_CURVE('',#6410,#3539,#6412,.T.);
#6410 = VERTEX_POINT('',#6411);
#6411 = CARTESIAN_POINT('',(14.239999999999,-1.,14.));
#6412 = LINE('',#6413,#6414);
#6413 = CARTESIAN_POINT('',(14.239999999999,-0.34375,13.34375));
#6414 = VECTOR('',#6415,1.);
#6415 = DIRECTION('',(0.,-0.707106781187,0.707106781187));
#6416 = ORIENTED_EDGE('',*,*,#6417,.F.);
#6417 = EDGE_CURVE('',#6386,#6410,#6418,.T.);
#6418 = LINE('',#6419,#6420);
#6419 = CARTESIAN_POINT('',(-33.25,-1.,14.));
#6420 = VECTOR('',#6421,1.);
#6421 = DIRECTION('',(1.,0.,0.));
#6422 = PLANE('',#6423);
#6423 = AXIS2_PLACEMENT_3D('',#6424,#6425,#6426);
#6424 = CARTESIAN_POINT('',(-33.25,-1.5,14.5));
#6425 = DIRECTION('',(0.,-0.707106781187,-0.707106781187));
#6426 = DIRECTION('',(-1.,-0.,-0.));
#6427 = ADVANCED_FACE('',(#6428),#6454,.F.);
#6428 = FACE_BOUND('',#6429,.F.);
#6429 = EDGE_LOOP('',(#6430,#6431,#6432,#6440,#6448));
#6430 = ORIENTED_EDGE('',*,*,#3538,.F.);
#6431 = ORIENTED_EDGE('',*,*,#6409,.F.);
#6432 = ORIENTED_EDGE('',*,*,#6433,.T.);
#6433 = EDGE_CURVE('',#6410,#6434,#6436,.T.);
#6434 = VERTEX_POINT('',#6435);
#6435 = CARTESIAN_POINT('',(14.239999999999,-1.,5.));
#6436 = LINE('',#6437,#6438);
#6437 = CARTESIAN_POINT('',(14.239999999999,-1.,15.));
#6438 = VECTOR('',#6439,1.);
#6439 = DIRECTION('',(-0.,-0.,-1.));
#6440 = ORIENTED_EDGE('',*,*,#6441,.T.);
#6441 = EDGE_CURVE('',#6434,#6442,#6444,.T.);
#6442 = VERTEX_POINT('',#6443);
#6443 = CARTESIAN_POINT('',(14.239999999999,-3.625,5.));
#6444 = LINE('',#6445,#6446);
#6445 = CARTESIAN_POINT('',(14.239999999999,3.625,5.));
#6446 = VECTOR('',#6447,1.);
#6447 = DIRECTION('',(0.,-1.,0.));
#6448 = ORIENTED_EDGE('',*,*,#6449,.F.);
#6449 = EDGE_CURVE('',#3531,#6442,#6450,.T.);
#6450 = LINE('',#6451,#6452);
#6451 = CARTESIAN_POINT('',(14.239999999999,-3.625,15.));
#6452 = VECTOR('',#6453,1.);
#6453 = DIRECTION('',(-0.,-0.,-1.));
#6454 = PLANE('',#6455);
#6455 = AXIS2_PLACEMENT_3D('',#6456,#6457,#6458);
#6456 = CARTESIAN_POINT('',(14.239999999999,3.625,15.));
#6457 = DIRECTION('',(-1.,0.,0.));
#6458 = DIRECTION('',(0.,-1.,0.));
#6459 = ADVANCED_FACE('',(#6460),#6478,.F.);
#6460 = FACE_BOUND('',#6461,.F.);
#6461 = EDGE_LOOP('',(#6462,#6463,#6471,#6477));
#6462 = ORIENTED_EDGE('',*,*,#6449,.T.);
#6463 = ORIENTED_EDGE('',*,*,#6464,.T.);
#6464 = EDGE_CURVE('',#6442,#6465,#6467,.T.);
#6465 = VERTEX_POINT('',#6466);
#6466 = CARTESIAN_POINT('',(16.240000000001,-3.625,5.));
#6467 = LINE('',#6468,#6469);
#6468 = CARTESIAN_POINT('',(14.239999999999,-3.625,5.));
#6469 = VECTOR('',#6470,1.);
#6470 = DIRECTION('',(1.,0.,0.));
#6471 = ORIENTED_EDGE('',*,*,#6472,.F.);
#6472 = EDGE_CURVE('',#3523,#6465,#6473,.T.);
#6473 = LINE('',#6474,#6475);
#6474 = CARTESIAN_POINT('',(16.240000000001,-3.625,15.));
#6475 = VECTOR('',#6476,1.);
#6476 = DIRECTION('',(-0.,-0.,-1.));
#6477 = ORIENTED_EDGE('',*,*,#3530,.F.);
#6478 = PLANE('',#6479);
#6479 = AXIS2_PLACEMENT_3D('',#6480,#6481,#6482);
#6480 = CARTESIAN_POINT('',(14.239999999999,-3.625,15.));
#6481 = DIRECTION('',(0.,-1.,0.));
#6482 = DIRECTION('',(1.,0.,0.));
#6483 = ADVANCED_FACE('',(#6484),#6510,.F.);
#6484 = FACE_BOUND('',#6485,.F.);
#6485 = EDGE_LOOP('',(#6486,#6487,#6488,#6496,#6504));
#6486 = ORIENTED_EDGE('',*,*,#3522,.F.);
#6487 = ORIENTED_EDGE('',*,*,#6472,.T.);
#6488 = ORIENTED_EDGE('',*,*,#6489,.T.);
#6489 = EDGE_CURVE('',#6465,#6490,#6492,.T.);
#6490 = VERTEX_POINT('',#6491);
#6491 = CARTESIAN_POINT('',(16.240000000001,-1.,5.));
#6492 = LINE('',#6493,#6494);
#6493 = CARTESIAN_POINT('',(16.240000000001,-3.625,5.));
#6494 = VECTOR('',#6495,1.);
#6495 = DIRECTION('',(0.,1.,0.));
#6496 = ORIENTED_EDGE('',*,*,#6497,.T.);
#6497 = EDGE_CURVE('',#6490,#6498,#6500,.T.);
#6498 = VERTEX_POINT('',#6499);
#6499 = CARTESIAN_POINT('',(16.240000000001,-1.,14.));
#6500 = LINE('',#6501,#6502);
#6501 = CARTESIAN_POINT('',(16.240000000001,-1.,15.));
#6502 = VECTOR('',#6503,1.);
#6503 = DIRECTION('',(0.,0.,1.));
#6504 = ORIENTED_EDGE('',*,*,#6505,.F.);
#6505 = EDGE_CURVE('',#3515,#6498,#6506,.T.);
#6506 = LINE('',#6507,#6508);
#6507 = CARTESIAN_POINT('',(16.240000000001,-2.15625,15.15625));
#6508 = VECTOR('',#6509,1.);
#6509 = DIRECTION('',(0.,0.707106781187,-0.707106781187));
#6510 = PLANE('',#6511);
#6511 = AXIS2_PLACEMENT_3D('',#6512,#6513,#6514);
#6512 = CARTESIAN_POINT('',(16.240000000001,-3.625,15.));
#6513 = DIRECTION('',(1.,0.,0.));
#6514 = DIRECTION('',(0.,1.,0.));
#6515 = ADVANCED_FACE('',(#6516),#6534,.F.);
#6516 = FACE_BOUND('',#6517,.T.);
#6517 = EDGE_LOOP('',(#6518,#6519,#6520,#6528));
#6518 = ORIENTED_EDGE('',*,*,#6505,.F.);
#6519 = ORIENTED_EDGE('',*,*,#3514,.T.);
#6520 = ORIENTED_EDGE('',*,*,#6521,.F.);
#6521 = EDGE_CURVE('',#6522,#3507,#6524,.T.);
#6522 = VERTEX_POINT('',#6523);
#6523 = CARTESIAN_POINT('',(16.779999999999,-1.,14.));
#6524 = LINE('',#6525,#6526);
#6525 = CARTESIAN_POINT('',(16.779999999999,-0.34375,13.34375));
#6526 = VECTOR('',#6527,1.);
#6527 = DIRECTION('',(0.,-0.707106781187,0.707106781187));
#6528 = ORIENTED_EDGE('',*,*,#6529,.F.);
#6529 = EDGE_CURVE('',#6498,#6522,#6530,.T.);
#6530 = LINE('',#6531,#6532);
#6531 = CARTESIAN_POINT('',(-33.25,-1.,14.));
#6532 = VECTOR('',#6533,1.);
#6533 = DIRECTION('',(1.,0.,0.));
#6534 = PLANE('',#6535);
#6535 = AXIS2_PLACEMENT_3D('',#6536,#6537,#6538);
#6536 = CARTESIAN_POINT('',(-33.25,-1.5,14.5));
#6537 = DIRECTION('',(0.,-0.707106781187,-0.707106781187));
#6538 = DIRECTION('',(-1.,-0.,-0.));
#6539 = ADVANCED_FACE('',(#6540),#6566,.F.);
#6540 = FACE_BOUND('',#6541,.F.);
#6541 = EDGE_LOOP('',(#6542,#6543,#6544,#6552,#6560));
#6542 = ORIENTED_EDGE('',*,*,#3506,.F.);
#6543 = ORIENTED_EDGE('',*,*,#6521,.F.);
#6544 = ORIENTED_EDGE('',*,*,#6545,.T.);
#6545 = EDGE_CURVE('',#6522,#6546,#6548,.T.);
#6546 = VERTEX_POINT('',#6547);
#6547 = CARTESIAN_POINT('',(16.779999999999,-1.,5.));
#6548 = LINE('',#6549,#6550);
#6549 = CARTESIAN_POINT('',(16.779999999999,-1.,15.));
#6550 = VECTOR('',#6551,1.);
#6551 = DIRECTION('',(-0.,-0.,-1.));
#6552 = ORIENTED_EDGE('',*,*,#6553,.T.);
#6553 = EDGE_CURVE('',#6546,#6554,#6556,.T.);
#6554 = VERTEX_POINT('',#6555);
#6555 = CARTESIAN_POINT('',(16.779999999999,-3.625,5.));
#6556 = LINE('',#6557,#6558);
#6557 = CARTESIAN_POINT('',(16.779999999999,3.625,5.));
#6558 = VECTOR('',#6559,1.);
#6559 = DIRECTION('',(0.,-1.,0.));
#6560 = ORIENTED_EDGE('',*,*,#6561,.F.);
#6561 = EDGE_CURVE('',#3499,#6554,#6562,.T.);
#6562 = LINE('',#6563,#6564);
#6563 = CARTESIAN_POINT('',(16.779999999999,-3.625,15.));
#6564 = VECTOR('',#6565,1.);
#6565 = DIRECTION('',(-0.,-0.,-1.));
#6566 = PLANE('',#6567);
#6567 = AXIS2_PLACEMENT_3D('',#6568,#6569,#6570);
#6568 = CARTESIAN_POINT('',(16.779999999999,3.625,15.));
#6569 = DIRECTION('',(-1.,0.,0.));
#6570 = DIRECTION('',(0.,-1.,0.));
#6571 = ADVANCED_FACE('',(#6572),#6590,.F.);
#6572 = FACE_BOUND('',#6573,.F.);
#6573 = EDGE_LOOP('',(#6574,#6575,#6583,#6589));
#6574 = ORIENTED_EDGE('',*,*,#6561,.T.);
#6575 = ORIENTED_EDGE('',*,*,#6576,.T.);
#6576 = EDGE_CURVE('',#6554,#6577,#6579,.T.);
#6577 = VERTEX_POINT('',#6578);
#6578 = CARTESIAN_POINT('',(18.780000000001,-3.625,5.));
#6579 = LINE('',#6580,#6581);
#6580 = CARTESIAN_POINT('',(16.779999999999,-3.625,5.));
#6581 = VECTOR('',#6582,1.);
#6582 = DIRECTION('',(1.,0.,0.));
#6583 = ORIENTED_EDGE('',*,*,#6584,.F.);
#6584 = EDGE_CURVE('',#3491,#6577,#6585,.T.);
#6585 = LINE('',#6586,#6587);
#6586 = CARTESIAN_POINT('',(18.780000000001,-3.625,15.));
#6587 = VECTOR('',#6588,1.);
#6588 = DIRECTION('',(-0.,-0.,-1.));
#6589 = ORIENTED_EDGE('',*,*,#3498,.F.);
#6590 = PLANE('',#6591);
#6591 = AXIS2_PLACEMENT_3D('',#6592,#6593,#6594);
#6592 = CARTESIAN_POINT('',(16.779999999999,-3.625,15.));
#6593 = DIRECTION('',(0.,-1.,0.));
#6594 = DIRECTION('',(1.,0.,0.));
#6595 = ADVANCED_FACE('',(#6596),#6622,.F.);
#6596 = FACE_BOUND('',#6597,.F.);
#6597 = EDGE_LOOP('',(#6598,#6599,#6600,#6608,#6616));
#6598 = ORIENTED_EDGE('',*,*,#3490,.F.);
#6599 = ORIENTED_EDGE('',*,*,#6584,.T.);
#6600 = ORIENTED_EDGE('',*,*,#6601,.T.);
#6601 = EDGE_CURVE('',#6577,#6602,#6604,.T.);
#6602 = VERTEX_POINT('',#6603);
#6603 = CARTESIAN_POINT('',(18.780000000001,-1.,5.));
#6604 = LINE('',#6605,#6606);
#6605 = CARTESIAN_POINT('',(18.780000000001,-3.625,5.));
#6606 = VECTOR('',#6607,1.);
#6607 = DIRECTION('',(0.,1.,0.));
#6608 = ORIENTED_EDGE('',*,*,#6609,.T.);
#6609 = EDGE_CURVE('',#6602,#6610,#6612,.T.);
#6610 = VERTEX_POINT('',#6611);
#6611 = CARTESIAN_POINT('',(18.780000000001,-1.,14.));
#6612 = LINE('',#6613,#6614);
#6613 = CARTESIAN_POINT('',(18.780000000001,-1.,15.));
#6614 = VECTOR('',#6615,1.);
#6615 = DIRECTION('',(0.,0.,1.));
#6616 = ORIENTED_EDGE('',*,*,#6617,.F.);
#6617 = EDGE_CURVE('',#3483,#6610,#6618,.T.);
#6618 = LINE('',#6619,#6620);
#6619 = CARTESIAN_POINT('',(18.780000000001,-2.15625,15.15625));
#6620 = VECTOR('',#6621,1.);
#6621 = DIRECTION('',(0.,0.707106781187,-0.707106781187));
#6622 = PLANE('',#6623);
#6623 = AXIS2_PLACEMENT_3D('',#6624,#6625,#6626);
#6624 = CARTESIAN_POINT('',(18.780000000001,-3.625,15.));
#6625 = DIRECTION('',(1.,0.,0.));
#6626 = DIRECTION('',(0.,1.,0.));
#6627 = ADVANCED_FACE('',(#6628),#6646,.F.);
#6628 = FACE_BOUND('',#6629,.T.);
#6629 = EDGE_LOOP('',(#6630,#6631,#6632,#6640));
#6630 = ORIENTED_EDGE('',*,*,#6617,.F.);
#6631 = ORIENTED_EDGE('',*,*,#3482,.T.);
#6632 = ORIENTED_EDGE('',*,*,#6633,.F.);
#6633 = EDGE_CURVE('',#6634,#3475,#6636,.T.);
#6634 = VERTEX_POINT('',#6635);
#6635 = CARTESIAN_POINT('',(19.319999999999,-1.,14.));
#6636 = LINE('',#6637,#6638);
#6637 = CARTESIAN_POINT('',(19.319999999999,-0.34375,13.34375));
#6638 = VECTOR('',#6639,1.);
#6639 = DIRECTION('',(0.,-0.707106781187,0.707106781187));
#6640 = ORIENTED_EDGE('',*,*,#6641,.F.);
#6641 = EDGE_CURVE('',#6610,#6634,#6642,.T.);
#6642 = LINE('',#6643,#6644);
#6643 = CARTESIAN_POINT('',(-33.25,-1.,14.));
#6644 = VECTOR('',#6645,1.);
#6645 = DIRECTION('',(1.,0.,0.));
#6646 = PLANE('',#6647);
#6647 = AXIS2_PLACEMENT_3D('',#6648,#6649,#6650);
#6648 = CARTESIAN_POINT('',(-33.25,-1.5,14.5));
#6649 = DIRECTION('',(0.,-0.707106781187,-0.707106781187));
#6650 = DIRECTION('',(-1.,-0.,-0.));
#6651 = ADVANCED_FACE('',(#6652),#6678,.F.);
#6652 = FACE_BOUND('',#6653,.F.);
#6653 = EDGE_LOOP('',(#6654,#6655,#6656,#6664,#6672));
#6654 = ORIENTED_EDGE('',*,*,#3474,.F.);
#6655 = ORIENTED_EDGE('',*,*,#6633,.F.);
#6656 = ORIENTED_EDGE('',*,*,#6657,.T.);
#6657 = EDGE_CURVE('',#6634,#6658,#6660,.T.);
#6658 = VERTEX_POINT('',#6659);
#6659 = CARTESIAN_POINT('',(19.319999999999,-1.,5.));
#6660 = LINE('',#6661,#6662);
#6661 = CARTESIAN_POINT('',(19.319999999999,-1.,15.));
#6662 = VECTOR('',#6663,1.);
#6663 = DIRECTION('',(-0.,-0.,-1.));
#6664 = ORIENTED_EDGE('',*,*,#6665,.T.);
#6665 = EDGE_CURVE('',#6658,#6666,#6668,.T.);
#6666 = VERTEX_POINT('',#6667);
#6667 = CARTESIAN_POINT('',(19.319999999999,-3.625,5.));
#6668 = LINE('',#6669,#6670);
#6669 = CARTESIAN_POINT('',(19.319999999999,3.625,5.));
#6670 = VECTOR('',#6671,1.);
#6671 = DIRECTION('',(0.,-1.,0.));
#6672 = ORIENTED_EDGE('',*,*,#6673,.F.);
#6673 = EDGE_CURVE('',#3467,#6666,#6674,.T.);
#6674 = LINE('',#6675,#6676);
#6675 = CARTESIAN_POINT('',(19.319999999999,-3.625,15.));
#6676 = VECTOR('',#6677,1.);
#6677 = DIRECTION('',(-0.,-0.,-1.));
#6678 = PLANE('',#6679);
#6679 = AXIS2_PLACEMENT_3D('',#6680,#6681,#6682);
#6680 = CARTESIAN_POINT('',(19.319999999999,3.625,15.));
#6681 = DIRECTION('',(-1.,0.,0.));
#6682 = DIRECTION('',(0.,-1.,0.));
#6683 = ADVANCED_FACE('',(#6684),#6702,.F.);
#6684 = FACE_BOUND('',#6685,.F.);
#6685 = EDGE_LOOP('',(#6686,#6687,#6695,#6701));
#6686 = ORIENTED_EDGE('',*,*,#6673,.T.);
#6687 = ORIENTED_EDGE('',*,*,#6688,.T.);
#6688 = EDGE_CURVE('',#6666,#6689,#6691,.T.);
#6689 = VERTEX_POINT('',#6690);
#6690 = CARTESIAN_POINT('',(21.320000000001,-3.625,5.));
#6691 = LINE('',#6692,#6693);
#6692 = CARTESIAN_POINT('',(19.319999999999,-3.625,5.));
#6693 = VECTOR('',#6694,1.);
#6694 = DIRECTION('',(1.,0.,0.));
#6695 = ORIENTED_EDGE('',*,*,#6696,.F.);
#6696 = EDGE_CURVE('',#3459,#6689,#6697,.T.);
#6697 = LINE('',#6698,#6699);
#6698 = CARTESIAN_POINT('',(21.320000000001,-3.625,15.));
#6699 = VECTOR('',#6700,1.);
#6700 = DIRECTION('',(-0.,-0.,-1.));
#6701 = ORIENTED_EDGE('',*,*,#3466,.F.);
#6702 = PLANE('',#6703);
#6703 = AXIS2_PLACEMENT_3D('',#6704,#6705,#6706);
#6704 = CARTESIAN_POINT('',(19.319999999999,-3.625,15.));
#6705 = DIRECTION('',(0.,-1.,0.));
#6706 = DIRECTION('',(1.,0.,0.));
#6707 = ADVANCED_FACE('',(#6708),#6734,.F.);
#6708 = FACE_BOUND('',#6709,.F.);
#6709 = EDGE_LOOP('',(#6710,#6711,#6712,#6720,#6728));
#6710 = ORIENTED_EDGE('',*,*,#3458,.F.);
#6711 = ORIENTED_EDGE('',*,*,#6696,.T.);
#6712 = ORIENTED_EDGE('',*,*,#6713,.T.);
#6713 = EDGE_CURVE('',#6689,#6714,#6716,.T.);
#6714 = VERTEX_POINT('',#6715);
#6715 = CARTESIAN_POINT('',(21.320000000001,-1.,5.));
#6716 = LINE('',#6717,#6718);
#6717 = CARTESIAN_POINT('',(21.320000000001,-3.625,5.));
#6718 = VECTOR('',#6719,1.);
#6719 = DIRECTION('',(0.,1.,0.));
#6720 = ORIENTED_EDGE('',*,*,#6721,.T.);
#6721 = EDGE_CURVE('',#6714,#6722,#6724,.T.);
#6722 = VERTEX_POINT('',#6723);
#6723 = CARTESIAN_POINT('',(21.320000000001,-1.,14.));
#6724 = LINE('',#6725,#6726);
#6725 = CARTESIAN_POINT('',(21.320000000001,-1.,15.));
#6726 = VECTOR('',#6727,1.);
#6727 = DIRECTION('',(0.,0.,1.));
#6728 = ORIENTED_EDGE('',*,*,#6729,.F.);
#6729 = EDGE_CURVE('',#3451,#6722,#6730,.T.);
#6730 = LINE('',#6731,#6732);
#6731 = CARTESIAN_POINT('',(21.320000000001,-2.15625,15.15625));
#6732 = VECTOR('',#6733,1.);
#6733 = DIRECTION('',(0.,0.707106781187,-0.707106781187));
#6734 = PLANE('',#6735);
#6735 = AXIS2_PLACEMENT_3D('',#6736,#6737,#6738);
#6736 = CARTESIAN_POINT('',(21.320000000001,-3.625,15.));
#6737 = DIRECTION('',(1.,0.,0.));
#6738 = DIRECTION('',(0.,1.,0.));
#6739 = ADVANCED_FACE('',(#6740),#6758,.F.);
#6740 = FACE_BOUND('',#6741,.T.);
#6741 = EDGE_LOOP('',(#6742,#6743,#6744,#6752));
#6742 = ORIENTED_EDGE('',*,*,#6729,.F.);
#6743 = ORIENTED_EDGE('',*,*,#3450,.T.);
#6744 = ORIENTED_EDGE('',*,*,#6745,.F.);
#6745 = EDGE_CURVE('',#6746,#3443,#6748,.T.);
#6746 = VERTEX_POINT('',#6747);
#6747 = CARTESIAN_POINT('',(21.859999999999,-1.,14.));
#6748 = LINE('',#6749,#6750);
#6749 = CARTESIAN_POINT('',(21.859999999999,-0.34375,13.34375));
#6750 = VECTOR('',#6751,1.);
#6751 = DIRECTION('',(0.,-0.707106781187,0.707106781187));
#6752 = ORIENTED_EDGE('',*,*,#6753,.F.);
#6753 = EDGE_CURVE('',#6722,#6746,#6754,.T.);
#6754 = LINE('',#6755,#6756);
#6755 = CARTESIAN_POINT('',(-33.25,-1.,14.));
#6756 = VECTOR('',#6757,1.);
#6757 = DIRECTION('',(1.,0.,0.));
#6758 = PLANE('',#6759);
#6759 = AXIS2_PLACEMENT_3D('',#6760,#6761,#6762);
#6760 = CARTESIAN_POINT('',(-33.25,-1.5,14.5));
#6761 = DIRECTION('',(0.,-0.707106781187,-0.707106781187));
#6762 = DIRECTION('',(-1.,-0.,-0.));
#6763 = ADVANCED_FACE('',(#6764),#6790,.F.);
#6764 = FACE_BOUND('',#6765,.F.);
#6765 = EDGE_LOOP('',(#6766,#6767,#6768,#6776,#6784));
#6766 = ORIENTED_EDGE('',*,*,#3442,.F.);
#6767 = ORIENTED_EDGE('',*,*,#6745,.F.);
#6768 = ORIENTED_EDGE('',*,*,#6769,.T.);
#6769 = EDGE_CURVE('',#6746,#6770,#6772,.T.);
#6770 = VERTEX_POINT('',#6771);
#6771 = CARTESIAN_POINT('',(21.859999999999,-1.,5.));
#6772 = LINE('',#6773,#6774);
#6773 = CARTESIAN_POINT('',(21.859999999999,-1.,15.));
#6774 = VECTOR('',#6775,1.);
#6775 = DIRECTION('',(-0.,-0.,-1.));
#6776 = ORIENTED_EDGE('',*,*,#6777,.T.);
#6777 = EDGE_CURVE('',#6770,#6778,#6780,.T.);
#6778 = VERTEX_POINT('',#6779);
#6779 = CARTESIAN_POINT('',(21.859999999999,-3.625,5.));
#6780 = LINE('',#6781,#6782);
#6781 = CARTESIAN_POINT('',(21.859999999999,3.625,5.));
#6782 = VECTOR('',#6783,1.);
#6783 = DIRECTION('',(0.,-1.,0.));
#6784 = ORIENTED_EDGE('',*,*,#6785,.F.);
#6785 = EDGE_CURVE('',#3435,#6778,#6786,.T.);
#6786 = LINE('',#6787,#6788);
#6787 = CARTESIAN_POINT('',(21.859999999999,-3.625,15.));
#6788 = VECTOR('',#6789,1.);
#6789 = DIRECTION('',(-0.,-0.,-1.));
#6790 = PLANE('',#6791);
#6791 = AXIS2_PLACEMENT_3D('',#6792,#6793,#6794);
#6792 = CARTESIAN_POINT('',(21.859999999999,3.625,15.));
#6793 = DIRECTION('',(-1.,0.,0.));
#6794 = DIRECTION('',(0.,-1.,0.));
#6795 = ADVANCED_FACE('',(#6796),#6814,.F.);
#6796 = FACE_BOUND('',#6797,.F.);
#6797 = EDGE_LOOP('',(#6798,#6799,#6807,#6813));
#6798 = ORIENTED_EDGE('',*,*,#6785,.T.);
#6799 = ORIENTED_EDGE('',*,*,#6800,.T.);
#6800 = EDGE_CURVE('',#6778,#6801,#6803,.T.);
#6801 = VERTEX_POINT('',#6802);
#6802 = CARTESIAN_POINT('',(23.860000000001,-3.625,5.));
#6803 = LINE('',#6804,#6805);
#6804 = CARTESIAN_POINT('',(21.859999999999,-3.625,5.));
#6805 = VECTOR('',#6806,1.);
#6806 = DIRECTION('',(1.,0.,0.));
#6807 = ORIENTED_EDGE('',*,*,#6808,.F.);
#6808 = EDGE_CURVE('',#3427,#6801,#6809,.T.);
#6809 = LINE('',#6810,#6811);
#6810 = CARTESIAN_POINT('',(23.860000000001,-3.625,15.));
#6811 = VECTOR('',#6812,1.);
#6812 = DIRECTION('',(-0.,-0.,-1.));
#6813 = ORIENTED_EDGE('',*,*,#3434,.F.);
#6814 = PLANE('',#6815);
#6815 = AXIS2_PLACEMENT_3D('',#6816,#6817,#6818);
#6816 = CARTESIAN_POINT('',(21.859999999999,-3.625,15.));
#6817 = DIRECTION('',(0.,-1.,0.));
#6818 = DIRECTION('',(1.,0.,0.));
#6819 = ADVANCED_FACE('',(#6820),#6846,.F.);
#6820 = FACE_BOUND('',#6821,.F.);
#6821 = EDGE_LOOP('',(#6822,#6823,#6824,#6832,#6840));
#6822 = ORIENTED_EDGE('',*,*,#3426,.F.);
#6823 = ORIENTED_EDGE('',*,*,#6808,.T.);
#6824 = ORIENTED_EDGE('',*,*,#6825,.T.);
#6825 = EDGE_CURVE('',#6801,#6826,#6828,.T.);
#6826 = VERTEX_POINT('',#6827);
#6827 = CARTESIAN_POINT('',(23.860000000001,-1.,5.));
#6828 = LINE('',#6829,#6830);
#6829 = CARTESIAN_POINT('',(23.860000000001,-3.625,5.));
#6830 = VECTOR('',#6831,1.);
#6831 = DIRECTION('',(0.,1.,0.));
#6832 = ORIENTED_EDGE('',*,*,#6833,.T.);
#6833 = EDGE_CURVE('',#6826,#6834,#6836,.T.);
#6834 = VERTEX_POINT('',#6835);
#6835 = CARTESIAN_POINT('',(23.860000000001,-1.,14.));
#6836 = LINE('',#6837,#6838);
#6837 = CARTESIAN_POINT('',(23.860000000001,-1.,15.));
#6838 = VECTOR('',#6839,1.);
#6839 = DIRECTION('',(0.,0.,1.));
#6840 = ORIENTED_EDGE('',*,*,#6841,.F.);
#6841 = EDGE_CURVE('',#3419,#6834,#6842,.T.);
#6842 = LINE('',#6843,#6844);
#6843 = CARTESIAN_POINT('',(23.860000000001,-2.15625,15.15625));
#6844 = VECTOR('',#6845,1.);
#6845 = DIRECTION('',(0.,0.707106781187,-0.707106781187));
#6846 = PLANE('',#6847);
#6847 = AXIS2_PLACEMENT_3D('',#6848,#6849,#6850);
#6848 = CARTESIAN_POINT('',(23.860000000001,-3.625,15.));
#6849 = DIRECTION('',(1.,0.,0.));
#6850 = DIRECTION('',(0.,1.,0.));
#6851 = ADVANCED_FACE('',(#6852),#6870,.F.);
#6852 = FACE_BOUND('',#6853,.T.);
#6853 = EDGE_LOOP('',(#6854,#6855,#6856,#6864));
#6854 = ORIENTED_EDGE('',*,*,#6841,.F.);
#6855 = ORIENTED_EDGE('',*,*,#3418,.T.);
#6856 = ORIENTED_EDGE('',*,*,#6857,.F.);
#6857 = EDGE_CURVE('',#6858,#3411,#6860,.T.);
#6858 = VERTEX_POINT('',#6859);
#6859 = CARTESIAN_POINT('',(24.399999999999,-1.,14.));
#6860 = LINE('',#6861,#6862);
#6861 = CARTESIAN_POINT('',(24.399999999999,-0.34375,13.34375));
#6862 = VECTOR('',#6863,1.);
#6863 = DIRECTION('',(0.,-0.707106781187,0.707106781187));
#6864 = ORIENTED_EDGE('',*,*,#6865,.F.);
#6865 = EDGE_CURVE('',#6834,#6858,#6866,.T.);
#6866 = LINE('',#6867,#6868);
#6867 = CARTESIAN_POINT('',(-33.25,-1.,14.));
#6868 = VECTOR('',#6869,1.);
#6869 = DIRECTION('',(1.,0.,0.));
#6870 = PLANE('',#6871);
#6871 = AXIS2_PLACEMENT_3D('',#6872,#6873,#6874);
#6872 = CARTESIAN_POINT('',(-33.25,-1.5,14.5));
#6873 = DIRECTION('',(0.,-0.707106781187,-0.707106781187));
#6874 = DIRECTION('',(-1.,-0.,-0.));
#6875 = ADVANCED_FACE('',(#6876),#6902,.F.);
#6876 = FACE_BOUND('',#6877,.F.);
#6877 = EDGE_LOOP('',(#6878,#6879,#6880,#6888,#6896));
#6878 = ORIENTED_EDGE('',*,*,#3410,.F.);
#6879 = ORIENTED_EDGE('',*,*,#6857,.F.);
#6880 = ORIENTED_EDGE('',*,*,#6881,.T.);
#6881 = EDGE_CURVE('',#6858,#6882,#6884,.T.);
#6882 = VERTEX_POINT('',#6883);
#6883 = CARTESIAN_POINT('',(24.399999999999,-1.,5.));
#6884 = LINE('',#6885,#6886);
#6885 = CARTESIAN_POINT('',(24.399999999999,-1.,15.));
#6886 = VECTOR('',#6887,1.);
#6887 = DIRECTION('',(-0.,-0.,-1.));
#6888 = ORIENTED_EDGE('',*,*,#6889,.T.);
#6889 = EDGE_CURVE('',#6882,#6890,#6892,.T.);
#6890 = VERTEX_POINT('',#6891);
#6891 = CARTESIAN_POINT('',(24.399999999999,-3.625,5.));
#6892 = LINE('',#6893,#6894);
#6893 = CARTESIAN_POINT('',(24.399999999999,3.625,5.));
#6894 = VECTOR('',#6895,1.);
#6895 = DIRECTION('',(0.,-1.,0.));
#6896 = ORIENTED_EDGE('',*,*,#6897,.F.);
#6897 = EDGE_CURVE('',#3403,#6890,#6898,.T.);
#6898 = LINE('',#6899,#6900);
#6899 = CARTESIAN_POINT('',(24.399999999999,-3.625,15.));
#6900 = VECTOR('',#6901,1.);
#6901 = DIRECTION('',(-0.,-0.,-1.));
#6902 = PLANE('',#6903);
#6903 = AXIS2_PLACEMENT_3D('',#6904,#6905,#6906);
#6904 = CARTESIAN_POINT('',(24.399999999999,3.625,15.));
#6905 = DIRECTION('',(-1.,0.,0.));
#6906 = DIRECTION('',(0.,-1.,0.));
#6907 = ADVANCED_FACE('',(#6908),#6926,.F.);
#6908 = FACE_BOUND('',#6909,.F.);
#6909 = EDGE_LOOP('',(#6910,#6911,#6919,#6925));
#6910 = ORIENTED_EDGE('',*,*,#6897,.T.);
#6911 = ORIENTED_EDGE('',*,*,#6912,.T.);
#6912 = EDGE_CURVE('',#6890,#6913,#6915,.T.);
#6913 = VERTEX_POINT('',#6914);
#6914 = CARTESIAN_POINT('',(26.400000000001,-3.625,5.));
#6915 = LINE('',#6916,#6917);
#6916 = CARTESIAN_POINT('',(24.399999999999,-3.625,5.));
#6917 = VECTOR('',#6918,1.);
#6918 = DIRECTION('',(1.,0.,0.));
#6919 = ORIENTED_EDGE('',*,*,#6920,.F.);
#6920 = EDGE_CURVE('',#3395,#6913,#6921,.T.);
#6921 = LINE('',#6922,#6923);
#6922 = CARTESIAN_POINT('',(26.400000000001,-3.625,15.));
#6923 = VECTOR('',#6924,1.);
#6924 = DIRECTION('',(-0.,-0.,-1.));
#6925 = ORIENTED_EDGE('',*,*,#3402,.F.);
#6926 = PLANE('',#6927);
#6927 = AXIS2_PLACEMENT_3D('',#6928,#6929,#6930);
#6928 = CARTESIAN_POINT('',(24.399999999999,-3.625,15.));
#6929 = DIRECTION('',(0.,-1.,0.));
#6930 = DIRECTION('',(1.,0.,0.));
#6931 = ADVANCED_FACE('',(#6932),#6958,.F.);
#6932 = FACE_BOUND('',#6933,.F.);
#6933 = EDGE_LOOP('',(#6934,#6935,#6936,#6944,#6952));
#6934 = ORIENTED_EDGE('',*,*,#3394,.F.);
#6935 = ORIENTED_EDGE('',*,*,#6920,.T.);
#6936 = ORIENTED_EDGE('',*,*,#6937,.T.);
#6937 = EDGE_CURVE('',#6913,#6938,#6940,.T.);
#6938 = VERTEX_POINT('',#6939);
#6939 = CARTESIAN_POINT('',(26.400000000001,-1.,5.));
#6940 = LINE('',#6941,#6942);
#6941 = CARTESIAN_POINT('',(26.400000000001,-3.625,5.));
#6942 = VECTOR('',#6943,1.);
#6943 = DIRECTION('',(0.,1.,0.));
#6944 = ORIENTED_EDGE('',*,*,#6945,.T.);
#6945 = EDGE_CURVE('',#6938,#6946,#6948,.T.);
#6946 = VERTEX_POINT('',#6947);
#6947 = CARTESIAN_POINT('',(26.400000000001,-1.,14.));
#6948 = LINE('',#6949,#6950);
#6949 = CARTESIAN_POINT('',(26.400000000001,-1.,15.));
#6950 = VECTOR('',#6951,1.);
#6951 = DIRECTION('',(0.,0.,1.));
#6952 = ORIENTED_EDGE('',*,*,#6953,.F.);
#6953 = EDGE_CURVE('',#3387,#6946,#6954,.T.);
#6954 = LINE('',#6955,#6956);
#6955 = CARTESIAN_POINT('',(26.400000000001,-2.15625,15.15625));
#6956 = VECTOR('',#6957,1.);
#6957 = DIRECTION('',(0.,0.707106781187,-0.707106781187));
#6958 = PLANE('',#6959);
#6959 = AXIS2_PLACEMENT_3D('',#6960,#6961,#6962);
#6960 = CARTESIAN_POINT('',(26.400000000001,-3.625,15.));
#6961 = DIRECTION('',(1.,0.,0.));
#6962 = DIRECTION('',(0.,1.,0.));
#6963 = ADVANCED_FACE('',(#6964),#6982,.F.);
#6964 = FACE_BOUND('',#6965,.T.);
#6965 = EDGE_LOOP('',(#6966,#6967,#6968,#6976));
#6966 = ORIENTED_EDGE('',*,*,#6953,.F.);
#6967 = ORIENTED_EDGE('',*,*,#3386,.T.);
#6968 = ORIENTED_EDGE('',*,*,#6969,.F.);
#6969 = EDGE_CURVE('',#6970,#3379,#6972,.T.);
#6970 = VERTEX_POINT('',#6971);
#6971 = CARTESIAN_POINT('',(26.939999999999,-1.,14.));
#6972 = LINE('',#6973,#6974);
#6973 = CARTESIAN_POINT('',(26.939999999999,-0.34375,13.34375));
#6974 = VECTOR('',#6975,1.);
#6975 = DIRECTION('',(0.,-0.707106781187,0.707106781187));
#6976 = ORIENTED_EDGE('',*,*,#6977,.F.);
#6977 = EDGE_CURVE('',#6946,#6970,#6978,.T.);
#6978 = LINE('',#6979,#6980);
#6979 = CARTESIAN_POINT('',(-33.25,-1.,14.));
#6980 = VECTOR('',#6981,1.);
#6981 = DIRECTION('',(1.,0.,0.));
#6982 = PLANE('',#6983);
#6983 = AXIS2_PLACEMENT_3D('',#6984,#6985,#6986);
#6984 = CARTESIAN_POINT('',(-33.25,-1.5,14.5));
#6985 = DIRECTION('',(0.,-0.707106781187,-0.707106781187));
#6986 = DIRECTION('',(-1.,-0.,-0.));
#6987 = ADVANCED_FACE('',(#6988),#7014,.F.);
#6988 = FACE_BOUND('',#6989,.F.);
#6989 = EDGE_LOOP('',(#6990,#6991,#6992,#7000,#7008));
#6990 = ORIENTED_EDGE('',*,*,#3378,.F.);
#6991 = ORIENTED_EDGE('',*,*,#6969,.F.);
#6992 = ORIENTED_EDGE('',*,*,#6993,.T.);
#6993 = EDGE_CURVE('',#6970,#6994,#6996,.T.);
#6994 = VERTEX_POINT('',#6995);
#6995 = CARTESIAN_POINT('',(26.939999999999,-1.,5.));
#6996 = LINE('',#6997,#6998);
#6997 = CARTESIAN_POINT('',(26.939999999999,-1.,15.));
#6998 = VECTOR('',#6999,1.);
#6999 = DIRECTION('',(-0.,-0.,-1.));
#7000 = ORIENTED_EDGE('',*,*,#7001,.T.);
#7001 = EDGE_CURVE('',#6994,#7002,#7004,.T.);
#7002 = VERTEX_POINT('',#7003);
#7003 = CARTESIAN_POINT('',(26.939999999999,-3.625,5.));
#7004 = LINE('',#7005,#7006);
#7005 = CARTESIAN_POINT('',(26.939999999999,3.625,5.));
#7006 = VECTOR('',#7007,1.);
#7007 = DIRECTION('',(0.,-1.,0.));
#7008 = ORIENTED_EDGE('',*,*,#7009,.F.);
#7009 = EDGE_CURVE('',#3371,#7002,#7010,.T.);
#7010 = LINE('',#7011,#7012);
#7011 = CARTESIAN_POINT('',(26.939999999999,-3.625,15.));
#7012 = VECTOR('',#7013,1.);
#7013 = DIRECTION('',(-0.,-0.,-1.));
#7014 = PLANE('',#7015);
#7015 = AXIS2_PLACEMENT_3D('',#7016,#7017,#7018);
#7016 = CARTESIAN_POINT('',(26.939999999999,3.625,15.));
#7017 = DIRECTION('',(-1.,0.,0.));
#7018 = DIRECTION('',(0.,-1.,0.));
#7019 = ADVANCED_FACE('',(#7020),#7038,.F.);
#7020 = FACE_BOUND('',#7021,.F.);
#7021 = EDGE_LOOP('',(#7022,#7023,#7031,#7037));
#7022 = ORIENTED_EDGE('',*,*,#7009,.T.);
#7023 = ORIENTED_EDGE('',*,*,#7024,.T.);
#7024 = EDGE_CURVE('',#7002,#7025,#7027,.T.);
#7025 = VERTEX_POINT('',#7026);
#7026 = CARTESIAN_POINT('',(28.940000000001,-3.625,5.));
#7027 = LINE('',#7028,#7029);
#7028 = CARTESIAN_POINT('',(26.939999999999,-3.625,5.));
#7029 = VECTOR('',#7030,1.);
#7030 = DIRECTION('',(1.,0.,0.));
#7031 = ORIENTED_EDGE('',*,*,#7032,.F.);
#7032 = EDGE_CURVE('',#3363,#7025,#7033,.T.);
#7033 = LINE('',#7034,#7035);
#7034 = CARTESIAN_POINT('',(28.940000000001,-3.625,15.));
#7035 = VECTOR('',#7036,1.);
#7036 = DIRECTION('',(-0.,-0.,-1.));
#7037 = ORIENTED_EDGE('',*,*,#3370,.F.);
#7038 = PLANE('',#7039);
#7039 = AXIS2_PLACEMENT_3D('',#7040,#7041,#7042);
#7040 = CARTESIAN_POINT('',(26.939999999999,-3.625,15.));
#7041 = DIRECTION('',(0.,-1.,0.));
#7042 = DIRECTION('',(1.,0.,0.));
#7043 = ADVANCED_FACE('',(#7044),#7070,.F.);
#7044 = FACE_BOUND('',#7045,.F.);
#7045 = EDGE_LOOP('',(#7046,#7047,#7048,#7056,#7064));
#7046 = ORIENTED_EDGE('',*,*,#3362,.F.);
#7047 = ORIENTED_EDGE('',*,*,#7032,.T.);
#7048 = ORIENTED_EDGE('',*,*,#7049,.T.);
#7049 = EDGE_CURVE('',#7025,#7050,#7052,.T.);
#7050 = VERTEX_POINT('',#7051);
#7051 = CARTESIAN_POINT('',(28.940000000001,-1.,5.));
#7052 = LINE('',#7053,#7054);
#7053 = CARTESIAN_POINT('',(28.940000000001,-3.625,5.));
#7054 = VECTOR('',#7055,1.);
#7055 = DIRECTION('',(0.,1.,0.));
#7056 = ORIENTED_EDGE('',*,*,#7057,.T.);
#7057 = EDGE_CURVE('',#7050,#7058,#7060,.T.);
#7058 = VERTEX_POINT('',#7059);
#7059 = CARTESIAN_POINT('',(28.940000000001,-1.,14.));
#7060 = LINE('',#7061,#7062);
#7061 = CARTESIAN_POINT('',(28.940000000001,-1.,15.));
#7062 = VECTOR('',#7063,1.);
#7063 = DIRECTION('',(0.,0.,1.));
#7064 = ORIENTED_EDGE('',*,*,#7065,.F.);
#7065 = EDGE_CURVE('',#3355,#7058,#7066,.T.);
#7066 = LINE('',#7067,#7068);
#7067 = CARTESIAN_POINT('',(28.940000000001,-2.15625,15.15625));
#7068 = VECTOR('',#7069,1.);
#7069 = DIRECTION('',(0.,0.707106781187,-0.707106781187));
#7070 = PLANE('',#7071);
#7071 = AXIS2_PLACEMENT_3D('',#7072,#7073,#7074);
#7072 = CARTESIAN_POINT('',(28.940000000001,-3.625,15.));
#7073 = DIRECTION('',(1.,0.,0.));
#7074 = DIRECTION('',(0.,1.,0.));
#7075 = ADVANCED_FACE('',(#7076),#7094,.F.);
#7076 = FACE_BOUND('',#7077,.T.);
#7077 = EDGE_LOOP('',(#7078,#7079,#7080,#7088));
#7078 = ORIENTED_EDGE('',*,*,#7065,.F.);
#7079 = ORIENTED_EDGE('',*,*,#3354,.T.);
#7080 = ORIENTED_EDGE('',*,*,#7081,.F.);
#7081 = EDGE_CURVE('',#7082,#3347,#7084,.T.);
#7082 = VERTEX_POINT('',#7083);
#7083 = CARTESIAN_POINT('',(29.479999999999,-1.,14.));
#7084 = LINE('',#7085,#7086);
#7085 = CARTESIAN_POINT('',(29.479999999999,-0.34375,13.34375));
#7086 = VECTOR('',#7087,1.);
#7087 = DIRECTION('',(0.,-0.707106781187,0.707106781187));
#7088 = ORIENTED_EDGE('',*,*,#7089,.F.);
#7089 = EDGE_CURVE('',#7058,#7082,#7090,.T.);
#7090 = LINE('',#7091,#7092);
#7091 = CARTESIAN_POINT('',(-33.25,-1.,14.));
#7092 = VECTOR('',#7093,1.);
#7093 = DIRECTION('',(1.,0.,0.));
#7094 = PLANE('',#7095);
#7095 = AXIS2_PLACEMENT_3D('',#7096,#7097,#7098);
#7096 = CARTESIAN_POINT('',(-33.25,-1.5,14.5));
#7097 = DIRECTION('',(0.,-0.707106781187,-0.707106781187));
#7098 = DIRECTION('',(-1.,-0.,-0.));
#7099 = ADVANCED_FACE('',(#7100),#7126,.F.);
#7100 = FACE_BOUND('',#7101,.F.);
#7101 = EDGE_LOOP('',(#7102,#7103,#7104,#7112,#7120));
#7102 = ORIENTED_EDGE('',*,*,#3346,.F.);
#7103 = ORIENTED_EDGE('',*,*,#7081,.F.);
#7104 = ORIENTED_EDGE('',*,*,#7105,.T.);
#7105 = EDGE_CURVE('',#7082,#7106,#7108,.T.);
#7106 = VERTEX_POINT('',#7107);
#7107 = CARTESIAN_POINT('',(29.479999999999,-1.,5.));
#7108 = LINE('',#7109,#7110);
#7109 = CARTESIAN_POINT('',(29.479999999999,-1.,15.));
#7110 = VECTOR('',#7111,1.);
#7111 = DIRECTION('',(-0.,-0.,-1.));
#7112 = ORIENTED_EDGE('',*,*,#7113,.T.);
#7113 = EDGE_CURVE('',#7106,#7114,#7116,.T.);
#7114 = VERTEX_POINT('',#7115);
#7115 = CARTESIAN_POINT('',(29.479999999999,-3.625,5.));
#7116 = LINE('',#7117,#7118);
#7117 = CARTESIAN_POINT('',(29.479999999999,3.625,5.));
#7118 = VECTOR('',#7119,1.);
#7119 = DIRECTION('',(0.,-1.,0.));
#7120 = ORIENTED_EDGE('',*,*,#7121,.F.);
#7121 = EDGE_CURVE('',#3339,#7114,#7122,.T.);
#7122 = LINE('',#7123,#7124);
#7123 = CARTESIAN_POINT('',(29.479999999999,-3.625,15.));
#7124 = VECTOR('',#7125,1.);
#7125 = DIRECTION('',(-0.,-0.,-1.));
#7126 = PLANE('',#7127);
#7127 = AXIS2_PLACEMENT_3D('',#7128,#7129,#7130);
#7128 = CARTESIAN_POINT('',(29.479999999999,3.625,15.));
#7129 = DIRECTION('',(-1.,0.,0.));
#7130 = DIRECTION('',(0.,-1.,0.));
#7131 = ADVANCED_FACE('',(#7132),#7150,.F.);
#7132 = FACE_BOUND('',#7133,.F.);
#7133 = EDGE_LOOP('',(#7134,#7135,#7143,#7149));
#7134 = ORIENTED_EDGE('',*,*,#7121,.T.);
#7135 = ORIENTED_EDGE('',*,*,#7136,.T.);
#7136 = EDGE_CURVE('',#7114,#7137,#7139,.T.);
#7137 = VERTEX_POINT('',#7138);
#7138 = CARTESIAN_POINT('',(31.480000000001,-3.625,5.));
#7139 = LINE('',#7140,#7141);
#7140 = CARTESIAN_POINT('',(29.479999999999,-3.625,5.));
#7141 = VECTOR('',#7142,1.);
#7142 = DIRECTION('',(1.,0.,0.));
#7143 = ORIENTED_EDGE('',*,*,#7144,.F.);
#7144 = EDGE_CURVE('',#3331,#7137,#7145,.T.);
#7145 = LINE('',#7146,#7147);
#7146 = CARTESIAN_POINT('',(31.480000000001,-3.625,15.));
#7147 = VECTOR('',#7148,1.);
#7148 = DIRECTION('',(-0.,-0.,-1.));
#7149 = ORIENTED_EDGE('',*,*,#3338,.F.);
#7150 = PLANE('',#7151);
#7151 = AXIS2_PLACEMENT_3D('',#7152,#7153,#7154);
#7152 = CARTESIAN_POINT('',(29.479999999999,-3.625,15.));
#7153 = DIRECTION('',(0.,-1.,0.));
#7154 = DIRECTION('',(1.,0.,0.));
#7155 = ADVANCED_FACE('',(#7156),#7182,.F.);
#7156 = FACE_BOUND('',#7157,.F.);
#7157 = EDGE_LOOP('',(#7158,#7159,#7160,#7168,#7176));
#7158 = ORIENTED_EDGE('',*,*,#3330,.F.);
#7159 = ORIENTED_EDGE('',*,*,#7144,.T.);
#7160 = ORIENTED_EDGE('',*,*,#7161,.T.);
#7161 = EDGE_CURVE('',#7137,#7162,#7164,.T.);
#7162 = VERTEX_POINT('',#7163);
#7163 = CARTESIAN_POINT('',(31.480000000001,-1.,5.));
#7164 = LINE('',#7165,#7166);
#7165 = CARTESIAN_POINT('',(31.480000000001,-3.625,5.));
#7166 = VECTOR('',#7167,1.);
#7167 = DIRECTION('',(0.,1.,0.));
#7168 = ORIENTED_EDGE('',*,*,#7169,.T.);
#7169 = EDGE_CURVE('',#7162,#7170,#7172,.T.);
#7170 = VERTEX_POINT('',#7171);
#7171 = CARTESIAN_POINT('',(31.480000000001,-1.,14.));
#7172 = LINE('',#7173,#7174);
#7173 = CARTESIAN_POINT('',(31.480000000001,-1.,15.));
#7174 = VECTOR('',#7175,1.);
#7175 = DIRECTION('',(0.,0.,1.));
#7176 = ORIENTED_EDGE('',*,*,#7177,.F.);
#7177 = EDGE_CURVE('',#3323,#7170,#7178,.T.);
#7178 = LINE('',#7179,#7180);
#7179 = CARTESIAN_POINT('',(31.480000000001,-2.15625,15.15625));
#7180 = VECTOR('',#7181,1.);
#7181 = DIRECTION('',(0.,0.707106781187,-0.707106781187));
#7182 = PLANE('',#7183);
#7183 = AXIS2_PLACEMENT_3D('',#7184,#7185,#7186);
#7184 = CARTESIAN_POINT('',(31.480000000001,-3.625,15.));
#7185 = DIRECTION('',(1.,0.,0.));
#7186 = DIRECTION('',(0.,1.,0.));
#7187 = ADVANCED_FACE('',(#7188),#7206,.F.);
#7188 = FACE_BOUND('',#7189,.T.);
#7189 = EDGE_LOOP('',(#7190,#7191,#7192,#7200));
#7190 = ORIENTED_EDGE('',*,*,#7177,.F.);
#7191 = ORIENTED_EDGE('',*,*,#3322,.T.);
#7192 = ORIENTED_EDGE('',*,*,#7193,.T.);
#7193 = EDGE_CURVE('',#3315,#7194,#7196,.T.);
#7194 = VERTEX_POINT('',#7195);
#7195 = CARTESIAN_POINT('',(33.25,-1.,14.));
#7196 = LINE('',#7197,#7198);
#7197 = CARTESIAN_POINT('',(22.5,9.75,3.25));
#7198 = VECTOR('',#7199,1.);
#7199 = DIRECTION('',(-0.57735026919,0.57735026919,-0.57735026919));
#7200 = ORIENTED_EDGE('',*,*,#7201,.F.);
#7201 = EDGE_CURVE('',#7170,#7194,#7202,.T.);
#7202 = LINE('',#7203,#7204);
#7203 = CARTESIAN_POINT('',(-33.25,-1.,14.));
#7204 = VECTOR('',#7205,1.);
#7205 = DIRECTION('',(1.,0.,0.));
#7206 = PLANE('',#7207);
#7207 = AXIS2_PLACEMENT_3D('',#7208,#7209,#7210);
#7208 = CARTESIAN_POINT('',(-33.25,-1.5,14.5));
#7209 = DIRECTION('',(0.,-0.707106781187,-0.707106781187));
#7210 = DIRECTION('',(-1.,-0.,-0.));
#7211 = ADVANCED_FACE('',(#7212),#7230,.F.);
#7212 = FACE_BOUND('',#7213,.T.);
#7213 = EDGE_LOOP('',(#7214,#7215,#7216,#7224));
#7214 = ORIENTED_EDGE('',*,*,#7193,.F.);
#7215 = ORIENTED_EDGE('',*,*,#3314,.T.);
#7216 = ORIENTED_EDGE('',*,*,#7217,.T.);
#7217 = EDGE_CURVE('',#3307,#7218,#7220,.T.);
#7218 = VERTEX_POINT('',#7219);
#7219 = CARTESIAN_POINT('',(33.25,1.,14.));
#7220 = LINE('',#7221,#7222);
#7221 = CARTESIAN_POINT('',(33.25,1.,14.));
#7222 = VECTOR('',#7223,1.);
#7223 = DIRECTION('',(-0.57735026919,-0.57735026919,-0.57735026919));
#7224 = ORIENTED_EDGE('',*,*,#7225,.F.);
#7225 = EDGE_CURVE('',#7194,#7218,#7226,.T.);
#7226 = LINE('',#7227,#7228);
#7227 = CARTESIAN_POINT('',(33.25,-1.,14.));
#7228 = VECTOR('',#7229,1.);
#7229 = DIRECTION('',(0.,1.,0.));
#7230 = PLANE('',#7231);
#7231 = AXIS2_PLACEMENT_3D('',#7232,#7233,#7234);
#7232 = CARTESIAN_POINT('',(33.75,-1.,14.5));
#7233 = DIRECTION('',(0.707106781187,0.,-0.707106781187));
#7234 = DIRECTION('',(-0.,-1.,-0.));
#7235 = ADVANCED_FACE('',(#7236),#7254,.F.);
#7236 = FACE_BOUND('',#7237,.T.);
#7237 = EDGE_LOOP('',(#7238,#7239,#7240,#7248));
#7238 = ORIENTED_EDGE('',*,*,#7217,.F.);
#7239 = ORIENTED_EDGE('',*,*,#3306,.T.);
#7240 = ORIENTED_EDGE('',*,*,#7241,.F.);
#7241 = EDGE_CURVE('',#7242,#3299,#7244,.T.);
#7242 = VERTEX_POINT('',#7243);
#7243 = CARTESIAN_POINT('',(31.480000000001,1.,14.));
#7244 = LINE('',#7245,#7246);
#7245 = CARTESIAN_POINT('',(31.480000000001,0.34375,13.34375));
#7246 = VECTOR('',#7247,1.);
#7247 = DIRECTION('',(0.,0.707106781187,0.707106781187));
#7248 = ORIENTED_EDGE('',*,*,#7249,.F.);
#7249 = EDGE_CURVE('',#7218,#7242,#7250,.T.);
#7250 = LINE('',#7251,#7252);
#7251 = CARTESIAN_POINT('',(33.25,1.,14.));
#7252 = VECTOR('',#7253,1.);
#7253 = DIRECTION('',(-1.,0.,0.));
#7254 = PLANE('',#7255);
#7255 = AXIS2_PLACEMENT_3D('',#7256,#7257,#7258);
#7256 = CARTESIAN_POINT('',(33.25,1.5,14.5));
#7257 = DIRECTION('',(0.,0.707106781187,-0.707106781187));
#7258 = DIRECTION('',(1.,0.,0.));
#7259 = ADVANCED_FACE('',(#7260),#7286,.F.);
#7260 = FACE_BOUND('',#7261,.F.);
#7261 = EDGE_LOOP('',(#7262,#7263,#7264,#7272,#7280));
#7262 = ORIENTED_EDGE('',*,*,#3298,.F.);
#7263 = ORIENTED_EDGE('',*,*,#7241,.F.);
#7264 = ORIENTED_EDGE('',*,*,#7265,.T.);
#7265 = EDGE_CURVE('',#7242,#7266,#7268,.T.);
#7266 = VERTEX_POINT('',#7267);
#7267 = CARTESIAN_POINT('',(31.480000000001,1.,5.));
#7268 = LINE('',#7269,#7270);
#7269 = CARTESIAN_POINT('',(31.480000000001,1.,15.));
#7270 = VECTOR('',#7271,1.);
#7271 = DIRECTION('',(0.,0.,-1.));
#7272 = ORIENTED_EDGE('',*,*,#7273,.T.);
#7273 = EDGE_CURVE('',#7266,#7274,#7276,.T.);
#7274 = VERTEX_POINT('',#7275);
#7275 = CARTESIAN_POINT('',(31.480000000001,3.625,5.));
#7276 = LINE('',#7277,#7278);
#7277 = CARTESIAN_POINT('',(31.480000000001,-3.625,5.));
#7278 = VECTOR('',#7279,1.);
#7279 = DIRECTION('',(0.,1.,0.));
#7280 = ORIENTED_EDGE('',*,*,#7281,.F.);
#7281 = EDGE_CURVE('',#3291,#7274,#7282,.T.);
#7282 = LINE('',#7283,#7284);
#7283 = CARTESIAN_POINT('',(31.480000000001,3.625,15.));
#7284 = VECTOR('',#7285,1.);
#7285 = DIRECTION('',(-0.,-0.,-1.));
#7286 = PLANE('',#7287);
#7287 = AXIS2_PLACEMENT_3D('',#7288,#7289,#7290);
#7288 = CARTESIAN_POINT('',(31.480000000001,-3.625,15.));
#7289 = DIRECTION('',(1.,0.,0.));
#7290 = DIRECTION('',(0.,1.,0.));
#7291 = ADVANCED_FACE('',(#7292),#7310,.F.);
#7292 = FACE_BOUND('',#7293,.F.);
#7293 = EDGE_LOOP('',(#7294,#7295,#7303,#7309));
#7294 = ORIENTED_EDGE('',*,*,#7281,.T.);
#7295 = ORIENTED_EDGE('',*,*,#7296,.T.);
#7296 = EDGE_CURVE('',#7274,#7297,#7299,.T.);
#7297 = VERTEX_POINT('',#7298);
#7298 = CARTESIAN_POINT('',(29.479999999999,3.625,5.));
#7299 = LINE('',#7300,#7301);
#7300 = CARTESIAN_POINT('',(31.480000000001,3.625,5.));
#7301 = VECTOR('',#7302,1.);
#7302 = DIRECTION('',(-1.,0.,0.));
#7303 = ORIENTED_EDGE('',*,*,#7304,.F.);
#7304 = EDGE_CURVE('',#3283,#7297,#7305,.T.);
#7305 = LINE('',#7306,#7307);
#7306 = CARTESIAN_POINT('',(29.479999999999,3.625,15.));
#7307 = VECTOR('',#7308,1.);
#7308 = DIRECTION('',(-0.,-0.,-1.));
#7309 = ORIENTED_EDGE('',*,*,#3290,.F.);
#7310 = PLANE('',#7311);
#7311 = AXIS2_PLACEMENT_3D('',#7312,#7313,#7314);
#7312 = CARTESIAN_POINT('',(31.480000000001,3.625,15.));
#7313 = DIRECTION('',(0.,1.,0.));
#7314 = DIRECTION('',(-1.,0.,0.));
#7315 = ADVANCED_FACE('',(#7316),#7342,.F.);
#7316 = FACE_BOUND('',#7317,.F.);
#7317 = EDGE_LOOP('',(#7318,#7319,#7320,#7328,#7336));
#7318 = ORIENTED_EDGE('',*,*,#3282,.F.);
#7319 = ORIENTED_EDGE('',*,*,#7304,.T.);
#7320 = ORIENTED_EDGE('',*,*,#7321,.T.);
#7321 = EDGE_CURVE('',#7297,#7322,#7324,.T.);
#7322 = VERTEX_POINT('',#7323);
#7323 = CARTESIAN_POINT('',(29.479999999999,1.,5.));
#7324 = LINE('',#7325,#7326);
#7325 = CARTESIAN_POINT('',(29.479999999999,3.625,5.));
#7326 = VECTOR('',#7327,1.);
#7327 = DIRECTION('',(0.,-1.,0.));
#7328 = ORIENTED_EDGE('',*,*,#7329,.T.);
#7329 = EDGE_CURVE('',#7322,#7330,#7332,.T.);
#7330 = VERTEX_POINT('',#7331);
#7331 = CARTESIAN_POINT('',(29.479999999999,1.,14.));
#7332 = LINE('',#7333,#7334);
#7333 = CARTESIAN_POINT('',(29.479999999999,1.,15.));
#7334 = VECTOR('',#7335,1.);
#7335 = DIRECTION('',(0.,0.,1.));
#7336 = ORIENTED_EDGE('',*,*,#7337,.F.);
#7337 = EDGE_CURVE('',#3275,#7330,#7338,.T.);
#7338 = LINE('',#7339,#7340);
#7339 = CARTESIAN_POINT('',(29.479999999999,2.15625,15.15625));
#7340 = VECTOR('',#7341,1.);
#7341 = DIRECTION('',(-0.,-0.707106781187,-0.707106781187));
#7342 = PLANE('',#7343);
#7343 = AXIS2_PLACEMENT_3D('',#7344,#7345,#7346);
#7344 = CARTESIAN_POINT('',(29.479999999999,3.625,15.));
#7345 = DIRECTION('',(-1.,0.,0.));
#7346 = DIRECTION('',(0.,-1.,0.));
#7347 = ADVANCED_FACE('',(#7348),#7366,.F.);
#7348 = FACE_BOUND('',#7349,.T.);
#7349 = EDGE_LOOP('',(#7350,#7351,#7352,#7360));
#7350 = ORIENTED_EDGE('',*,*,#7337,.F.);
#7351 = ORIENTED_EDGE('',*,*,#3274,.T.);
#7352 = ORIENTED_EDGE('',*,*,#7353,.F.);
#7353 = EDGE_CURVE('',#7354,#3267,#7356,.T.);
#7354 = VERTEX_POINT('',#7355);
#7355 = CARTESIAN_POINT('',(28.940000000001,1.,14.));
#7356 = LINE('',#7357,#7358);
#7357 = CARTESIAN_POINT('',(28.940000000001,0.34375,13.34375));
#7358 = VECTOR('',#7359,1.);
#7359 = DIRECTION('',(0.,0.707106781187,0.707106781187));
#7360 = ORIENTED_EDGE('',*,*,#7361,.F.);
#7361 = EDGE_CURVE('',#7330,#7354,#7362,.T.);
#7362 = LINE('',#7363,#7364);
#7363 = CARTESIAN_POINT('',(33.25,1.,14.));
#7364 = VECTOR('',#7365,1.);
#7365 = DIRECTION('',(-1.,0.,0.));
#7366 = PLANE('',#7367);
#7367 = AXIS2_PLACEMENT_3D('',#7368,#7369,#7370);
#7368 = CARTESIAN_POINT('',(33.25,1.5,14.5));
#7369 = DIRECTION('',(0.,0.707106781187,-0.707106781187));
#7370 = DIRECTION('',(1.,0.,0.));
#7371 = ADVANCED_FACE('',(#7372),#7398,.F.);
#7372 = FACE_BOUND('',#7373,.F.);
#7373 = EDGE_LOOP('',(#7374,#7375,#7376,#7384,#7392));
#7374 = ORIENTED_EDGE('',*,*,#3266,.F.);
#7375 = ORIENTED_EDGE('',*,*,#7353,.F.);
#7376 = ORIENTED_EDGE('',*,*,#7377,.T.);
#7377 = EDGE_CURVE('',#7354,#7378,#7380,.T.);
#7378 = VERTEX_POINT('',#7379);
#7379 = CARTESIAN_POINT('',(28.940000000001,1.,5.));
#7380 = LINE('',#7381,#7382);
#7381 = CARTESIAN_POINT('',(28.940000000001,1.,15.));
#7382 = VECTOR('',#7383,1.);
#7383 = DIRECTION('',(0.,0.,-1.));
#7384 = ORIENTED_EDGE('',*,*,#7385,.T.);
#7385 = EDGE_CURVE('',#7378,#7386,#7388,.T.);
#7386 = VERTEX_POINT('',#7387);
#7387 = CARTESIAN_POINT('',(28.940000000001,3.625,5.));
#7388 = LINE('',#7389,#7390);
#7389 = CARTESIAN_POINT('',(28.940000000001,-3.625,5.));
#7390 = VECTOR('',#7391,1.);
#7391 = DIRECTION('',(0.,1.,0.));
#7392 = ORIENTED_EDGE('',*,*,#7393,.F.);
#7393 = EDGE_CURVE('',#3259,#7386,#7394,.T.);
#7394 = LINE('',#7395,#7396);
#7395 = CARTESIAN_POINT('',(28.940000000001,3.625,15.));
#7396 = VECTOR('',#7397,1.);
#7397 = DIRECTION('',(-0.,-0.,-1.));
#7398 = PLANE('',#7399);
#7399 = AXIS2_PLACEMENT_3D('',#7400,#7401,#7402);
#7400 = CARTESIAN_POINT('',(28.940000000001,-3.625,15.));
#7401 = DIRECTION('',(1.,0.,0.));
#7402 = DIRECTION('',(0.,1.,0.));
#7403 = ADVANCED_FACE('',(#7404),#7422,.F.);
#7404 = FACE_BOUND('',#7405,.F.);
#7405 = EDGE_LOOP('',(#7406,#7407,#7415,#7421));
#7406 = ORIENTED_EDGE('',*,*,#7393,.T.);
#7407 = ORIENTED_EDGE('',*,*,#7408,.T.);
#7408 = EDGE_CURVE('',#7386,#7409,#7411,.T.);
#7409 = VERTEX_POINT('',#7410);
#7410 = CARTESIAN_POINT('',(26.939999999999,3.625,5.));
#7411 = LINE('',#7412,#7413);
#7412 = CARTESIAN_POINT('',(28.940000000001,3.625,5.));
#7413 = VECTOR('',#7414,1.);
#7414 = DIRECTION('',(-1.,0.,0.));
#7415 = ORIENTED_EDGE('',*,*,#7416,.F.);
#7416 = EDGE_CURVE('',#3251,#7409,#7417,.T.);
#7417 = LINE('',#7418,#7419);
#7418 = CARTESIAN_POINT('',(26.939999999999,3.625,15.));
#7419 = VECTOR('',#7420,1.);
#7420 = DIRECTION('',(-0.,-0.,-1.));
#7421 = ORIENTED_EDGE('',*,*,#3258,.F.);
#7422 = PLANE('',#7423);
#7423 = AXIS2_PLACEMENT_3D('',#7424,#7425,#7426);
#7424 = CARTESIAN_POINT('',(28.940000000001,3.625,15.));
#7425 = DIRECTION('',(0.,1.,0.));
#7426 = DIRECTION('',(-1.,0.,0.));
#7427 = ADVANCED_FACE('',(#7428),#7454,.F.);
#7428 = FACE_BOUND('',#7429,.F.);
#7429 = EDGE_LOOP('',(#7430,#7431,#7432,#7440,#7448));
#7430 = ORIENTED_EDGE('',*,*,#3250,.F.);
#7431 = ORIENTED_EDGE('',*,*,#7416,.T.);
#7432 = ORIENTED_EDGE('',*,*,#7433,.T.);
#7433 = EDGE_CURVE('',#7409,#7434,#7436,.T.);
#7434 = VERTEX_POINT('',#7435);
#7435 = CARTESIAN_POINT('',(26.939999999999,1.,5.));
#7436 = LINE('',#7437,#7438);
#7437 = CARTESIAN_POINT('',(26.939999999999,3.625,5.));
#7438 = VECTOR('',#7439,1.);
#7439 = DIRECTION('',(0.,-1.,0.));
#7440 = ORIENTED_EDGE('',*,*,#7441,.T.);
#7441 = EDGE_CURVE('',#7434,#7442,#7444,.T.);
#7442 = VERTEX_POINT('',#7443);
#7443 = CARTESIAN_POINT('',(26.939999999999,1.,14.));
#7444 = LINE('',#7445,#7446);
#7445 = CARTESIAN_POINT('',(26.939999999999,1.,15.));
#7446 = VECTOR('',#7447,1.);
#7447 = DIRECTION('',(0.,0.,1.));
#7448 = ORIENTED_EDGE('',*,*,#7449,.F.);
#7449 = EDGE_CURVE('',#3243,#7442,#7450,.T.);
#7450 = LINE('',#7451,#7452);
#7451 = CARTESIAN_POINT('',(26.939999999999,2.15625,15.15625));
#7452 = VECTOR('',#7453,1.);
#7453 = DIRECTION('',(-0.,-0.707106781187,-0.707106781187));
#7454 = PLANE('',#7455);
#7455 = AXIS2_PLACEMENT_3D('',#7456,#7457,#7458);
#7456 = CARTESIAN_POINT('',(26.939999999999,3.625,15.));
#7457 = DIRECTION('',(-1.,0.,0.));
#7458 = DIRECTION('',(0.,-1.,0.));
#7459 = ADVANCED_FACE('',(#7460),#7478,.F.);
#7460 = FACE_BOUND('',#7461,.T.);
#7461 = EDGE_LOOP('',(#7462,#7463,#7464,#7472));
#7462 = ORIENTED_EDGE('',*,*,#7449,.F.);
#7463 = ORIENTED_EDGE('',*,*,#3242,.T.);
#7464 = ORIENTED_EDGE('',*,*,#7465,.F.);
#7465 = EDGE_CURVE('',#7466,#3235,#7468,.T.);
#7466 = VERTEX_POINT('',#7467);
#7467 = CARTESIAN_POINT('',(26.400000000001,1.,14.));
#7468 = LINE('',#7469,#7470);
#7469 = CARTESIAN_POINT('',(26.400000000001,0.34375,13.34375));
#7470 = VECTOR('',#7471,1.);
#7471 = DIRECTION('',(0.,0.707106781187,0.707106781187));
#7472 = ORIENTED_EDGE('',*,*,#7473,.F.);
#7473 = EDGE_CURVE('',#7442,#7466,#7474,.T.);
#7474 = LINE('',#7475,#7476);
#7475 = CARTESIAN_POINT('',(33.25,1.,14.));
#7476 = VECTOR('',#7477,1.);
#7477 = DIRECTION('',(-1.,0.,0.));
#7478 = PLANE('',#7479);
#7479 = AXIS2_PLACEMENT_3D('',#7480,#7481,#7482);
#7480 = CARTESIAN_POINT('',(33.25,1.5,14.5));
#7481 = DIRECTION('',(0.,0.707106781187,-0.707106781187));
#7482 = DIRECTION('',(1.,0.,0.));
#7483 = ADVANCED_FACE('',(#7484),#7510,.F.);
#7484 = FACE_BOUND('',#7485,.F.);
#7485 = EDGE_LOOP('',(#7486,#7487,#7488,#7496,#7504));
#7486 = ORIENTED_EDGE('',*,*,#3234,.F.);
#7487 = ORIENTED_EDGE('',*,*,#7465,.F.);
#7488 = ORIENTED_EDGE('',*,*,#7489,.T.);
#7489 = EDGE_CURVE('',#7466,#7490,#7492,.T.);
#7490 = VERTEX_POINT('',#7491);
#7491 = CARTESIAN_POINT('',(26.400000000001,1.,5.));
#7492 = LINE('',#7493,#7494);
#7493 = CARTESIAN_POINT('',(26.400000000001,1.,15.));
#7494 = VECTOR('',#7495,1.);
#7495 = DIRECTION('',(0.,0.,-1.));
#7496 = ORIENTED_EDGE('',*,*,#7497,.T.);
#7497 = EDGE_CURVE('',#7490,#7498,#7500,.T.);
#7498 = VERTEX_POINT('',#7499);
#7499 = CARTESIAN_POINT('',(26.400000000001,3.625,5.));
#7500 = LINE('',#7501,#7502);
#7501 = CARTESIAN_POINT('',(26.400000000001,-3.625,5.));
#7502 = VECTOR('',#7503,1.);
#7503 = DIRECTION('',(0.,1.,0.));
#7504 = ORIENTED_EDGE('',*,*,#7505,.F.);
#7505 = EDGE_CURVE('',#3227,#7498,#7506,.T.);
#7506 = LINE('',#7507,#7508);
#7507 = CARTESIAN_POINT('',(26.400000000001,3.625,15.));
#7508 = VECTOR('',#7509,1.);
#7509 = DIRECTION('',(-0.,-0.,-1.));
#7510 = PLANE('',#7511);
#7511 = AXIS2_PLACEMENT_3D('',#7512,#7513,#7514);
#7512 = CARTESIAN_POINT('',(26.400000000001,-3.625,15.));
#7513 = DIRECTION('',(1.,0.,0.));
#7514 = DIRECTION('',(0.,1.,0.));
#7515 = ADVANCED_FACE('',(#7516),#7534,.F.);
#7516 = FACE_BOUND('',#7517,.F.);
#7517 = EDGE_LOOP('',(#7518,#7519,#7527,#7533));
#7518 = ORIENTED_EDGE('',*,*,#7505,.T.);
#7519 = ORIENTED_EDGE('',*,*,#7520,.T.);
#7520 = EDGE_CURVE('',#7498,#7521,#7523,.T.);
#7521 = VERTEX_POINT('',#7522);
#7522 = CARTESIAN_POINT('',(24.399999999999,3.625,5.));
#7523 = LINE('',#7524,#7525);
#7524 = CARTESIAN_POINT('',(26.400000000001,3.625,5.));
#7525 = VECTOR('',#7526,1.);
#7526 = DIRECTION('',(-1.,0.,0.));
#7527 = ORIENTED_EDGE('',*,*,#7528,.F.);
#7528 = EDGE_CURVE('',#3219,#7521,#7529,.T.);
#7529 = LINE('',#7530,#7531);
#7530 = CARTESIAN_POINT('',(24.399999999999,3.625,15.));
#7531 = VECTOR('',#7532,1.);
#7532 = DIRECTION('',(-0.,-0.,-1.));
#7533 = ORIENTED_EDGE('',*,*,#3226,.F.);
#7534 = PLANE('',#7535);
#7535 = AXIS2_PLACEMENT_3D('',#7536,#7537,#7538);
#7536 = CARTESIAN_POINT('',(26.400000000001,3.625,15.));
#7537 = DIRECTION('',(0.,1.,0.));
#7538 = DIRECTION('',(-1.,0.,0.));
#7539 = ADVANCED_FACE('',(#7540),#7566,.F.);
#7540 = FACE_BOUND('',#7541,.F.);
#7541 = EDGE_LOOP('',(#7542,#7543,#7544,#7552,#7560));
#7542 = ORIENTED_EDGE('',*,*,#3218,.F.);
#7543 = ORIENTED_EDGE('',*,*,#7528,.T.);
#7544 = ORIENTED_EDGE('',*,*,#7545,.T.);
#7545 = EDGE_CURVE('',#7521,#7546,#7548,.T.);
#7546 = VERTEX_POINT('',#7547);
#7547 = CARTESIAN_POINT('',(24.399999999999,1.,5.));
#7548 = LINE('',#7549,#7550);
#7549 = CARTESIAN_POINT('',(24.399999999999,3.625,5.));
#7550 = VECTOR('',#7551,1.);
#7551 = DIRECTION('',(0.,-1.,0.));
#7552 = ORIENTED_EDGE('',*,*,#7553,.T.);
#7553 = EDGE_CURVE('',#7546,#7554,#7556,.T.);
#7554 = VERTEX_POINT('',#7555);
#7555 = CARTESIAN_POINT('',(24.399999999999,1.,14.));
#7556 = LINE('',#7557,#7558);
#7557 = CARTESIAN_POINT('',(24.399999999999,1.,15.));
#7558 = VECTOR('',#7559,1.);
#7559 = DIRECTION('',(0.,0.,1.));
#7560 = ORIENTED_EDGE('',*,*,#7561,.F.);
#7561 = EDGE_CURVE('',#3211,#7554,#7562,.T.);
#7562 = LINE('',#7563,#7564);
#7563 = CARTESIAN_POINT('',(24.399999999999,2.15625,15.15625));
#7564 = VECTOR('',#7565,1.);
#7565 = DIRECTION('',(-0.,-0.707106781187,-0.707106781187));
#7566 = PLANE('',#7567);
#7567 = AXIS2_PLACEMENT_3D('',#7568,#7569,#7570);
#7568 = CARTESIAN_POINT('',(24.399999999999,3.625,15.));
#7569 = DIRECTION('',(-1.,0.,0.));
#7570 = DIRECTION('',(0.,-1.,0.));
#7571 = ADVANCED_FACE('',(#7572),#7590,.F.);
#7572 = FACE_BOUND('',#7573,.T.);
#7573 = EDGE_LOOP('',(#7574,#7575,#7576,#7584));
#7574 = ORIENTED_EDGE('',*,*,#7561,.F.);
#7575 = ORIENTED_EDGE('',*,*,#3210,.T.);
#7576 = ORIENTED_EDGE('',*,*,#7577,.F.);
#7577 = EDGE_CURVE('',#7578,#3203,#7580,.T.);
#7578 = VERTEX_POINT('',#7579);
#7579 = CARTESIAN_POINT('',(23.860000000001,1.,14.));
#7580 = LINE('',#7581,#7582);
#7581 = CARTESIAN_POINT('',(23.860000000001,0.34375,13.34375));
#7582 = VECTOR('',#7583,1.);
#7583 = DIRECTION('',(0.,0.707106781187,0.707106781187));
#7584 = ORIENTED_EDGE('',*,*,#7585,.F.);
#7585 = EDGE_CURVE('',#7554,#7578,#7586,.T.);
#7586 = LINE('',#7587,#7588);
#7587 = CARTESIAN_POINT('',(33.25,1.,14.));
#7588 = VECTOR('',#7589,1.);
#7589 = DIRECTION('',(-1.,0.,0.));
#7590 = PLANE('',#7591);
#7591 = AXIS2_PLACEMENT_3D('',#7592,#7593,#7594);
#7592 = CARTESIAN_POINT('',(33.25,1.5,14.5));
#7593 = DIRECTION('',(0.,0.707106781187,-0.707106781187));
#7594 = DIRECTION('',(1.,0.,0.));
#7595 = ADVANCED_FACE('',(#7596),#7622,.F.);
#7596 = FACE_BOUND('',#7597,.F.);
#7597 = EDGE_LOOP('',(#7598,#7599,#7600,#7608,#7616));
#7598 = ORIENTED_EDGE('',*,*,#3202,.F.);
#7599 = ORIENTED_EDGE('',*,*,#7577,.F.);
#7600 = ORIENTED_EDGE('',*,*,#7601,.T.);
#7601 = EDGE_CURVE('',#7578,#7602,#7604,.T.);
#7602 = VERTEX_POINT('',#7603);
#7603 = CARTESIAN_POINT('',(23.860000000001,1.,5.));
#7604 = LINE('',#7605,#7606);
#7605 = CARTESIAN_POINT('',(23.860000000001,1.,15.));
#7606 = VECTOR('',#7607,1.);
#7607 = DIRECTION('',(0.,0.,-1.));
#7608 = ORIENTED_EDGE('',*,*,#7609,.T.);
#7609 = EDGE_CURVE('',#7602,#7610,#7612,.T.);
#7610 = VERTEX_POINT('',#7611);
#7611 = CARTESIAN_POINT('',(23.860000000001,3.625,5.));
#7612 = LINE('',#7613,#7614);
#7613 = CARTESIAN_POINT('',(23.860000000001,-3.625,5.));
#7614 = VECTOR('',#7615,1.);
#7615 = DIRECTION('',(0.,1.,0.));
#7616 = ORIENTED_EDGE('',*,*,#7617,.F.);
#7617 = EDGE_CURVE('',#3195,#7610,#7618,.T.);
#7618 = LINE('',#7619,#7620);
#7619 = CARTESIAN_POINT('',(23.860000000001,3.625,15.));
#7620 = VECTOR('',#7621,1.);
#7621 = DIRECTION('',(-0.,-0.,-1.));
#7622 = PLANE('',#7623);
#7623 = AXIS2_PLACEMENT_3D('',#7624,#7625,#7626);
#7624 = CARTESIAN_POINT('',(23.860000000001,-3.625,15.));
#7625 = DIRECTION('',(1.,0.,0.));
#7626 = DIRECTION('',(0.,1.,0.));
#7627 = ADVANCED_FACE('',(#7628),#7646,.F.);
#7628 = FACE_BOUND('',#7629,.F.);
#7629 = EDGE_LOOP('',(#7630,#7631,#7639,#7645));
#7630 = ORIENTED_EDGE('',*,*,#7617,.T.);
#7631 = ORIENTED_EDGE('',*,*,#7632,.T.);
#7632 = EDGE_CURVE('',#7610,#7633,#7635,.T.);
#7633 = VERTEX_POINT('',#7634);
#7634 = CARTESIAN_POINT('',(21.859999999999,3.625,5.));
#7635 = LINE('',#7636,#7637);
#7636 = CARTESIAN_POINT('',(23.860000000001,3.625,5.));
#7637 = VECTOR('',#7638,1.);
#7638 = DIRECTION('',(-1.,0.,0.));
#7639 = ORIENTED_EDGE('',*,*,#7640,.F.);
#7640 = EDGE_CURVE('',#3187,#7633,#7641,.T.);
#7641 = LINE('',#7642,#7643);
#7642 = CARTESIAN_POINT('',(21.859999999999,3.625,15.));
#7643 = VECTOR('',#7644,1.);
#7644 = DIRECTION('',(-0.,-0.,-1.));
#7645 = ORIENTED_EDGE('',*,*,#3194,.F.);
#7646 = PLANE('',#7647);
#7647 = AXIS2_PLACEMENT_3D('',#7648,#7649,#7650);
#7648 = CARTESIAN_POINT('',(23.860000000001,3.625,15.));
#7649 = DIRECTION('',(0.,1.,0.));
#7650 = DIRECTION('',(-1.,0.,0.));
#7651 = ADVANCED_FACE('',(#7652),#7678,.F.);
#7652 = FACE_BOUND('',#7653,.F.);
#7653 = EDGE_LOOP('',(#7654,#7655,#7656,#7664,#7672));
#7654 = ORIENTED_EDGE('',*,*,#3186,.F.);
#7655 = ORIENTED_EDGE('',*,*,#7640,.T.);
#7656 = ORIENTED_EDGE('',*,*,#7657,.T.);
#7657 = EDGE_CURVE('',#7633,#7658,#7660,.T.);
#7658 = VERTEX_POINT('',#7659);
#7659 = CARTESIAN_POINT('',(21.859999999999,1.,5.));
#7660 = LINE('',#7661,#7662);
#7661 = CARTESIAN_POINT('',(21.859999999999,3.625,5.));
#7662 = VECTOR('',#7663,1.);
#7663 = DIRECTION('',(0.,-1.,0.));
#7664 = ORIENTED_EDGE('',*,*,#7665,.T.);
#7665 = EDGE_CURVE('',#7658,#7666,#7668,.T.);
#7666 = VERTEX_POINT('',#7667);
#7667 = CARTESIAN_POINT('',(21.859999999999,1.,14.));
#7668 = LINE('',#7669,#7670);
#7669 = CARTESIAN_POINT('',(21.859999999999,1.,15.));
#7670 = VECTOR('',#7671,1.);
#7671 = DIRECTION('',(0.,0.,1.));
#7672 = ORIENTED_EDGE('',*,*,#7673,.F.);
#7673 = EDGE_CURVE('',#3179,#7666,#7674,.T.);
#7674 = LINE('',#7675,#7676);
#7675 = CARTESIAN_POINT('',(21.859999999999,2.15625,15.15625));
#7676 = VECTOR('',#7677,1.);
#7677 = DIRECTION('',(-0.,-0.707106781187,-0.707106781187));
#7678 = PLANE('',#7679);
#7679 = AXIS2_PLACEMENT_3D('',#7680,#7681,#7682);
#7680 = CARTESIAN_POINT('',(21.859999999999,3.625,15.));
#7681 = DIRECTION('',(-1.,0.,0.));
#7682 = DIRECTION('',(0.,-1.,0.));
#7683 = ADVANCED_FACE('',(#7684),#7702,.F.);
#7684 = FACE_BOUND('',#7685,.T.);
#7685 = EDGE_LOOP('',(#7686,#7687,#7688,#7696));
#7686 = ORIENTED_EDGE('',*,*,#7673,.F.);
#7687 = ORIENTED_EDGE('',*,*,#3178,.T.);
#7688 = ORIENTED_EDGE('',*,*,#7689,.F.);
#7689 = EDGE_CURVE('',#7690,#3171,#7692,.T.);
#7690 = VERTEX_POINT('',#7691);
#7691 = CARTESIAN_POINT('',(21.320000000001,1.,14.));
#7692 = LINE('',#7693,#7694);
#7693 = CARTESIAN_POINT('',(21.320000000001,0.34375,13.34375));
#7694 = VECTOR('',#7695,1.);
#7695 = DIRECTION('',(0.,0.707106781187,0.707106781187));
#7696 = ORIENTED_EDGE('',*,*,#7697,.F.);
#7697 = EDGE_CURVE('',#7666,#7690,#7698,.T.);
#7698 = LINE('',#7699,#7700);
#7699 = CARTESIAN_POINT('',(33.25,1.,14.));
#7700 = VECTOR('',#7701,1.);
#7701 = DIRECTION('',(-1.,0.,0.));
#7702 = PLANE('',#7703);
#7703 = AXIS2_PLACEMENT_3D('',#7704,#7705,#7706);
#7704 = CARTESIAN_POINT('',(33.25,1.5,14.5));
#7705 = DIRECTION('',(0.,0.707106781187,-0.707106781187));
#7706 = DIRECTION('',(1.,0.,0.));
#7707 = ADVANCED_FACE('',(#7708),#7734,.F.);
#7708 = FACE_BOUND('',#7709,.F.);
#7709 = EDGE_LOOP('',(#7710,#7711,#7712,#7720,#7728));
#7710 = ORIENTED_EDGE('',*,*,#3170,.F.);
#7711 = ORIENTED_EDGE('',*,*,#7689,.F.);
#7712 = ORIENTED_EDGE('',*,*,#7713,.T.);
#7713 = EDGE_CURVE('',#7690,#7714,#7716,.T.);
#7714 = VERTEX_POINT('',#7715);
#7715 = CARTESIAN_POINT('',(21.320000000001,1.,5.));
#7716 = LINE('',#7717,#7718);
#7717 = CARTESIAN_POINT('',(21.320000000001,1.,15.));
#7718 = VECTOR('',#7719,1.);
#7719 = DIRECTION('',(0.,0.,-1.));
#7720 = ORIENTED_EDGE('',*,*,#7721,.T.);
#7721 = EDGE_CURVE('',#7714,#7722,#7724,.T.);
#7722 = VERTEX_POINT('',#7723);
#7723 = CARTESIAN_POINT('',(21.320000000001,3.625,5.));
#7724 = LINE('',#7725,#7726);
#7725 = CARTESIAN_POINT('',(21.320000000001,-3.625,5.));
#7726 = VECTOR('',#7727,1.);
#7727 = DIRECTION('',(0.,1.,0.));
#7728 = ORIENTED_EDGE('',*,*,#7729,.F.);
#7729 = EDGE_CURVE('',#3163,#7722,#7730,.T.);
#7730 = LINE('',#7731,#7732);
#7731 = CARTESIAN_POINT('',(21.320000000001,3.625,15.));
#7732 = VECTOR('',#7733,1.);
#7733 = DIRECTION('',(-0.,-0.,-1.));
#7734 = PLANE('',#7735);
#7735 = AXIS2_PLACEMENT_3D('',#7736,#7737,#7738);
#7736 = CARTESIAN_POINT('',(21.320000000001,-3.625,15.));
#7737 = DIRECTION('',(1.,0.,0.));
#7738 = DIRECTION('',(0.,1.,0.));
#7739 = ADVANCED_FACE('',(#7740),#7758,.F.);
#7740 = FACE_BOUND('',#7741,.F.);
#7741 = EDGE_LOOP('',(#7742,#7743,#7751,#7757));
#7742 = ORIENTED_EDGE('',*,*,#7729,.T.);
#7743 = ORIENTED_EDGE('',*,*,#7744,.T.);
#7744 = EDGE_CURVE('',#7722,#7745,#7747,.T.);
#7745 = VERTEX_POINT('',#7746);
#7746 = CARTESIAN_POINT('',(19.319999999999,3.625,5.));
#7747 = LINE('',#7748,#7749);
#7748 = CARTESIAN_POINT('',(21.320000000001,3.625,5.));
#7749 = VECTOR('',#7750,1.);
#7750 = DIRECTION('',(-1.,0.,0.));
#7751 = ORIENTED_EDGE('',*,*,#7752,.F.);
#7752 = EDGE_CURVE('',#3155,#7745,#7753,.T.);
#7753 = LINE('',#7754,#7755);
#7754 = CARTESIAN_POINT('',(19.319999999999,3.625,15.));
#7755 = VECTOR('',#7756,1.);
#7756 = DIRECTION('',(-0.,-0.,-1.));
#7757 = ORIENTED_EDGE('',*,*,#3162,.F.);
#7758 = PLANE('',#7759);
#7759 = AXIS2_PLACEMENT_3D('',#7760,#7761,#7762);
#7760 = CARTESIAN_POINT('',(21.320000000001,3.625,15.));
#7761 = DIRECTION('',(0.,1.,0.));
#7762 = DIRECTION('',(-1.,0.,0.));
#7763 = ADVANCED_FACE('',(#7764),#7790,.F.);
#7764 = FACE_BOUND('',#7765,.F.);
#7765 = EDGE_LOOP('',(#7766,#7767,#7768,#7776,#7784));
#7766 = ORIENTED_EDGE('',*,*,#3154,.F.);
#7767 = ORIENTED_EDGE('',*,*,#7752,.T.);
#7768 = ORIENTED_EDGE('',*,*,#7769,.T.);
#7769 = EDGE_CURVE('',#7745,#7770,#7772,.T.);
#7770 = VERTEX_POINT('',#7771);
#7771 = CARTESIAN_POINT('',(19.319999999999,1.,5.));
#7772 = LINE('',#7773,#7774);
#7773 = CARTESIAN_POINT('',(19.319999999999,3.625,5.));
#7774 = VECTOR('',#7775,1.);
#7775 = DIRECTION('',(0.,-1.,0.));
#7776 = ORIENTED_EDGE('',*,*,#7777,.T.);
#7777 = EDGE_CURVE('',#7770,#7778,#7780,.T.);
#7778 = VERTEX_POINT('',#7779);
#7779 = CARTESIAN_POINT('',(19.319999999999,1.,14.));
#7780 = LINE('',#7781,#7782);
#7781 = CARTESIAN_POINT('',(19.319999999999,1.,15.));
#7782 = VECTOR('',#7783,1.);
#7783 = DIRECTION('',(0.,0.,1.));
#7784 = ORIENTED_EDGE('',*,*,#7785,.F.);
#7785 = EDGE_CURVE('',#3147,#7778,#7786,.T.);
#7786 = LINE('',#7787,#7788);
#7787 = CARTESIAN_POINT('',(19.319999999999,2.15625,15.15625));
#7788 = VECTOR('',#7789,1.);
#7789 = DIRECTION('',(-0.,-0.707106781187,-0.707106781187));
#7790 = PLANE('',#7791);
#7791 = AXIS2_PLACEMENT_3D('',#7792,#7793,#7794);
#7792 = CARTESIAN_POINT('',(19.319999999999,3.625,15.));
#7793 = DIRECTION('',(-1.,0.,0.));
#7794 = DIRECTION('',(0.,-1.,0.));
#7795 = ADVANCED_FACE('',(#7796),#7814,.F.);
#7796 = FACE_BOUND('',#7797,.T.);
#7797 = EDGE_LOOP('',(#7798,#7799,#7800,#7808));
#7798 = ORIENTED_EDGE('',*,*,#7785,.F.);
#7799 = ORIENTED_EDGE('',*,*,#3146,.T.);
#7800 = ORIENTED_EDGE('',*,*,#7801,.F.);
#7801 = EDGE_CURVE('',#7802,#3139,#7804,.T.);
#7802 = VERTEX_POINT('',#7803);
#7803 = CARTESIAN_POINT('',(18.780000000001,1.,14.));
#7804 = LINE('',#7805,#7806);
#7805 = CARTESIAN_POINT('',(18.780000000001,0.34375,13.34375));
#7806 = VECTOR('',#7807,1.);
#7807 = DIRECTION('',(0.,0.707106781187,0.707106781187));
#7808 = ORIENTED_EDGE('',*,*,#7809,.F.);
#7809 = EDGE_CURVE('',#7778,#7802,#7810,.T.);
#7810 = LINE('',#7811,#7812);
#7811 = CARTESIAN_POINT('',(33.25,1.,14.));
#7812 = VECTOR('',#7813,1.);
#7813 = DIRECTION('',(-1.,0.,0.));
#7814 = PLANE('',#7815);
#7815 = AXIS2_PLACEMENT_3D('',#7816,#7817,#7818);
#7816 = CARTESIAN_POINT('',(33.25,1.5,14.5));
#7817 = DIRECTION('',(0.,0.707106781187,-0.707106781187));
#7818 = DIRECTION('',(1.,0.,0.));
#7819 = ADVANCED_FACE('',(#7820),#7846,.F.);
#7820 = FACE_BOUND('',#7821,.F.);
#7821 = EDGE_LOOP('',(#7822,#7823,#7824,#7832,#7840));
#7822 = ORIENTED_EDGE('',*,*,#3138,.F.);
#7823 = ORIENTED_EDGE('',*,*,#7801,.F.);
#7824 = ORIENTED_EDGE('',*,*,#7825,.T.);
#7825 = EDGE_CURVE('',#7802,#7826,#7828,.T.);
#7826 = VERTEX_POINT('',#7827);
#7827 = CARTESIAN_POINT('',(18.780000000001,1.,5.));
#7828 = LINE('',#7829,#7830);
#7829 = CARTESIAN_POINT('',(18.780000000001,1.,15.));
#7830 = VECTOR('',#7831,1.);
#7831 = DIRECTION('',(0.,0.,-1.));
#7832 = ORIENTED_EDGE('',*,*,#7833,.T.);
#7833 = EDGE_CURVE('',#7826,#7834,#7836,.T.);
#7834 = VERTEX_POINT('',#7835);
#7835 = CARTESIAN_POINT('',(18.780000000001,3.625,5.));
#7836 = LINE('',#7837,#7838);
#7837 = CARTESIAN_POINT('',(18.780000000001,-3.625,5.));
#7838 = VECTOR('',#7839,1.);
#7839 = DIRECTION('',(0.,1.,0.));
#7840 = ORIENTED_EDGE('',*,*,#7841,.F.);
#7841 = EDGE_CURVE('',#3131,#7834,#7842,.T.);
#7842 = LINE('',#7843,#7844);
#7843 = CARTESIAN_POINT('',(18.780000000001,3.625,15.));
#7844 = VECTOR('',#7845,1.);
#7845 = DIRECTION('',(-0.,-0.,-1.));
#7846 = PLANE('',#7847);
#7847 = AXIS2_PLACEMENT_3D('',#7848,#7849,#7850);
#7848 = CARTESIAN_POINT('',(18.780000000001,-3.625,15.));
#7849 = DIRECTION('',(1.,0.,0.));
#7850 = DIRECTION('',(0.,1.,0.));
#7851 = ADVANCED_FACE('',(#7852),#7870,.F.);
#7852 = FACE_BOUND('',#7853,.F.);
#7853 = EDGE_LOOP('',(#7854,#7855,#7863,#7869));
#7854 = ORIENTED_EDGE('',*,*,#7841,.T.);
#7855 = ORIENTED_EDGE('',*,*,#7856,.T.);
#7856 = EDGE_CURVE('',#7834,#7857,#7859,.T.);
#7857 = VERTEX_POINT('',#7858);
#7858 = CARTESIAN_POINT('',(16.779999999999,3.625,5.));
#7859 = LINE('',#7860,#7861);
#7860 = CARTESIAN_POINT('',(18.780000000001,3.625,5.));
#7861 = VECTOR('',#7862,1.);
#7862 = DIRECTION('',(-1.,0.,0.));
#7863 = ORIENTED_EDGE('',*,*,#7864,.F.);
#7864 = EDGE_CURVE('',#3123,#7857,#7865,.T.);
#7865 = LINE('',#7866,#7867);
#7866 = CARTESIAN_POINT('',(16.779999999999,3.625,15.));
#7867 = VECTOR('',#7868,1.);
#7868 = DIRECTION('',(-0.,-0.,-1.));
#7869 = ORIENTED_EDGE('',*,*,#3130,.F.);
#7870 = PLANE('',#7871);
#7871 = AXIS2_PLACEMENT_3D('',#7872,#7873,#7874);
#7872 = CARTESIAN_POINT('',(18.780000000001,3.625,15.));
#7873 = DIRECTION('',(0.,1.,0.));
#7874 = DIRECTION('',(-1.,0.,0.));
#7875 = ADVANCED_FACE('',(#7876),#7902,.F.);
#7876 = FACE_BOUND('',#7877,.F.);
#7877 = EDGE_LOOP('',(#7878,#7879,#7880,#7888,#7896));
#7878 = ORIENTED_EDGE('',*,*,#3122,.F.);
#7879 = ORIENTED_EDGE('',*,*,#7864,.T.);
#7880 = ORIENTED_EDGE('',*,*,#7881,.T.);
#7881 = EDGE_CURVE('',#7857,#7882,#7884,.T.);
#7882 = VERTEX_POINT('',#7883);
#7883 = CARTESIAN_POINT('',(16.779999999999,1.,5.));
#7884 = LINE('',#7885,#7886);
#7885 = CARTESIAN_POINT('',(16.779999999999,3.625,5.));
#7886 = VECTOR('',#7887,1.);
#7887 = DIRECTION('',(0.,-1.,0.));
#7888 = ORIENTED_EDGE('',*,*,#7889,.T.);
#7889 = EDGE_CURVE('',#7882,#7890,#7892,.T.);
#7890 = VERTEX_POINT('',#7891);
#7891 = CARTESIAN_POINT('',(16.779999999999,1.,14.));
#7892 = LINE('',#7893,#7894);
#7893 = CARTESIAN_POINT('',(16.779999999999,1.,15.));
#7894 = VECTOR('',#7895,1.);
#7895 = DIRECTION('',(0.,0.,1.));
#7896 = ORIENTED_EDGE('',*,*,#7897,.F.);
#7897 = EDGE_CURVE('',#3115,#7890,#7898,.T.);
#7898 = LINE('',#7899,#7900);
#7899 = CARTESIAN_POINT('',(16.779999999999,2.15625,15.15625));
#7900 = VECTOR('',#7901,1.);
#7901 = DIRECTION('',(-0.,-0.707106781187,-0.707106781187));
#7902 = PLANE('',#7903);
#7903 = AXIS2_PLACEMENT_3D('',#7904,#7905,#7906);
#7904 = CARTESIAN_POINT('',(16.779999999999,3.625,15.));
#7905 = DIRECTION('',(-1.,0.,0.));
#7906 = DIRECTION('',(0.,-1.,0.));
#7907 = ADVANCED_FACE('',(#7908),#7926,.F.);
#7908 = FACE_BOUND('',#7909,.T.);
#7909 = EDGE_LOOP('',(#7910,#7911,#7912,#7920));
#7910 = ORIENTED_EDGE('',*,*,#7897,.F.);
#7911 = ORIENTED_EDGE('',*,*,#3114,.T.);
#7912 = ORIENTED_EDGE('',*,*,#7913,.F.);
#7913 = EDGE_CURVE('',#7914,#3107,#7916,.T.);
#7914 = VERTEX_POINT('',#7915);
#7915 = CARTESIAN_POINT('',(16.240000000001,1.,14.));
#7916 = LINE('',#7917,#7918);
#7917 = CARTESIAN_POINT('',(16.240000000001,0.34375,13.34375));
#7918 = VECTOR('',#7919,1.);
#7919 = DIRECTION('',(0.,0.707106781187,0.707106781187));
#7920 = ORIENTED_EDGE('',*,*,#7921,.F.);
#7921 = EDGE_CURVE('',#7890,#7914,#7922,.T.);
#7922 = LINE('',#7923,#7924);
#7923 = CARTESIAN_POINT('',(33.25,1.,14.));
#7924 = VECTOR('',#7925,1.);
#7925 = DIRECTION('',(-1.,0.,0.));
#7926 = PLANE('',#7927);
#7927 = AXIS2_PLACEMENT_3D('',#7928,#7929,#7930);
#7928 = CARTESIAN_POINT('',(33.25,1.5,14.5));
#7929 = DIRECTION('',(0.,0.707106781187,-0.707106781187));
#7930 = DIRECTION('',(1.,0.,0.));
#7931 = ADVANCED_FACE('',(#7932),#7958,.F.);
#7932 = FACE_BOUND('',#7933,.F.);
#7933 = EDGE_LOOP('',(#7934,#7935,#7936,#7944,#7952));
#7934 = ORIENTED_EDGE('',*,*,#3106,.F.);
#7935 = ORIENTED_EDGE('',*,*,#7913,.F.);
#7936 = ORIENTED_EDGE('',*,*,#7937,.T.);
#7937 = EDGE_CURVE('',#7914,#7938,#7940,.T.);
#7938 = VERTEX_POINT('',#7939);
#7939 = CARTESIAN_POINT('',(16.240000000001,1.,5.));
#7940 = LINE('',#7941,#7942);
#7941 = CARTESIAN_POINT('',(16.240000000001,1.,15.));
#7942 = VECTOR('',#7943,1.);
#7943 = DIRECTION('',(0.,0.,-1.));
#7944 = ORIENTED_EDGE('',*,*,#7945,.T.);
#7945 = EDGE_CURVE('',#7938,#7946,#7948,.T.);
#7946 = VERTEX_POINT('',#7947);
#7947 = CARTESIAN_POINT('',(16.240000000001,3.625,5.));
#7948 = LINE('',#7949,#7950);
#7949 = CARTESIAN_POINT('',(16.240000000001,-3.625,5.));
#7950 = VECTOR('',#7951,1.);
#7951 = DIRECTION('',(0.,1.,0.));
#7952 = ORIENTED_EDGE('',*,*,#7953,.F.);
#7953 = EDGE_CURVE('',#3099,#7946,#7954,.T.);
#7954 = LINE('',#7955,#7956);
#7955 = CARTESIAN_POINT('',(16.240000000001,3.625,15.));
#7956 = VECTOR('',#7957,1.);
#7957 = DIRECTION('',(-0.,-0.,-1.));
#7958 = PLANE('',#7959);
#7959 = AXIS2_PLACEMENT_3D('',#7960,#7961,#7962);
#7960 = CARTESIAN_POINT('',(16.240000000001,-3.625,15.));
#7961 = DIRECTION('',(1.,0.,0.));
#7962 = DIRECTION('',(0.,1.,0.));
#7963 = ADVANCED_FACE('',(#7964),#7982,.F.);
#7964 = FACE_BOUND('',#7965,.F.);
#7965 = EDGE_LOOP('',(#7966,#7967,#7975,#7981));
#7966 = ORIENTED_EDGE('',*,*,#7953,.T.);
#7967 = ORIENTED_EDGE('',*,*,#7968,.T.);
#7968 = EDGE_CURVE('',#7946,#7969,#7971,.T.);
#7969 = VERTEX_POINT('',#7970);
#7970 = CARTESIAN_POINT('',(14.239999999999,3.625,5.));
#7971 = LINE('',#7972,#7973);
#7972 = CARTESIAN_POINT('',(16.240000000001,3.625,5.));
#7973 = VECTOR('',#7974,1.);
#7974 = DIRECTION('',(-1.,0.,0.));
#7975 = ORIENTED_EDGE('',*,*,#7976,.F.);
#7976 = EDGE_CURVE('',#3091,#7969,#7977,.T.);
#7977 = LINE('',#7978,#7979);
#7978 = CARTESIAN_POINT('',(14.239999999999,3.625,15.));
#7979 = VECTOR('',#7980,1.);
#7980 = DIRECTION('',(-0.,-0.,-1.));
#7981 = ORIENTED_EDGE('',*,*,#3098,.F.);
#7982 = PLANE('',#7983);
#7983 = AXIS2_PLACEMENT_3D('',#7984,#7985,#7986);
#7984 = CARTESIAN_POINT('',(16.240000000001,3.625,15.));
#7985 = DIRECTION('',(0.,1.,0.));
#7986 = DIRECTION('',(-1.,0.,0.));
#7987 = ADVANCED_FACE('',(#7988),#8014,.F.);
#7988 = FACE_BOUND('',#7989,.F.);
#7989 = EDGE_LOOP('',(#7990,#7991,#7992,#8000,#8008));
#7990 = ORIENTED_EDGE('',*,*,#3090,.F.);
#7991 = ORIENTED_EDGE('',*,*,#7976,.T.);
#7992 = ORIENTED_EDGE('',*,*,#7993,.T.);
#7993 = EDGE_CURVE('',#7969,#7994,#7996,.T.);
#7994 = VERTEX_POINT('',#7995);
#7995 = CARTESIAN_POINT('',(14.239999999999,1.,5.));
#7996 = LINE('',#7997,#7998);
#7997 = CARTESIAN_POINT('',(14.239999999999,3.625,5.));
#7998 = VECTOR('',#7999,1.);
#7999 = DIRECTION('',(0.,-1.,0.));
#8000 = ORIENTED_EDGE('',*,*,#8001,.T.);
#8001 = EDGE_CURVE('',#7994,#8002,#8004,.T.);
#8002 = VERTEX_POINT('',#8003);
#8003 = CARTESIAN_POINT('',(14.239999999999,1.,14.));
#8004 = LINE('',#8005,#8006);
#8005 = CARTESIAN_POINT('',(14.239999999999,1.,15.));
#8006 = VECTOR('',#8007,1.);
#8007 = DIRECTION('',(0.,0.,1.));
#8008 = ORIENTED_EDGE('',*,*,#8009,.F.);
#8009 = EDGE_CURVE('',#3083,#8002,#8010,.T.);
#8010 = LINE('',#8011,#8012);
#8011 = CARTESIAN_POINT('',(14.239999999999,2.15625,15.15625));
#8012 = VECTOR('',#8013,1.);
#8013 = DIRECTION('',(-0.,-0.707106781187,-0.707106781187));
#8014 = PLANE('',#8015);
#8015 = AXIS2_PLACEMENT_3D('',#8016,#8017,#8018);
#8016 = CARTESIAN_POINT('',(14.239999999999,3.625,15.));
#8017 = DIRECTION('',(-1.,0.,0.));
#8018 = DIRECTION('',(0.,-1.,0.));
#8019 = ADVANCED_FACE('',(#8020),#8038,.F.);
#8020 = FACE_BOUND('',#8021,.T.);
#8021 = EDGE_LOOP('',(#8022,#8023,#8024,#8032));
#8022 = ORIENTED_EDGE('',*,*,#8009,.F.);
#8023 = ORIENTED_EDGE('',*,*,#3082,.T.);
#8024 = ORIENTED_EDGE('',*,*,#8025,.F.);
#8025 = EDGE_CURVE('',#8026,#3075,#8028,.T.);
#8026 = VERTEX_POINT('',#8027);
#8027 = CARTESIAN_POINT('',(13.700000000001,1.,14.));
#8028 = LINE('',#8029,#8030);
#8029 = CARTESIAN_POINT('',(13.700000000001,0.34375,13.34375));
#8030 = VECTOR('',#8031,1.);
#8031 = DIRECTION('',(0.,0.707106781187,0.707106781187));
#8032 = ORIENTED_EDGE('',*,*,#8033,.F.);
#8033 = EDGE_CURVE('',#8002,#8026,#8034,.T.);
#8034 = LINE('',#8035,#8036);
#8035 = CARTESIAN_POINT('',(33.25,1.,14.));
#8036 = VECTOR('',#8037,1.);
#8037 = DIRECTION('',(-1.,0.,0.));
#8038 = PLANE('',#8039);
#8039 = AXIS2_PLACEMENT_3D('',#8040,#8041,#8042);
#8040 = CARTESIAN_POINT('',(33.25,1.5,14.5));
#8041 = DIRECTION('',(0.,0.707106781187,-0.707106781187));
#8042 = DIRECTION('',(1.,0.,0.));
#8043 = ADVANCED_FACE('',(#8044),#8070,.F.);
#8044 = FACE_BOUND('',#8045,.F.);
#8045 = EDGE_LOOP('',(#8046,#8047,#8048,#8056,#8064));
#8046 = ORIENTED_EDGE('',*,*,#3074,.F.);
#8047 = ORIENTED_EDGE('',*,*,#8025,.F.);
#8048 = ORIENTED_EDGE('',*,*,#8049,.T.);
#8049 = EDGE_CURVE('',#8026,#8050,#8052,.T.);
#8050 = VERTEX_POINT('',#8051);
#8051 = CARTESIAN_POINT('',(13.700000000001,1.,5.));
#8052 = LINE('',#8053,#8054);
#8053 = CARTESIAN_POINT('',(13.700000000001,1.,15.));
#8054 = VECTOR('',#8055,1.);
#8055 = DIRECTION('',(0.,0.,-1.));
#8056 = ORIENTED_EDGE('',*,*,#8057,.T.);
#8057 = EDGE_CURVE('',#8050,#8058,#8060,.T.);
#8058 = VERTEX_POINT('',#8059);
#8059 = CARTESIAN_POINT('',(13.700000000001,3.625,5.));
#8060 = LINE('',#8061,#8062);
#8061 = CARTESIAN_POINT('',(13.700000000001,-3.625,5.));
#8062 = VECTOR('',#8063,1.);
#8063 = DIRECTION('',(0.,1.,0.));
#8064 = ORIENTED_EDGE('',*,*,#8065,.F.);
#8065 = EDGE_CURVE('',#3067,#8058,#8066,.T.);
#8066 = LINE('',#8067,#8068);
#8067 = CARTESIAN_POINT('',(13.700000000001,3.625,15.));
#8068 = VECTOR('',#8069,1.);
#8069 = DIRECTION('',(-0.,-0.,-1.));
#8070 = PLANE('',#8071);
#8071 = AXIS2_PLACEMENT_3D('',#8072,#8073,#8074);
#8072 = CARTESIAN_POINT('',(13.700000000001,-3.625,15.));
#8073 = DIRECTION('',(1.,0.,0.));
#8074 = DIRECTION('',(0.,1.,0.));
#8075 = ADVANCED_FACE('',(#8076),#8094,.F.);
#8076 = FACE_BOUND('',#8077,.F.);
#8077 = EDGE_LOOP('',(#8078,#8079,#8087,#8093));
#8078 = ORIENTED_EDGE('',*,*,#8065,.T.);
#8079 = ORIENTED_EDGE('',*,*,#8080,.T.);
#8080 = EDGE_CURVE('',#8058,#8081,#8083,.T.);
#8081 = VERTEX_POINT('',#8082);
#8082 = CARTESIAN_POINT('',(11.699999999999,3.625,5.));
#8083 = LINE('',#8084,#8085);
#8084 = CARTESIAN_POINT('',(13.700000000001,3.625,5.));
#8085 = VECTOR('',#8086,1.);
#8086 = DIRECTION('',(-1.,0.,0.));
#8087 = ORIENTED_EDGE('',*,*,#8088,.F.);
#8088 = EDGE_CURVE('',#3059,#8081,#8089,.T.);
#8089 = LINE('',#8090,#8091);
#8090 = CARTESIAN_POINT('',(11.699999999999,3.625,15.));
#8091 = VECTOR('',#8092,1.);
#8092 = DIRECTION('',(-0.,-0.,-1.));
#8093 = ORIENTED_EDGE('',*,*,#3066,.F.);
#8094 = PLANE('',#8095);
#8095 = AXIS2_PLACEMENT_3D('',#8096,#8097,#8098);
#8096 = CARTESIAN_POINT('',(13.700000000001,3.625,15.));
#8097 = DIRECTION('',(0.,1.,0.));
#8098 = DIRECTION('',(-1.,0.,0.));
#8099 = ADVANCED_FACE('',(#8100),#8126,.F.);
#8100 = FACE_BOUND('',#8101,.F.);
#8101 = EDGE_LOOP('',(#8102,#8103,#8104,#8112,#8120));
#8102 = ORIENTED_EDGE('',*,*,#3058,.F.);
#8103 = ORIENTED_EDGE('',*,*,#8088,.T.);
#8104 = ORIENTED_EDGE('',*,*,#8105,.T.);
#8105 = EDGE_CURVE('',#8081,#8106,#8108,.T.);
#8106 = VERTEX_POINT('',#8107);
#8107 = CARTESIAN_POINT('',(11.699999999999,1.,5.));
#8108 = LINE('',#8109,#8110);
#8109 = CARTESIAN_POINT('',(11.699999999999,3.625,5.));
#8110 = VECTOR('',#8111,1.);
#8111 = DIRECTION('',(0.,-1.,0.));
#8112 = ORIENTED_EDGE('',*,*,#8113,.T.);
#8113 = EDGE_CURVE('',#8106,#8114,#8116,.T.);
#8114 = VERTEX_POINT('',#8115);
#8115 = CARTESIAN_POINT('',(11.699999999999,1.,14.));
#8116 = LINE('',#8117,#8118);
#8117 = CARTESIAN_POINT('',(11.699999999999,1.,15.));
#8118 = VECTOR('',#8119,1.);
#8119 = DIRECTION('',(0.,0.,1.));
#8120 = ORIENTED_EDGE('',*,*,#8121,.F.);
#8121 = EDGE_CURVE('',#3051,#8114,#8122,.T.);
#8122 = LINE('',#8123,#8124);
#8123 = CARTESIAN_POINT('',(11.699999999999,2.15625,15.15625));
#8124 = VECTOR('',#8125,1.);
#8125 = DIRECTION('',(-0.,-0.707106781187,-0.707106781187));
#8126 = PLANE('',#8127);
#8127 = AXIS2_PLACEMENT_3D('',#8128,#8129,#8130);
#8128 = CARTESIAN_POINT('',(11.699999999999,3.625,15.));
#8129 = DIRECTION('',(-1.,0.,0.));
#8130 = DIRECTION('',(0.,-1.,0.));
#8131 = ADVANCED_FACE('',(#8132),#8150,.F.);
#8132 = FACE_BOUND('',#8133,.T.);
#8133 = EDGE_LOOP('',(#8134,#8135,#8136,#8144));
#8134 = ORIENTED_EDGE('',*,*,#8121,.F.);
#8135 = ORIENTED_EDGE('',*,*,#3050,.T.);
#8136 = ORIENTED_EDGE('',*,*,#8137,.F.);
#8137 = EDGE_CURVE('',#8138,#3043,#8140,.T.);
#8138 = VERTEX_POINT('',#8139);
#8139 = CARTESIAN_POINT('',(11.160000000001,1.,14.));
#8140 = LINE('',#8141,#8142);
#8141 = CARTESIAN_POINT('',(11.160000000001,0.34375,13.34375));
#8142 = VECTOR('',#8143,1.);
#8143 = DIRECTION('',(0.,0.707106781187,0.707106781187));
#8144 = ORIENTED_EDGE('',*,*,#8145,.F.);
#8145 = EDGE_CURVE('',#8114,#8138,#8146,.T.);
#8146 = LINE('',#8147,#8148);
#8147 = CARTESIAN_POINT('',(33.25,1.,14.));
#8148 = VECTOR('',#8149,1.);
#8149 = DIRECTION('',(-1.,0.,0.));
#8150 = PLANE('',#8151);
#8151 = AXIS2_PLACEMENT_3D('',#8152,#8153,#8154);
#8152 = CARTESIAN_POINT('',(33.25,1.5,14.5));
#8153 = DIRECTION('',(0.,0.707106781187,-0.707106781187));
#8154 = DIRECTION('',(1.,0.,0.));
#8155 = ADVANCED_FACE('',(#8156),#8182,.F.);
#8156 = FACE_BOUND('',#8157,.F.);
#8157 = EDGE_LOOP('',(#8158,#8159,#8160,#8168,#8176));
#8158 = ORIENTED_EDGE('',*,*,#3042,.F.);
#8159 = ORIENTED_EDGE('',*,*,#8137,.F.);
#8160 = ORIENTED_EDGE('',*,*,#8161,.T.);
#8161 = EDGE_CURVE('',#8138,#8162,#8164,.T.);
#8162 = VERTEX_POINT('',#8163);
#8163 = CARTESIAN_POINT('',(11.160000000001,1.,5.));
#8164 = LINE('',#8165,#8166);
#8165 = CARTESIAN_POINT('',(11.160000000001,1.,15.));
#8166 = VECTOR('',#8167,1.);
#8167 = DIRECTION('',(0.,0.,-1.));
#8168 = ORIENTED_EDGE('',*,*,#8169,.T.);
#8169 = EDGE_CURVE('',#8162,#8170,#8172,.T.);
#8170 = VERTEX_POINT('',#8171);
#8171 = CARTESIAN_POINT('',(11.160000000001,3.625,5.));
#8172 = LINE('',#8173,#8174);
#8173 = CARTESIAN_POINT('',(11.160000000001,-3.625,5.));
#8174 = VECTOR('',#8175,1.);
#8175 = DIRECTION('',(0.,1.,0.));
#8176 = ORIENTED_EDGE('',*,*,#8177,.F.);
#8177 = EDGE_CURVE('',#3035,#8170,#8178,.T.);
#8178 = LINE('',#8179,#8180);
#8179 = CARTESIAN_POINT('',(11.160000000001,3.625,15.));
#8180 = VECTOR('',#8181,1.);
#8181 = DIRECTION('',(-0.,-0.,-1.));
#8182 = PLANE('',#8183);
#8183 = AXIS2_PLACEMENT_3D('',#8184,#8185,#8186);
#8184 = CARTESIAN_POINT('',(11.160000000001,-3.625,15.));
#8185 = DIRECTION('',(1.,0.,0.));
#8186 = DIRECTION('',(0.,1.,0.));
#8187 = ADVANCED_FACE('',(#8188),#8206,.F.);
#8188 = FACE_BOUND('',#8189,.F.);
#8189 = EDGE_LOOP('',(#8190,#8191,#8199,#8205));
#8190 = ORIENTED_EDGE('',*,*,#8177,.T.);
#8191 = ORIENTED_EDGE('',*,*,#8192,.T.);
#8192 = EDGE_CURVE('',#8170,#8193,#8195,.T.);
#8193 = VERTEX_POINT('',#8194);
#8194 = CARTESIAN_POINT('',(9.159999999999,3.625,5.));
#8195 = LINE('',#8196,#8197);
#8196 = CARTESIAN_POINT('',(11.160000000001,3.625,5.));
#8197 = VECTOR('',#8198,1.);
#8198 = DIRECTION('',(-1.,0.,0.));
#8199 = ORIENTED_EDGE('',*,*,#8200,.F.);
#8200 = EDGE_CURVE('',#3027,#8193,#8201,.T.);
#8201 = LINE('',#8202,#8203);
#8202 = CARTESIAN_POINT('',(9.159999999999,3.625,15.));
#8203 = VECTOR('',#8204,1.);
#8204 = DIRECTION('',(-0.,-0.,-1.));
#8205 = ORIENTED_EDGE('',*,*,#3034,.F.);
#8206 = PLANE('',#8207);
#8207 = AXIS2_PLACEMENT_3D('',#8208,#8209,#8210);
#8208 = CARTESIAN_POINT('',(11.160000000001,3.625,15.));
#8209 = DIRECTION('',(0.,1.,0.));
#8210 = DIRECTION('',(-1.,0.,0.));
#8211 = ADVANCED_FACE('',(#8212),#8238,.F.);
#8212 = FACE_BOUND('',#8213,.F.);
#8213 = EDGE_LOOP('',(#8214,#8215,#8216,#8224,#8232));
#8214 = ORIENTED_EDGE('',*,*,#3026,.F.);
#8215 = ORIENTED_EDGE('',*,*,#8200,.T.);
#8216 = ORIENTED_EDGE('',*,*,#8217,.T.);
#8217 = EDGE_CURVE('',#8193,#8218,#8220,.T.);
#8218 = VERTEX_POINT('',#8219);
#8219 = CARTESIAN_POINT('',(9.159999999999,1.,5.));
#8220 = LINE('',#8221,#8222);
#8221 = CARTESIAN_POINT('',(9.159999999999,3.625,5.));
#8222 = VECTOR('',#8223,1.);
#8223 = DIRECTION('',(0.,-1.,0.));
#8224 = ORIENTED_EDGE('',*,*,#8225,.T.);
#8225 = EDGE_CURVE('',#8218,#8226,#8228,.T.);
#8226 = VERTEX_POINT('',#8227);
#8227 = CARTESIAN_POINT('',(9.159999999999,1.,14.));
#8228 = LINE('',#8229,#8230);
#8229 = CARTESIAN_POINT('',(9.159999999999,1.,15.));
#8230 = VECTOR('',#8231,1.);
#8231 = DIRECTION('',(0.,0.,1.));
#8232 = ORIENTED_EDGE('',*,*,#8233,.F.);
#8233 = EDGE_CURVE('',#3019,#8226,#8234,.T.);
#8234 = LINE('',#8235,#8236);
#8235 = CARTESIAN_POINT('',(9.159999999999,2.15625,15.15625));
#8236 = VECTOR('',#8237,1.);
#8237 = DIRECTION('',(-0.,-0.707106781187,-0.707106781187));
#8238 = PLANE('',#8239);
#8239 = AXIS2_PLACEMENT_3D('',#8240,#8241,#8242);
#8240 = CARTESIAN_POINT('',(9.159999999999,3.625,15.));
#8241 = DIRECTION('',(-1.,0.,0.));
#8242 = DIRECTION('',(0.,-1.,0.));
#8243 = ADVANCED_FACE('',(#8244),#8262,.F.);
#8244 = FACE_BOUND('',#8245,.T.);
#8245 = EDGE_LOOP('',(#8246,#8247,#8248,#8256));
#8246 = ORIENTED_EDGE('',*,*,#8233,.F.);
#8247 = ORIENTED_EDGE('',*,*,#3018,.T.);
#8248 = ORIENTED_EDGE('',*,*,#8249,.F.);
#8249 = EDGE_CURVE('',#8250,#3011,#8252,.T.);
#8250 = VERTEX_POINT('',#8251);
#8251 = CARTESIAN_POINT('',(8.620000000001,1.,14.));
#8252 = LINE('',#8253,#8254);
#8253 = CARTESIAN_POINT('',(8.620000000001,0.34375,13.34375));
#8254 = VECTOR('',#8255,1.);
#8255 = DIRECTION('',(0.,0.707106781187,0.707106781187));
#8256 = ORIENTED_EDGE('',*,*,#8257,.F.);
#8257 = EDGE_CURVE('',#8226,#8250,#8258,.T.);
#8258 = LINE('',#8259,#8260);
#8259 = CARTESIAN_POINT('',(33.25,1.,14.));
#8260 = VECTOR('',#8261,1.);
#8261 = DIRECTION('',(-1.,0.,0.));
#8262 = PLANE('',#8263);
#8263 = AXIS2_PLACEMENT_3D('',#8264,#8265,#8266);
#8264 = CARTESIAN_POINT('',(33.25,1.5,14.5));
#8265 = DIRECTION('',(0.,0.707106781187,-0.707106781187));
#8266 = DIRECTION('',(1.,0.,0.));
#8267 = ADVANCED_FACE('',(#8268),#8294,.F.);
#8268 = FACE_BOUND('',#8269,.F.);
#8269 = EDGE_LOOP('',(#8270,#8271,#8272,#8280,#8288));
#8270 = ORIENTED_EDGE('',*,*,#3010,.F.);
#8271 = ORIENTED_EDGE('',*,*,#8249,.F.);
#8272 = ORIENTED_EDGE('',*,*,#8273,.T.);
#8273 = EDGE_CURVE('',#8250,#8274,#8276,.T.);
#8274 = VERTEX_POINT('',#8275);
#8275 = CARTESIAN_POINT('',(8.620000000001,1.,5.));
#8276 = LINE('',#8277,#8278);
#8277 = CARTESIAN_POINT('',(8.620000000001,1.,15.));
#8278 = VECTOR('',#8279,1.);
#8279 = DIRECTION('',(0.,0.,-1.));
#8280 = ORIENTED_EDGE('',*,*,#8281,.T.);
#8281 = EDGE_CURVE('',#8274,#8282,#8284,.T.);
#8282 = VERTEX_POINT('',#8283);
#8283 = CARTESIAN_POINT('',(8.620000000001,3.625,5.));
#8284 = LINE('',#8285,#8286);
#8285 = CARTESIAN_POINT('',(8.620000000001,-3.625,5.));
#8286 = VECTOR('',#8287,1.);
#8287 = DIRECTION('',(0.,1.,0.));
#8288 = ORIENTED_EDGE('',*,*,#8289,.F.);
#8289 = EDGE_CURVE('',#3003,#8282,#8290,.T.);
#8290 = LINE('',#8291,#8292);
#8291 = CARTESIAN_POINT('',(8.620000000001,3.625,15.));
#8292 = VECTOR('',#8293,1.);
#8293 = DIRECTION('',(-0.,-0.,-1.));
#8294 = PLANE('',#8295);
#8295 = AXIS2_PLACEMENT_3D('',#8296,#8297,#8298);
#8296 = CARTESIAN_POINT('',(8.620000000001,-3.625,15.));
#8297 = DIRECTION('',(1.,0.,0.));
#8298 = DIRECTION('',(0.,1.,0.));
#8299 = ADVANCED_FACE('',(#8300),#8318,.F.);
#8300 = FACE_BOUND('',#8301,.F.);
#8301 = EDGE_LOOP('',(#8302,#8303,#8311,#8317));
#8302 = ORIENTED_EDGE('',*,*,#8289,.T.);
#8303 = ORIENTED_EDGE('',*,*,#8304,.T.);
#8304 = EDGE_CURVE('',#8282,#8305,#8307,.T.);
#8305 = VERTEX_POINT('',#8306);
#8306 = CARTESIAN_POINT('',(6.619999999999,3.625,5.));
#8307 = LINE('',#8308,#8309);
#8308 = CARTESIAN_POINT('',(8.620000000001,3.625,5.));
#8309 = VECTOR('',#8310,1.);
#8310 = DIRECTION('',(-1.,0.,0.));
#8311 = ORIENTED_EDGE('',*,*,#8312,.F.);
#8312 = EDGE_CURVE('',#2995,#8305,#8313,.T.);
#8313 = LINE('',#8314,#8315);
#8314 = CARTESIAN_POINT('',(6.619999999999,3.625,15.));
#8315 = VECTOR('',#8316,1.);
#8316 = DIRECTION('',(-0.,-0.,-1.));
#8317 = ORIENTED_EDGE('',*,*,#3002,.F.);
#8318 = PLANE('',#8319);
#8319 = AXIS2_PLACEMENT_3D('',#8320,#8321,#8322);
#8320 = CARTESIAN_POINT('',(8.620000000001,3.625,15.));
#8321 = DIRECTION('',(0.,1.,0.));
#8322 = DIRECTION('',(-1.,0.,0.));
#8323 = ADVANCED_FACE('',(#8324),#8350,.F.);
#8324 = FACE_BOUND('',#8325,.F.);
#8325 = EDGE_LOOP('',(#8326,#8327,#8328,#8336,#8344));
#8326 = ORIENTED_EDGE('',*,*,#2994,.F.);
#8327 = ORIENTED_EDGE('',*,*,#8312,.T.);
#8328 = ORIENTED_EDGE('',*,*,#8329,.T.);
#8329 = EDGE_CURVE('',#8305,#8330,#8332,.T.);
#8330 = VERTEX_POINT('',#8331);
#8331 = CARTESIAN_POINT('',(6.619999999999,1.,5.));
#8332 = LINE('',#8333,#8334);
#8333 = CARTESIAN_POINT('',(6.619999999999,3.625,5.));
#8334 = VECTOR('',#8335,1.);
#8335 = DIRECTION('',(0.,-1.,0.));
#8336 = ORIENTED_EDGE('',*,*,#8337,.T.);
#8337 = EDGE_CURVE('',#8330,#8338,#8340,.T.);
#8338 = VERTEX_POINT('',#8339);
#8339 = CARTESIAN_POINT('',(6.619999999999,1.,14.));
#8340 = LINE('',#8341,#8342);
#8341 = CARTESIAN_POINT('',(6.619999999999,1.,15.));
#8342 = VECTOR('',#8343,1.);
#8343 = DIRECTION('',(0.,0.,1.));
#8344 = ORIENTED_EDGE('',*,*,#8345,.F.);
#8345 = EDGE_CURVE('',#2987,#8338,#8346,.T.);
#8346 = LINE('',#8347,#8348);
#8347 = CARTESIAN_POINT('',(6.619999999999,2.15625,15.15625));
#8348 = VECTOR('',#8349,1.);
#8349 = DIRECTION('',(-0.,-0.707106781187,-0.707106781187));
#8350 = PLANE('',#8351);
#8351 = AXIS2_PLACEMENT_3D('',#8352,#8353,#8354);
#8352 = CARTESIAN_POINT('',(6.619999999999,3.625,15.));
#8353 = DIRECTION('',(-1.,0.,0.));
#8354 = DIRECTION('',(0.,-1.,0.));
#8355 = ADVANCED_FACE('',(#8356),#8374,.F.);
#8356 = FACE_BOUND('',#8357,.T.);
#8357 = EDGE_LOOP('',(#8358,#8359,#8360,#8368));
#8358 = ORIENTED_EDGE('',*,*,#8345,.F.);
#8359 = ORIENTED_EDGE('',*,*,#2986,.T.);
#8360 = ORIENTED_EDGE('',*,*,#8361,.F.);
#8361 = EDGE_CURVE('',#8362,#2979,#8364,.T.);
#8362 = VERTEX_POINT('',#8363);
#8363 = CARTESIAN_POINT('',(6.080000000001,1.,14.));
#8364 = LINE('',#8365,#8366);
#8365 = CARTESIAN_POINT('',(6.080000000001,0.34375,13.34375));
#8366 = VECTOR('',#8367,1.);
#8367 = DIRECTION('',(0.,0.707106781187,0.707106781187));
#8368 = ORIENTED_EDGE('',*,*,#8369,.F.);
#8369 = EDGE_CURVE('',#8338,#8362,#8370,.T.);
#8370 = LINE('',#8371,#8372);
#8371 = CARTESIAN_POINT('',(33.25,1.,14.));
#8372 = VECTOR('',#8373,1.);
#8373 = DIRECTION('',(-1.,0.,0.));
#8374 = PLANE('',#8375);
#8375 = AXIS2_PLACEMENT_3D('',#8376,#8377,#8378);
#8376 = CARTESIAN_POINT('',(33.25,1.5,14.5));
#8377 = DIRECTION('',(0.,0.707106781187,-0.707106781187));
#8378 = DIRECTION('',(1.,0.,0.));
#8379 = ADVANCED_FACE('',(#8380),#8406,.F.);
#8380 = FACE_BOUND('',#8381,.F.);
#8381 = EDGE_LOOP('',(#8382,#8383,#8384,#8392,#8400));
#8382 = ORIENTED_EDGE('',*,*,#2978,.F.);
#8383 = ORIENTED_EDGE('',*,*,#8361,.F.);
#8384 = ORIENTED_EDGE('',*,*,#8385,.T.);
#8385 = EDGE_CURVE('',#8362,#8386,#8388,.T.);
#8386 = VERTEX_POINT('',#8387);
#8387 = CARTESIAN_POINT('',(6.080000000001,1.,5.));
#8388 = LINE('',#8389,#8390);
#8389 = CARTESIAN_POINT('',(6.080000000001,1.,15.));
#8390 = VECTOR('',#8391,1.);
#8391 = DIRECTION('',(0.,0.,-1.));
#8392 = ORIENTED_EDGE('',*,*,#8393,.T.);
#8393 = EDGE_CURVE('',#8386,#8394,#8396,.T.);
#8394 = VERTEX_POINT('',#8395);
#8395 = CARTESIAN_POINT('',(6.080000000001,3.625,5.));
#8396 = LINE('',#8397,#8398);
#8397 = CARTESIAN_POINT('',(6.080000000001,-3.625,5.));
#8398 = VECTOR('',#8399,1.);
#8399 = DIRECTION('',(0.,1.,0.));
#8400 = ORIENTED_EDGE('',*,*,#8401,.F.);
#8401 = EDGE_CURVE('',#2971,#8394,#8402,.T.);
#8402 = LINE('',#8403,#8404);
#8403 = CARTESIAN_POINT('',(6.080000000001,3.625,15.));
#8404 = VECTOR('',#8405,1.);
#8405 = DIRECTION('',(-0.,-0.,-1.));
#8406 = PLANE('',#8407);
#8407 = AXIS2_PLACEMENT_3D('',#8408,#8409,#8410);
#8408 = CARTESIAN_POINT('',(6.080000000001,-3.625,15.));
#8409 = DIRECTION('',(1.,0.,0.));
#8410 = DIRECTION('',(0.,1.,0.));
#8411 = ADVANCED_FACE('',(#8412),#8430,.F.);
#8412 = FACE_BOUND('',#8413,.F.);
#8413 = EDGE_LOOP('',(#8414,#8415,#8423,#8429));
#8414 = ORIENTED_EDGE('',*,*,#8401,.T.);
#8415 = ORIENTED_EDGE('',*,*,#8416,.T.);
#8416 = EDGE_CURVE('',#8394,#8417,#8419,.T.);
#8417 = VERTEX_POINT('',#8418);
#8418 = CARTESIAN_POINT('',(4.079999999999,3.625,5.));
#8419 = LINE('',#8420,#8421);
#8420 = CARTESIAN_POINT('',(6.080000000001,3.625,5.));
#8421 = VECTOR('',#8422,1.);
#8422 = DIRECTION('',(-1.,0.,0.));
#8423 = ORIENTED_EDGE('',*,*,#8424,.F.);
#8424 = EDGE_CURVE('',#2963,#8417,#8425,.T.);
#8425 = LINE('',#8426,#8427);
#8426 = CARTESIAN_POINT('',(4.079999999999,3.625,15.));
#8427 = VECTOR('',#8428,1.);
#8428 = DIRECTION('',(-0.,-0.,-1.));
#8429 = ORIENTED_EDGE('',*,*,#2970,.F.);
#8430 = PLANE('',#8431);
#8431 = AXIS2_PLACEMENT_3D('',#8432,#8433,#8434);
#8432 = CARTESIAN_POINT('',(6.080000000001,3.625,15.));
#8433 = DIRECTION('',(0.,1.,0.));
#8434 = DIRECTION('',(-1.,0.,0.));
#8435 = ADVANCED_FACE('',(#8436),#8462,.F.);
#8436 = FACE_BOUND('',#8437,.F.);
#8437 = EDGE_LOOP('',(#8438,#8439,#8440,#8448,#8456));
#8438 = ORIENTED_EDGE('',*,*,#2962,.F.);
#8439 = ORIENTED_EDGE('',*,*,#8424,.T.);
#8440 = ORIENTED_EDGE('',*,*,#8441,.T.);
#8441 = EDGE_CURVE('',#8417,#8442,#8444,.T.);
#8442 = VERTEX_POINT('',#8443);
#8443 = CARTESIAN_POINT('',(4.079999999999,1.,5.));
#8444 = LINE('',#8445,#8446);
#8445 = CARTESIAN_POINT('',(4.079999999999,3.625,5.));
#8446 = VECTOR('',#8447,1.);
#8447 = DIRECTION('',(0.,-1.,0.));
#8448 = ORIENTED_EDGE('',*,*,#8449,.T.);
#8449 = EDGE_CURVE('',#8442,#8450,#8452,.T.);
#8450 = VERTEX_POINT('',#8451);
#8451 = CARTESIAN_POINT('',(4.079999999999,1.,14.));
#8452 = LINE('',#8453,#8454);
#8453 = CARTESIAN_POINT('',(4.079999999999,1.,15.));
#8454 = VECTOR('',#8455,1.);
#8455 = DIRECTION('',(0.,0.,1.));
#8456 = ORIENTED_EDGE('',*,*,#8457,.F.);
#8457 = EDGE_CURVE('',#2955,#8450,#8458,.T.);
#8458 = LINE('',#8459,#8460);
#8459 = CARTESIAN_POINT('',(4.079999999999,2.15625,15.15625));
#8460 = VECTOR('',#8461,1.);
#8461 = DIRECTION('',(-0.,-0.707106781187,-0.707106781187));
#8462 = PLANE('',#8463);
#8463 = AXIS2_PLACEMENT_3D('',#8464,#8465,#8466);
#8464 = CARTESIAN_POINT('',(4.079999999999,3.625,15.));
#8465 = DIRECTION('',(-1.,0.,0.));
#8466 = DIRECTION('',(0.,-1.,0.));
#8467 = ADVANCED_FACE('',(#8468),#8486,.F.);
#8468 = FACE_BOUND('',#8469,.T.);
#8469 = EDGE_LOOP('',(#8470,#8471,#8472,#8480));
#8470 = ORIENTED_EDGE('',*,*,#8457,.F.);
#8471 = ORIENTED_EDGE('',*,*,#2954,.T.);
#8472 = ORIENTED_EDGE('',*,*,#8473,.F.);
#8473 = EDGE_CURVE('',#8474,#2947,#8476,.T.);
#8474 = VERTEX_POINT('',#8475);
#8475 = CARTESIAN_POINT('',(3.54,1.,14.));
#8476 = LINE('',#8477,#8478);
#8477 = CARTESIAN_POINT('',(3.54,0.34375,13.34375));
#8478 = VECTOR('',#8479,1.);
#8479 = DIRECTION('',(0.,0.707106781187,0.707106781187));
#8480 = ORIENTED_EDGE('',*,*,#8481,.F.);
#8481 = EDGE_CURVE('',#8450,#8474,#8482,.T.);
#8482 = LINE('',#8483,#8484);
#8483 = CARTESIAN_POINT('',(33.25,1.,14.));
#8484 = VECTOR('',#8485,1.);
#8485 = DIRECTION('',(-1.,0.,0.));
#8486 = PLANE('',#8487);
#8487 = AXIS2_PLACEMENT_3D('',#8488,#8489,#8490);
#8488 = CARTESIAN_POINT('',(33.25,1.5,14.5));
#8489 = DIRECTION('',(0.,0.707106781187,-0.707106781187));
#8490 = DIRECTION('',(1.,0.,0.));
#8491 = ADVANCED_FACE('',(#8492),#8518,.F.);
#8492 = FACE_BOUND('',#8493,.F.);
#8493 = EDGE_LOOP('',(#8494,#8495,#8496,#8504,#8512));
#8494 = ORIENTED_EDGE('',*,*,#2946,.F.);
#8495 = ORIENTED_EDGE('',*,*,#8473,.F.);
#8496 = ORIENTED_EDGE('',*,*,#8497,.T.);
#8497 = EDGE_CURVE('',#8474,#8498,#8500,.T.);
#8498 = VERTEX_POINT('',#8499);
#8499 = CARTESIAN_POINT('',(3.54,1.,5.));
#8500 = LINE('',#8501,#8502);
#8501 = CARTESIAN_POINT('',(3.54,1.,15.));
#8502 = VECTOR('',#8503,1.);
#8503 = DIRECTION('',(0.,0.,-1.));
#8504 = ORIENTED_EDGE('',*,*,#8505,.T.);
#8505 = EDGE_CURVE('',#8498,#8506,#8508,.T.);
#8506 = VERTEX_POINT('',#8507);
#8507 = CARTESIAN_POINT('',(3.54,3.625,5.));
#8508 = LINE('',#8509,#8510);
#8509 = CARTESIAN_POINT('',(3.54,-3.625,5.));
#8510 = VECTOR('',#8511,1.);
#8511 = DIRECTION('',(0.,1.,0.));
#8512 = ORIENTED_EDGE('',*,*,#8513,.F.);
#8513 = EDGE_CURVE('',#2939,#8506,#8514,.T.);
#8514 = LINE('',#8515,#8516);
#8515 = CARTESIAN_POINT('',(3.54,3.625,15.));
#8516 = VECTOR('',#8517,1.);
#8517 = DIRECTION('',(-0.,-0.,-1.));
#8518 = PLANE('',#8519);
#8519 = AXIS2_PLACEMENT_3D('',#8520,#8521,#8522);
#8520 = CARTESIAN_POINT('',(3.54,-3.625,15.));
#8521 = DIRECTION('',(1.,0.,0.));
#8522 = DIRECTION('',(0.,1.,0.));
#8523 = ADVANCED_FACE('',(#8524),#8542,.F.);
#8524 = FACE_BOUND('',#8525,.F.);
#8525 = EDGE_LOOP('',(#8526,#8527,#8535,#8541));
#8526 = ORIENTED_EDGE('',*,*,#8513,.T.);
#8527 = ORIENTED_EDGE('',*,*,#8528,.T.);
#8528 = EDGE_CURVE('',#8506,#8529,#8531,.T.);
#8529 = VERTEX_POINT('',#8530);
#8530 = CARTESIAN_POINT('',(1.54,3.625,5.));
#8531 = LINE('',#8532,#8533);
#8532 = CARTESIAN_POINT('',(3.54,3.625,5.));
#8533 = VECTOR('',#8534,1.);
#8534 = DIRECTION('',(-1.,0.,0.));
#8535 = ORIENTED_EDGE('',*,*,#8536,.F.);
#8536 = EDGE_CURVE('',#2931,#8529,#8537,.T.);
#8537 = LINE('',#8538,#8539);
#8538 = CARTESIAN_POINT('',(1.54,3.625,15.));
#8539 = VECTOR('',#8540,1.);
#8540 = DIRECTION('',(-0.,-0.,-1.));
#8541 = ORIENTED_EDGE('',*,*,#2938,.F.);
#8542 = PLANE('',#8543);
#8543 = AXIS2_PLACEMENT_3D('',#8544,#8545,#8546);
#8544 = CARTESIAN_POINT('',(3.54,3.625,15.));
#8545 = DIRECTION('',(0.,1.,0.));
#8546 = DIRECTION('',(-1.,0.,0.));
#8547 = ADVANCED_FACE('',(#8548),#8574,.F.);
#8548 = FACE_BOUND('',#8549,.F.);
#8549 = EDGE_LOOP('',(#8550,#8551,#8552,#8560,#8568));
#8550 = ORIENTED_EDGE('',*,*,#2930,.F.);
#8551 = ORIENTED_EDGE('',*,*,#8536,.T.);
#8552 = ORIENTED_EDGE('',*,*,#8553,.T.);
#8553 = EDGE_CURVE('',#8529,#8554,#8556,.T.);
#8554 = VERTEX_POINT('',#8555);
#8555 = CARTESIAN_POINT('',(1.54,1.,5.));
#8556 = LINE('',#8557,#8558);
#8557 = CARTESIAN_POINT('',(1.54,3.625,5.));
#8558 = VECTOR('',#8559,1.);
#8559 = DIRECTION('',(0.,-1.,0.));
#8560 = ORIENTED_EDGE('',*,*,#8561,.T.);
#8561 = EDGE_CURVE('',#8554,#8562,#8564,.T.);
#8562 = VERTEX_POINT('',#8563);
#8563 = CARTESIAN_POINT('',(1.54,1.,14.));
#8564 = LINE('',#8565,#8566);
#8565 = CARTESIAN_POINT('',(1.54,1.,15.));
#8566 = VECTOR('',#8567,1.);
#8567 = DIRECTION('',(0.,0.,1.));
#8568 = ORIENTED_EDGE('',*,*,#8569,.F.);
#8569 = EDGE_CURVE('',#2923,#8562,#8570,.T.);
#8570 = LINE('',#8571,#8572);
#8571 = CARTESIAN_POINT('',(1.54,2.15625,15.15625));
#8572 = VECTOR('',#8573,1.);
#8573 = DIRECTION('',(-0.,-0.707106781187,-0.707106781187));
#8574 = PLANE('',#8575);
#8575 = AXIS2_PLACEMENT_3D('',#8576,#8577,#8578);
#8576 = CARTESIAN_POINT('',(1.54,3.625,15.));
#8577 = DIRECTION('',(-1.,0.,0.));
#8578 = DIRECTION('',(0.,-1.,0.));
#8579 = ADVANCED_FACE('',(#8580),#8598,.F.);
#8580 = FACE_BOUND('',#8581,.T.);
#8581 = EDGE_LOOP('',(#8582,#8583,#8584,#8592));
#8582 = ORIENTED_EDGE('',*,*,#8569,.F.);
#8583 = ORIENTED_EDGE('',*,*,#2922,.T.);
#8584 = ORIENTED_EDGE('',*,*,#8585,.F.);
#8585 = EDGE_CURVE('',#8586,#2915,#8588,.T.);
#8586 = VERTEX_POINT('',#8587);
#8587 = CARTESIAN_POINT('',(1.,1.,14.));
#8588 = LINE('',#8589,#8590);
#8589 = CARTESIAN_POINT('',(1.,0.34375,13.34375));
#8590 = VECTOR('',#8591,1.);
#8591 = DIRECTION('',(0.,0.707106781187,0.707106781187));
#8592 = ORIENTED_EDGE('',*,*,#8593,.F.);
#8593 = EDGE_CURVE('',#8562,#8586,#8594,.T.);
#8594 = LINE('',#8595,#8596);
#8595 = CARTESIAN_POINT('',(33.25,1.,14.));
#8596 = VECTOR('',#8597,1.);
#8597 = DIRECTION('',(-1.,0.,0.));
#8598 = PLANE('',#8599);
#8599 = AXIS2_PLACEMENT_3D('',#8600,#8601,#8602);
#8600 = CARTESIAN_POINT('',(33.25,1.5,14.5));
#8601 = DIRECTION('',(0.,0.707106781187,-0.707106781187));
#8602 = DIRECTION('',(1.,0.,0.));
#8603 = ADVANCED_FACE('',(#8604),#8630,.F.);
#8604 = FACE_BOUND('',#8605,.F.);
#8605 = EDGE_LOOP('',(#8606,#8607,#8608,#8616,#8624));
#8606 = ORIENTED_EDGE('',*,*,#2914,.F.);
#8607 = ORIENTED_EDGE('',*,*,#8585,.F.);
#8608 = ORIENTED_EDGE('',*,*,#8609,.T.);
#8609 = EDGE_CURVE('',#8586,#8610,#8612,.T.);
#8610 = VERTEX_POINT('',#8611);
#8611 = CARTESIAN_POINT('',(1.,1.,5.));
#8612 = LINE('',#8613,#8614);
#8613 = CARTESIAN_POINT('',(1.,1.,15.));
#8614 = VECTOR('',#8615,1.);
#8615 = DIRECTION('',(0.,0.,-1.));
#8616 = ORIENTED_EDGE('',*,*,#8617,.T.);
#8617 = EDGE_CURVE('',#8610,#8618,#8620,.T.);
#8618 = VERTEX_POINT('',#8619);
#8619 = CARTESIAN_POINT('',(1.,3.625,5.));
#8620 = LINE('',#8621,#8622);
#8621 = CARTESIAN_POINT('',(1.,-3.625,5.));
#8622 = VECTOR('',#8623,1.);
#8623 = DIRECTION('',(0.,1.,0.));
#8624 = ORIENTED_EDGE('',*,*,#8625,.F.);
#8625 = EDGE_CURVE('',#2907,#8618,#8626,.T.);
#8626 = LINE('',#8627,#8628);
#8627 = CARTESIAN_POINT('',(1.,3.625,15.));
#8628 = VECTOR('',#8629,1.);
#8629 = DIRECTION('',(-0.,-0.,-1.));
#8630 = PLANE('',#8631);
#8631 = AXIS2_PLACEMENT_3D('',#8632,#8633,#8634);
#8632 = CARTESIAN_POINT('',(1.,-3.625,15.));
#8633 = DIRECTION('',(1.,0.,0.));
#8634 = DIRECTION('',(0.,1.,0.));
#8635 = ADVANCED_FACE('',(#8636),#8654,.F.);
#8636 = FACE_BOUND('',#8637,.F.);
#8637 = EDGE_LOOP('',(#8638,#8639,#8647,#8653));
#8638 = ORIENTED_EDGE('',*,*,#8625,.T.);
#8639 = ORIENTED_EDGE('',*,*,#8640,.T.);
#8640 = EDGE_CURVE('',#8618,#8641,#8643,.T.);
#8641 = VERTEX_POINT('',#8642);
#8642 = CARTESIAN_POINT('',(-1.,3.625,5.));
#8643 = LINE('',#8644,#8645);
#8644 = CARTESIAN_POINT('',(1.,3.625,5.));
#8645 = VECTOR('',#8646,1.);
#8646 = DIRECTION('',(-1.,0.,0.));
#8647 = ORIENTED_EDGE('',*,*,#8648,.F.);
#8648 = EDGE_CURVE('',#2899,#8641,#8649,.T.);
#8649 = LINE('',#8650,#8651);
#8650 = CARTESIAN_POINT('',(-1.,3.625,15.));
#8651 = VECTOR('',#8652,1.);
#8652 = DIRECTION('',(-0.,-0.,-1.));
#8653 = ORIENTED_EDGE('',*,*,#2906,.F.);
#8654 = PLANE('',#8655);
#8655 = AXIS2_PLACEMENT_3D('',#8656,#8657,#8658);
#8656 = CARTESIAN_POINT('',(1.,3.625,15.));
#8657 = DIRECTION('',(0.,1.,0.));
#8658 = DIRECTION('',(-1.,0.,0.));
#8659 = ADVANCED_FACE('',(#8660),#8686,.F.);
#8660 = FACE_BOUND('',#8661,.F.);
#8661 = EDGE_LOOP('',(#8662,#8663,#8664,#8672,#8680));
#8662 = ORIENTED_EDGE('',*,*,#2898,.F.);
#8663 = ORIENTED_EDGE('',*,*,#8648,.T.);
#8664 = ORIENTED_EDGE('',*,*,#8665,.T.);
#8665 = EDGE_CURVE('',#8641,#8666,#8668,.T.);
#8666 = VERTEX_POINT('',#8667);
#8667 = CARTESIAN_POINT('',(-1.,1.,5.));
#8668 = LINE('',#8669,#8670);
#8669 = CARTESIAN_POINT('',(-1.,3.625,5.));
#8670 = VECTOR('',#8671,1.);
#8671 = DIRECTION('',(0.,-1.,0.));
#8672 = ORIENTED_EDGE('',*,*,#8673,.T.);
#8673 = EDGE_CURVE('',#8666,#8674,#8676,.T.);
#8674 = VERTEX_POINT('',#8675);
#8675 = CARTESIAN_POINT('',(-1.,1.,14.));
#8676 = LINE('',#8677,#8678);
#8677 = CARTESIAN_POINT('',(-1.,1.,15.));
#8678 = VECTOR('',#8679,1.);
#8679 = DIRECTION('',(0.,0.,1.));
#8680 = ORIENTED_EDGE('',*,*,#8681,.F.);
#8681 = EDGE_CURVE('',#2891,#8674,#8682,.T.);
#8682 = LINE('',#8683,#8684);
#8683 = CARTESIAN_POINT('',(-1.,2.15625,15.15625));
#8684 = VECTOR('',#8685,1.);
#8685 = DIRECTION('',(-0.,-0.707106781187,-0.707106781187));
#8686 = PLANE('',#8687);
#8687 = AXIS2_PLACEMENT_3D('',#8688,#8689,#8690);
#8688 = CARTESIAN_POINT('',(-1.,3.625,15.));
#8689 = DIRECTION('',(-1.,0.,0.));
#8690 = DIRECTION('',(0.,-1.,0.));
#8691 = ADVANCED_FACE('',(#8692),#8710,.F.);
#8692 = FACE_BOUND('',#8693,.T.);
#8693 = EDGE_LOOP('',(#8694,#8695,#8696,#8704));
#8694 = ORIENTED_EDGE('',*,*,#8681,.F.);
#8695 = ORIENTED_EDGE('',*,*,#2890,.T.);
#8696 = ORIENTED_EDGE('',*,*,#8697,.F.);
#8697 = EDGE_CURVE('',#8698,#2883,#8700,.T.);
#8698 = VERTEX_POINT('',#8699);
#8699 = CARTESIAN_POINT('',(-1.540000000017,1.,14.));
#8700 = LINE('',#8701,#8702);
#8701 = CARTESIAN_POINT('',(-1.540000000017,0.34375,13.34375));
#8702 = VECTOR('',#8703,1.);
#8703 = DIRECTION('',(0.,0.707106781187,0.707106781187));
#8704 = ORIENTED_EDGE('',*,*,#8705,.F.);
#8705 = EDGE_CURVE('',#8674,#8698,#8706,.T.);
#8706 = LINE('',#8707,#8708);
#8707 = CARTESIAN_POINT('',(33.25,1.,14.));
#8708 = VECTOR('',#8709,1.);
#8709 = DIRECTION('',(-1.,0.,0.));
#8710 = PLANE('',#8711);
#8711 = AXIS2_PLACEMENT_3D('',#8712,#8713,#8714);
#8712 = CARTESIAN_POINT('',(33.25,1.5,14.5));
#8713 = DIRECTION('',(0.,0.707106781187,-0.707106781187));
#8714 = DIRECTION('',(1.,0.,0.));
#8715 = ADVANCED_FACE('',(#8716),#8742,.F.);
#8716 = FACE_BOUND('',#8717,.F.);
#8717 = EDGE_LOOP('',(#8718,#8719,#8720,#8728,#8736));
#8718 = ORIENTED_EDGE('',*,*,#2882,.F.);
#8719 = ORIENTED_EDGE('',*,*,#8697,.F.);
#8720 = ORIENTED_EDGE('',*,*,#8721,.T.);
#8721 = EDGE_CURVE('',#8698,#8722,#8724,.T.);
#8722 = VERTEX_POINT('',#8723);
#8723 = CARTESIAN_POINT('',(-1.540000000017,1.,5.));
#8724 = LINE('',#8725,#8726);
#8725 = CARTESIAN_POINT('',(-1.540000000017,1.,15.));
#8726 = VECTOR('',#8727,1.);
#8727 = DIRECTION('',(0.,0.,-1.));
#8728 = ORIENTED_EDGE('',*,*,#8729,.T.);
#8729 = EDGE_CURVE('',#8722,#8730,#8732,.T.);
#8730 = VERTEX_POINT('',#8731);
#8731 = CARTESIAN_POINT('',(-1.540000000017,3.625,5.));
#8732 = LINE('',#8733,#8734);
#8733 = CARTESIAN_POINT('',(-1.540000000017,-3.625,5.));
#8734 = VECTOR('',#8735,1.);
#8735 = DIRECTION('',(0.,1.,0.));
#8736 = ORIENTED_EDGE('',*,*,#8737,.F.);
#8737 = EDGE_CURVE('',#2875,#8730,#8738,.T.);
#8738 = LINE('',#8739,#8740);
#8739 = CARTESIAN_POINT('',(-1.540000000017,3.625,15.));
#8740 = VECTOR('',#8741,1.);
#8741 = DIRECTION('',(-0.,-0.,-1.));
#8742 = PLANE('',#8743);
#8743 = AXIS2_PLACEMENT_3D('',#8744,#8745,#8746);
#8744 = CARTESIAN_POINT('',(-1.540000000017,-3.625,15.));
#8745 = DIRECTION('',(1.,0.,0.));
#8746 = DIRECTION('',(0.,1.,0.));
#8747 = ADVANCED_FACE('',(#8748),#8766,.F.);
#8748 = FACE_BOUND('',#8749,.F.);
#8749 = EDGE_LOOP('',(#8750,#8751,#8759,#8765));
#8750 = ORIENTED_EDGE('',*,*,#8737,.T.);
#8751 = ORIENTED_EDGE('',*,*,#8752,.T.);
#8752 = EDGE_CURVE('',#8730,#8753,#8755,.T.);
#8753 = VERTEX_POINT('',#8754);
#8754 = CARTESIAN_POINT('',(-3.539999999983,3.625,5.));
#8755 = LINE('',#8756,#8757);
#8756 = CARTESIAN_POINT('',(-1.540000000017,3.625,5.));
#8757 = VECTOR('',#8758,1.);
#8758 = DIRECTION('',(-1.,0.,0.));
#8759 = ORIENTED_EDGE('',*,*,#8760,.F.);
#8760 = EDGE_CURVE('',#2867,#8753,#8761,.T.);
#8761 = LINE('',#8762,#8763);
#8762 = CARTESIAN_POINT('',(-3.539999999983,3.625,15.));
#8763 = VECTOR('',#8764,1.);
#8764 = DIRECTION('',(-0.,-0.,-1.));
#8765 = ORIENTED_EDGE('',*,*,#2874,.F.);
#8766 = PLANE('',#8767);
#8767 = AXIS2_PLACEMENT_3D('',#8768,#8769,#8770);
#8768 = CARTESIAN_POINT('',(-1.540000000017,3.625,15.));
#8769 = DIRECTION('',(0.,1.,0.));
#8770 = DIRECTION('',(-1.,0.,0.));
#8771 = ADVANCED_FACE('',(#8772),#8798,.F.);
#8772 = FACE_BOUND('',#8773,.F.);
#8773 = EDGE_LOOP('',(#8774,#8775,#8776,#8784,#8792));
#8774 = ORIENTED_EDGE('',*,*,#2866,.F.);
#8775 = ORIENTED_EDGE('',*,*,#8760,.T.);
#8776 = ORIENTED_EDGE('',*,*,#8777,.T.);
#8777 = EDGE_CURVE('',#8753,#8778,#8780,.T.);
#8778 = VERTEX_POINT('',#8779);
#8779 = CARTESIAN_POINT('',(-3.539999999983,1.,5.));
#8780 = LINE('',#8781,#8782);
#8781 = CARTESIAN_POINT('',(-3.539999999983,3.625,5.));
#8782 = VECTOR('',#8783,1.);
#8783 = DIRECTION('',(0.,-1.,0.));
#8784 = ORIENTED_EDGE('',*,*,#8785,.T.);
#8785 = EDGE_CURVE('',#8778,#8786,#8788,.T.);
#8786 = VERTEX_POINT('',#8787);
#8787 = CARTESIAN_POINT('',(-3.539999999983,1.,14.));
#8788 = LINE('',#8789,#8790);
#8789 = CARTESIAN_POINT('',(-3.539999999983,1.,15.));
#8790 = VECTOR('',#8791,1.);
#8791 = DIRECTION('',(0.,0.,1.));
#8792 = ORIENTED_EDGE('',*,*,#8793,.F.);
#8793 = EDGE_CURVE('',#2859,#8786,#8794,.T.);
#8794 = LINE('',#8795,#8796);
#8795 = CARTESIAN_POINT('',(-3.539999999983,2.15625,15.15625));
#8796 = VECTOR('',#8797,1.);
#8797 = DIRECTION('',(-0.,-0.707106781187,-0.707106781187));
#8798 = PLANE('',#8799);
#8799 = AXIS2_PLACEMENT_3D('',#8800,#8801,#8802);
#8800 = CARTESIAN_POINT('',(-3.539999999983,3.625,15.));
#8801 = DIRECTION('',(-1.,0.,0.));
#8802 = DIRECTION('',(0.,-1.,0.));
#8803 = ADVANCED_FACE('',(#8804),#8822,.F.);
#8804 = FACE_BOUND('',#8805,.T.);
#8805 = EDGE_LOOP('',(#8806,#8807,#8808,#8816));
#8806 = ORIENTED_EDGE('',*,*,#8793,.F.);
#8807 = ORIENTED_EDGE('',*,*,#2858,.T.);
#8808 = ORIENTED_EDGE('',*,*,#8809,.F.);
#8809 = EDGE_CURVE('',#8810,#2851,#8812,.T.);
#8810 = VERTEX_POINT('',#8811);
#8811 = CARTESIAN_POINT('',(-4.080000000015,1.,14.));
#8812 = LINE('',#8813,#8814);
#8813 = CARTESIAN_POINT('',(-4.080000000015,0.34375,13.34375));
#8814 = VECTOR('',#8815,1.);
#8815 = DIRECTION('',(0.,0.707106781187,0.707106781187));
#8816 = ORIENTED_EDGE('',*,*,#8817,.F.);
#8817 = EDGE_CURVE('',#8786,#8810,#8818,.T.);
#8818 = LINE('',#8819,#8820);
#8819 = CARTESIAN_POINT('',(33.25,1.,14.));
#8820 = VECTOR('',#8821,1.);
#8821 = DIRECTION('',(-1.,0.,0.));
#8822 = PLANE('',#8823);
#8823 = AXIS2_PLACEMENT_3D('',#8824,#8825,#8826);
#8824 = CARTESIAN_POINT('',(33.25,1.5,14.5));
#8825 = DIRECTION('',(0.,0.707106781187,-0.707106781187));
#8826 = DIRECTION('',(1.,0.,0.));
#8827 = ADVANCED_FACE('',(#8828),#8854,.F.);
#8828 = FACE_BOUND('',#8829,.F.);
#8829 = EDGE_LOOP('',(#8830,#8831,#8832,#8840,#8848));
#8830 = ORIENTED_EDGE('',*,*,#2850,.F.);
#8831 = ORIENTED_EDGE('',*,*,#8809,.F.);
#8832 = ORIENTED_EDGE('',*,*,#8833,.T.);
#8833 = EDGE_CURVE('',#8810,#8834,#8836,.T.);
#8834 = VERTEX_POINT('',#8835);
#8835 = CARTESIAN_POINT('',(-4.080000000015,1.,5.));
#8836 = LINE('',#8837,#8838);
#8837 = CARTESIAN_POINT('',(-4.080000000015,1.,15.));
#8838 = VECTOR('',#8839,1.);
#8839 = DIRECTION('',(0.,0.,-1.));
#8840 = ORIENTED_EDGE('',*,*,#8841,.T.);
#8841 = EDGE_CURVE('',#8834,#8842,#8844,.T.);
#8842 = VERTEX_POINT('',#8843);
#8843 = CARTESIAN_POINT('',(-4.080000000015,3.625,5.));
#8844 = LINE('',#8845,#8846);
#8845 = CARTESIAN_POINT('',(-4.080000000015,-3.625,5.));
#8846 = VECTOR('',#8847,1.);
#8847 = DIRECTION('',(0.,1.,0.));
#8848 = ORIENTED_EDGE('',*,*,#8849,.F.);
#8849 = EDGE_CURVE('',#2843,#8842,#8850,.T.);
#8850 = LINE('',#8851,#8852);
#8851 = CARTESIAN_POINT('',(-4.080000000015,3.625,15.));
#8852 = VECTOR('',#8853,1.);
#8853 = DIRECTION('',(-0.,-0.,-1.));
#8854 = PLANE('',#8855);
#8855 = AXIS2_PLACEMENT_3D('',#8856,#8857,#8858);
#8856 = CARTESIAN_POINT('',(-4.080000000015,-3.625,15.));
#8857 = DIRECTION('',(1.,0.,0.));
#8858 = DIRECTION('',(0.,1.,0.));
#8859 = ADVANCED_FACE('',(#8860),#8878,.F.);
#8860 = FACE_BOUND('',#8861,.F.);
#8861 = EDGE_LOOP('',(#8862,#8863,#8871,#8877));
#8862 = ORIENTED_EDGE('',*,*,#8849,.T.);
#8863 = ORIENTED_EDGE('',*,*,#8864,.T.);
#8864 = EDGE_CURVE('',#8842,#8865,#8867,.T.);
#8865 = VERTEX_POINT('',#8866);
#8866 = CARTESIAN_POINT('',(-6.079999999985,3.625,5.));
#8867 = LINE('',#8868,#8869);
#8868 = CARTESIAN_POINT('',(-4.080000000015,3.625,5.));
#8869 = VECTOR('',#8870,1.);
#8870 = DIRECTION('',(-1.,0.,0.));
#8871 = ORIENTED_EDGE('',*,*,#8872,.F.);
#8872 = EDGE_CURVE('',#2835,#8865,#8873,.T.);
#8873 = LINE('',#8874,#8875);
#8874 = CARTESIAN_POINT('',(-6.079999999985,3.625,15.));
#8875 = VECTOR('',#8876,1.);
#8876 = DIRECTION('',(-0.,-0.,-1.));
#8877 = ORIENTED_EDGE('',*,*,#2842,.F.);
#8878 = PLANE('',#8879);
#8879 = AXIS2_PLACEMENT_3D('',#8880,#8881,#8882);
#8880 = CARTESIAN_POINT('',(-4.080000000015,3.625,15.));
#8881 = DIRECTION('',(0.,1.,0.));
#8882 = DIRECTION('',(-1.,0.,0.));
#8883 = ADVANCED_FACE('',(#8884),#8910,.F.);
#8884 = FACE_BOUND('',#8885,.F.);
#8885 = EDGE_LOOP('',(#8886,#8887,#8888,#8896,#8904));
#8886 = ORIENTED_EDGE('',*,*,#2834,.F.);
#8887 = ORIENTED_EDGE('',*,*,#8872,.T.);
#8888 = ORIENTED_EDGE('',*,*,#8889,.T.);
#8889 = EDGE_CURVE('',#8865,#8890,#8892,.T.);
#8890 = VERTEX_POINT('',#8891);
#8891 = CARTESIAN_POINT('',(-6.079999999985,1.,5.));
#8892 = LINE('',#8893,#8894);
#8893 = CARTESIAN_POINT('',(-6.079999999985,3.625,5.));
#8894 = VECTOR('',#8895,1.);
#8895 = DIRECTION('',(0.,-1.,0.));
#8896 = ORIENTED_EDGE('',*,*,#8897,.T.);
#8897 = EDGE_CURVE('',#8890,#8898,#8900,.T.);
#8898 = VERTEX_POINT('',#8899);
#8899 = CARTESIAN_POINT('',(-6.079999999985,1.,14.));
#8900 = LINE('',#8901,#8902);
#8901 = CARTESIAN_POINT('',(-6.079999999985,1.,15.));
#8902 = VECTOR('',#8903,1.);
#8903 = DIRECTION('',(0.,0.,1.));
#8904 = ORIENTED_EDGE('',*,*,#8905,.F.);
#8905 = EDGE_CURVE('',#2827,#8898,#8906,.T.);
#8906 = LINE('',#8907,#8908);
#8907 = CARTESIAN_POINT('',(-6.079999999985,2.15625,15.15625));
#8908 = VECTOR('',#8909,1.);
#8909 = DIRECTION('',(-0.,-0.707106781187,-0.707106781187));
#8910 = PLANE('',#8911);
#8911 = AXIS2_PLACEMENT_3D('',#8912,#8913,#8914);
#8912 = CARTESIAN_POINT('',(-6.079999999985,3.625,15.));
#8913 = DIRECTION('',(-1.,0.,0.));
#8914 = DIRECTION('',(0.,-1.,0.));
#8915 = ADVANCED_FACE('',(#8916),#8934,.F.);
#8916 = FACE_BOUND('',#8917,.T.);
#8917 = EDGE_LOOP('',(#8918,#8919,#8920,#8928));
#8918 = ORIENTED_EDGE('',*,*,#8905,.F.);
#8919 = ORIENTED_EDGE('',*,*,#2826,.T.);
#8920 = ORIENTED_EDGE('',*,*,#8921,.F.);
#8921 = EDGE_CURVE('',#8922,#2819,#8924,.T.);
#8922 = VERTEX_POINT('',#8923);
#8923 = CARTESIAN_POINT('',(-6.620000000012,1.,14.));
#8924 = LINE('',#8925,#8926);
#8925 = CARTESIAN_POINT('',(-6.620000000012,0.34375,13.34375));
#8926 = VECTOR('',#8927,1.);
#8927 = DIRECTION('',(0.,0.707106781187,0.707106781187));
#8928 = ORIENTED_EDGE('',*,*,#8929,.F.);
#8929 = EDGE_CURVE('',#8898,#8922,#8930,.T.);
#8930 = LINE('',#8931,#8932);
#8931 = CARTESIAN_POINT('',(33.25,1.,14.));
#8932 = VECTOR('',#8933,1.);
#8933 = DIRECTION('',(-1.,0.,0.));
#8934 = PLANE('',#8935);
#8935 = AXIS2_PLACEMENT_3D('',#8936,#8937,#8938);
#8936 = CARTESIAN_POINT('',(33.25,1.5,14.5));
#8937 = DIRECTION('',(0.,0.707106781187,-0.707106781187));
#8938 = DIRECTION('',(1.,0.,0.));
#8939 = ADVANCED_FACE('',(#8940),#8966,.F.);
#8940 = FACE_BOUND('',#8941,.F.);
#8941 = EDGE_LOOP('',(#8942,#8943,#8944,#8952,#8960));
#8942 = ORIENTED_EDGE('',*,*,#2818,.F.);
#8943 = ORIENTED_EDGE('',*,*,#8921,.F.);
#8944 = ORIENTED_EDGE('',*,*,#8945,.T.);
#8945 = EDGE_CURVE('',#8922,#8946,#8948,.T.);
#8946 = VERTEX_POINT('',#8947);
#8947 = CARTESIAN_POINT('',(-6.620000000012,1.,5.));
#8948 = LINE('',#8949,#8950);
#8949 = CARTESIAN_POINT('',(-6.620000000012,1.,15.));
#8950 = VECTOR('',#8951,1.);
#8951 = DIRECTION('',(0.,0.,-1.));
#8952 = ORIENTED_EDGE('',*,*,#8953,.T.);
#8953 = EDGE_CURVE('',#8946,#8954,#8956,.T.);
#8954 = VERTEX_POINT('',#8955);
#8955 = CARTESIAN_POINT('',(-6.620000000012,3.625,5.));
#8956 = LINE('',#8957,#8958);
#8957 = CARTESIAN_POINT('',(-6.620000000012,-3.625,5.));
#8958 = VECTOR('',#8959,1.);
#8959 = DIRECTION('',(0.,1.,0.));
#8960 = ORIENTED_EDGE('',*,*,#8961,.F.);
#8961 = EDGE_CURVE('',#2811,#8954,#8962,.T.);
#8962 = LINE('',#8963,#8964);
#8963 = CARTESIAN_POINT('',(-6.620000000012,3.625,15.));
#8964 = VECTOR('',#8965,1.);
#8965 = DIRECTION('',(-0.,-0.,-1.));
#8966 = PLANE('',#8967);
#8967 = AXIS2_PLACEMENT_3D('',#8968,#8969,#8970);
#8968 = CARTESIAN_POINT('',(-6.620000000012,-3.625,15.));
#8969 = DIRECTION('',(1.,0.,0.));
#8970 = DIRECTION('',(0.,1.,0.));
#8971 = ADVANCED_FACE('',(#8972),#8990,.F.);
#8972 = FACE_BOUND('',#8973,.F.);
#8973 = EDGE_LOOP('',(#8974,#8975,#8983,#8989));
#8974 = ORIENTED_EDGE('',*,*,#8961,.T.);
#8975 = ORIENTED_EDGE('',*,*,#8976,.T.);
#8976 = EDGE_CURVE('',#8954,#8977,#8979,.T.);
#8977 = VERTEX_POINT('',#8978);
#8978 = CARTESIAN_POINT('',(-8.619999999988,3.625,5.));
#8979 = LINE('',#8980,#8981);
#8980 = CARTESIAN_POINT('',(-6.620000000012,3.625,5.));
#8981 = VECTOR('',#8982,1.);
#8982 = DIRECTION('',(-1.,0.,0.));
#8983 = ORIENTED_EDGE('',*,*,#8984,.F.);
#8984 = EDGE_CURVE('',#2803,#8977,#8985,.T.);
#8985 = LINE('',#8986,#8987);
#8986 = CARTESIAN_POINT('',(-8.619999999988,3.625,15.));
#8987 = VECTOR('',#8988,1.);
#8988 = DIRECTION('',(-0.,-0.,-1.));
#8989 = ORIENTED_EDGE('',*,*,#2810,.F.);
#8990 = PLANE('',#8991);
#8991 = AXIS2_PLACEMENT_3D('',#8992,#8993,#8994);
#8992 = CARTESIAN_POINT('',(-6.620000000012,3.625,15.));
#8993 = DIRECTION('',(0.,1.,0.));
#8994 = DIRECTION('',(-1.,0.,0.));
#8995 = ADVANCED_FACE('',(#8996),#9022,.F.);
#8996 = FACE_BOUND('',#8997,.F.);
#8997 = EDGE_LOOP('',(#8998,#8999,#9000,#9008,#9016));
#8998 = ORIENTED_EDGE('',*,*,#2802,.F.);
#8999 = ORIENTED_EDGE('',*,*,#8984,.T.);
#9000 = ORIENTED_EDGE('',*,*,#9001,.T.);
#9001 = EDGE_CURVE('',#8977,#9002,#9004,.T.);
#9002 = VERTEX_POINT('',#9003);
#9003 = CARTESIAN_POINT('',(-8.619999999988,1.,5.));
#9004 = LINE('',#9005,#9006);
#9005 = CARTESIAN_POINT('',(-8.619999999988,3.625,5.));
#9006 = VECTOR('',#9007,1.);
#9007 = DIRECTION('',(0.,-1.,0.));
#9008 = ORIENTED_EDGE('',*,*,#9009,.T.);
#9009 = EDGE_CURVE('',#9002,#9010,#9012,.T.);
#9010 = VERTEX_POINT('',#9011);
#9011 = CARTESIAN_POINT('',(-8.619999999988,1.,14.));
#9012 = LINE('',#9013,#9014);
#9013 = CARTESIAN_POINT('',(-8.619999999988,1.,15.));
#9014 = VECTOR('',#9015,1.);
#9015 = DIRECTION('',(0.,0.,1.));
#9016 = ORIENTED_EDGE('',*,*,#9017,.F.);
#9017 = EDGE_CURVE('',#2795,#9010,#9018,.T.);
#9018 = LINE('',#9019,#9020);
#9019 = CARTESIAN_POINT('',(-8.619999999988,2.15625,15.15625));
#9020 = VECTOR('',#9021,1.);
#9021 = DIRECTION('',(-0.,-0.707106781187,-0.707106781187));
#9022 = PLANE('',#9023);
#9023 = AXIS2_PLACEMENT_3D('',#9024,#9025,#9026);
#9024 = CARTESIAN_POINT('',(-8.619999999988,3.625,15.));
#9025 = DIRECTION('',(-1.,0.,0.));
#9026 = DIRECTION('',(0.,-1.,0.));
#9027 = ADVANCED_FACE('',(#9028),#9046,.F.);
#9028 = FACE_BOUND('',#9029,.T.);
#9029 = EDGE_LOOP('',(#9030,#9031,#9032,#9040));
#9030 = ORIENTED_EDGE('',*,*,#9017,.F.);
#9031 = ORIENTED_EDGE('',*,*,#2794,.T.);
#9032 = ORIENTED_EDGE('',*,*,#9033,.F.);
#9033 = EDGE_CURVE('',#9034,#2787,#9036,.T.);
#9034 = VERTEX_POINT('',#9035);
#9035 = CARTESIAN_POINT('',(-9.16000000001,1.,14.));
#9036 = LINE('',#9037,#9038);
#9037 = CARTESIAN_POINT('',(-9.16000000001,0.34375,13.34375));
#9038 = VECTOR('',#9039,1.);
#9039 = DIRECTION('',(0.,0.707106781187,0.707106781187));
#9040 = ORIENTED_EDGE('',*,*,#9041,.F.);
#9041 = EDGE_CURVE('',#9010,#9034,#9042,.T.);
#9042 = LINE('',#9043,#9044);
#9043 = CARTESIAN_POINT('',(33.25,1.,14.));
#9044 = VECTOR('',#9045,1.);
#9045 = DIRECTION('',(-1.,0.,0.));
#9046 = PLANE('',#9047);
#9047 = AXIS2_PLACEMENT_3D('',#9048,#9049,#9050);
#9048 = CARTESIAN_POINT('',(33.25,1.5,14.5));
#9049 = DIRECTION('',(0.,0.707106781187,-0.707106781187));
#9050 = DIRECTION('',(1.,0.,0.));
#9051 = ADVANCED_FACE('',(#9052),#9078,.F.);
#9052 = FACE_BOUND('',#9053,.F.);
#9053 = EDGE_LOOP('',(#9054,#9055,#9056,#9064,#9072));
#9054 = ORIENTED_EDGE('',*,*,#2786,.F.);
#9055 = ORIENTED_EDGE('',*,*,#9033,.F.);
#9056 = ORIENTED_EDGE('',*,*,#9057,.T.);
#9057 = EDGE_CURVE('',#9034,#9058,#9060,.T.);
#9058 = VERTEX_POINT('',#9059);
#9059 = CARTESIAN_POINT('',(-9.16000000001,1.,5.));
#9060 = LINE('',#9061,#9062);
#9061 = CARTESIAN_POINT('',(-9.16000000001,1.,15.));
#9062 = VECTOR('',#9063,1.);
#9063 = DIRECTION('',(0.,0.,-1.));
#9064 = ORIENTED_EDGE('',*,*,#9065,.T.);
#9065 = EDGE_CURVE('',#9058,#9066,#9068,.T.);
#9066 = VERTEX_POINT('',#9067);
#9067 = CARTESIAN_POINT('',(-9.16000000001,3.625,5.));
#9068 = LINE('',#9069,#9070);
#9069 = CARTESIAN_POINT('',(-9.16000000001,-3.625,5.));
#9070 = VECTOR('',#9071,1.);
#9071 = DIRECTION('',(0.,1.,0.));
#9072 = ORIENTED_EDGE('',*,*,#9073,.F.);
#9073 = EDGE_CURVE('',#2779,#9066,#9074,.T.);
#9074 = LINE('',#9075,#9076);
#9075 = CARTESIAN_POINT('',(-9.16000000001,3.625,15.));
#9076 = VECTOR('',#9077,1.);
#9077 = DIRECTION('',(-0.,-0.,-1.));
#9078 = PLANE('',#9079);
#9079 = AXIS2_PLACEMENT_3D('',#9080,#9081,#9082);
#9080 = CARTESIAN_POINT('',(-9.16000000001,-3.625,15.));
#9081 = DIRECTION('',(1.,0.,0.));
#9082 = DIRECTION('',(0.,1.,0.));
#9083 = ADVANCED_FACE('',(#9084),#9102,.F.);
#9084 = FACE_BOUND('',#9085,.F.);
#9085 = EDGE_LOOP('',(#9086,#9087,#9095,#9101));
#9086 = ORIENTED_EDGE('',*,*,#9073,.T.);
#9087 = ORIENTED_EDGE('',*,*,#9088,.T.);
#9088 = EDGE_CURVE('',#9066,#9089,#9091,.T.);
#9089 = VERTEX_POINT('',#9090);
#9090 = CARTESIAN_POINT('',(-11.15999999999,3.625,5.));
#9091 = LINE('',#9092,#9093);
#9092 = CARTESIAN_POINT('',(-9.16000000001,3.625,5.));
#9093 = VECTOR('',#9094,1.);
#9094 = DIRECTION('',(-1.,0.,0.));
#9095 = ORIENTED_EDGE('',*,*,#9096,.F.);
#9096 = EDGE_CURVE('',#2771,#9089,#9097,.T.);
#9097 = LINE('',#9098,#9099);
#9098 = CARTESIAN_POINT('',(-11.15999999999,3.625,15.));
#9099 = VECTOR('',#9100,1.);
#9100 = DIRECTION('',(-0.,-0.,-1.));
#9101 = ORIENTED_EDGE('',*,*,#2778,.F.);
#9102 = PLANE('',#9103);
#9103 = AXIS2_PLACEMENT_3D('',#9104,#9105,#9106);
#9104 = CARTESIAN_POINT('',(-9.16000000001,3.625,15.));
#9105 = DIRECTION('',(0.,1.,0.));
#9106 = DIRECTION('',(-1.,0.,0.));
#9107 = ADVANCED_FACE('',(#9108),#9134,.F.);
#9108 = FACE_BOUND('',#9109,.F.);
#9109 = EDGE_LOOP('',(#9110,#9111,#9112,#9120,#9128));
#9110 = ORIENTED_EDGE('',*,*,#2770,.F.);
#9111 = ORIENTED_EDGE('',*,*,#9096,.T.);
#9112 = ORIENTED_EDGE('',*,*,#9113,.T.);
#9113 = EDGE_CURVE('',#9089,#9114,#9116,.T.);
#9114 = VERTEX_POINT('',#9115);
#9115 = CARTESIAN_POINT('',(-11.15999999999,1.,5.));
#9116 = LINE('',#9117,#9118);
#9117 = CARTESIAN_POINT('',(-11.15999999999,3.625,5.));
#9118 = VECTOR('',#9119,1.);
#9119 = DIRECTION('',(0.,-1.,0.));
#9120 = ORIENTED_EDGE('',*,*,#9121,.T.);
#9121 = EDGE_CURVE('',#9114,#9122,#9124,.T.);
#9122 = VERTEX_POINT('',#9123);
#9123 = CARTESIAN_POINT('',(-11.15999999999,1.,14.));
#9124 = LINE('',#9125,#9126);
#9125 = CARTESIAN_POINT('',(-11.15999999999,1.,15.));
#9126 = VECTOR('',#9127,1.);
#9127 = DIRECTION('',(0.,0.,1.));
#9128 = ORIENTED_EDGE('',*,*,#9129,.F.);
#9129 = EDGE_CURVE('',#2763,#9122,#9130,.T.);
#9130 = LINE('',#9131,#9132);
#9131 = CARTESIAN_POINT('',(-11.15999999999,2.15625,15.15625));
#9132 = VECTOR('',#9133,1.);
#9133 = DIRECTION('',(-0.,-0.707106781187,-0.707106781187));
#9134 = PLANE('',#9135);
#9135 = AXIS2_PLACEMENT_3D('',#9136,#9137,#9138);
#9136 = CARTESIAN_POINT('',(-11.15999999999,3.625,15.));
#9137 = DIRECTION('',(-1.,0.,0.));
#9138 = DIRECTION('',(0.,-1.,0.));
#9139 = ADVANCED_FACE('',(#9140),#9158,.F.);
#9140 = FACE_BOUND('',#9141,.T.);
#9141 = EDGE_LOOP('',(#9142,#9143,#9144,#9152));
#9142 = ORIENTED_EDGE('',*,*,#9129,.F.);
#9143 = ORIENTED_EDGE('',*,*,#2762,.T.);
#9144 = ORIENTED_EDGE('',*,*,#9145,.F.);
#9145 = EDGE_CURVE('',#9146,#2755,#9148,.T.);
#9146 = VERTEX_POINT('',#9147);
#9147 = CARTESIAN_POINT('',(-11.7,1.,14.));
#9148 = LINE('',#9149,#9150);
#9149 = CARTESIAN_POINT('',(-11.7,0.34375,13.34375));
#9150 = VECTOR('',#9151,1.);
#9151 = DIRECTION('',(0.,0.707106781187,0.707106781187));
#9152 = ORIENTED_EDGE('',*,*,#9153,.F.);
#9153 = EDGE_CURVE('',#9122,#9146,#9154,.T.);
#9154 = LINE('',#9155,#9156);
#9155 = CARTESIAN_POINT('',(33.25,1.,14.));
#9156 = VECTOR('',#9157,1.);
#9157 = DIRECTION('',(-1.,0.,0.));
#9158 = PLANE('',#9159);
#9159 = AXIS2_PLACEMENT_3D('',#9160,#9161,#9162);
#9160 = CARTESIAN_POINT('',(33.25,1.5,14.5));
#9161 = DIRECTION('',(0.,0.707106781187,-0.707106781187));
#9162 = DIRECTION('',(1.,0.,0.));
#9163 = ADVANCED_FACE('',(#9164),#9190,.F.);
#9164 = FACE_BOUND('',#9165,.F.);
#9165 = EDGE_LOOP('',(#9166,#9167,#9168,#9176,#9184));
#9166 = ORIENTED_EDGE('',*,*,#2754,.F.);
#9167 = ORIENTED_EDGE('',*,*,#9145,.F.);
#9168 = ORIENTED_EDGE('',*,*,#9169,.T.);
#9169 = EDGE_CURVE('',#9146,#9170,#9172,.T.);
#9170 = VERTEX_POINT('',#9171);
#9171 = CARTESIAN_POINT('',(-11.7,1.,5.));
#9172 = LINE('',#9173,#9174);
#9173 = CARTESIAN_POINT('',(-11.7,1.,15.));
#9174 = VECTOR('',#9175,1.);
#9175 = DIRECTION('',(0.,0.,-1.));
#9176 = ORIENTED_EDGE('',*,*,#9177,.T.);
#9177 = EDGE_CURVE('',#9170,#9178,#9180,.T.);
#9178 = VERTEX_POINT('',#9179);
#9179 = CARTESIAN_POINT('',(-11.7,3.625,5.));
#9180 = LINE('',#9181,#9182);
#9181 = CARTESIAN_POINT('',(-11.7,-3.625,5.));
#9182 = VECTOR('',#9183,1.);
#9183 = DIRECTION('',(0.,1.,0.));
#9184 = ORIENTED_EDGE('',*,*,#9185,.F.);
#9185 = EDGE_CURVE('',#2747,#9178,#9186,.T.);
#9186 = LINE('',#9187,#9188);
#9187 = CARTESIAN_POINT('',(-11.7,3.625,15.));
#9188 = VECTOR('',#9189,1.);
#9189 = DIRECTION('',(-0.,-0.,-1.));
#9190 = PLANE('',#9191);
#9191 = AXIS2_PLACEMENT_3D('',#9192,#9193,#9194);
#9192 = CARTESIAN_POINT('',(-11.7,-3.625,15.));
#9193 = DIRECTION('',(1.,0.,0.));
#9194 = DIRECTION('',(0.,1.,0.));
#9195 = ADVANCED_FACE('',(#9196),#9214,.F.);
#9196 = FACE_BOUND('',#9197,.F.);
#9197 = EDGE_LOOP('',(#9198,#9199,#9207,#9213));
#9198 = ORIENTED_EDGE('',*,*,#9185,.T.);
#9199 = ORIENTED_EDGE('',*,*,#9200,.T.);
#9200 = EDGE_CURVE('',#9178,#9201,#9203,.T.);
#9201 = VERTEX_POINT('',#9202);
#9202 = CARTESIAN_POINT('',(-13.69999999999,3.625,5.));
#9203 = LINE('',#9204,#9205);
#9204 = CARTESIAN_POINT('',(-11.7,3.625,5.));
#9205 = VECTOR('',#9206,1.);
#9206 = DIRECTION('',(-1.,0.,0.));
#9207 = ORIENTED_EDGE('',*,*,#9208,.F.);
#9208 = EDGE_CURVE('',#2739,#9201,#9209,.T.);
#9209 = LINE('',#9210,#9211);
#9210 = CARTESIAN_POINT('',(-13.69999999999,3.625,15.));
#9211 = VECTOR('',#9212,1.);
#9212 = DIRECTION('',(-0.,-0.,-1.));
#9213 = ORIENTED_EDGE('',*,*,#2746,.F.);
#9214 = PLANE('',#9215);
#9215 = AXIS2_PLACEMENT_3D('',#9216,#9217,#9218);
#9216 = CARTESIAN_POINT('',(-11.7,3.625,15.));
#9217 = DIRECTION('',(0.,1.,0.));
#9218 = DIRECTION('',(-1.,0.,0.));
#9219 = ADVANCED_FACE('',(#9220),#9246,.F.);
#9220 = FACE_BOUND('',#9221,.F.);
#9221 = EDGE_LOOP('',(#9222,#9223,#9224,#9232,#9240));
#9222 = ORIENTED_EDGE('',*,*,#2738,.F.);
#9223 = ORIENTED_EDGE('',*,*,#9208,.T.);
#9224 = ORIENTED_EDGE('',*,*,#9225,.T.);
#9225 = EDGE_CURVE('',#9201,#9226,#9228,.T.);
#9226 = VERTEX_POINT('',#9227);
#9227 = CARTESIAN_POINT('',(-13.69999999999,1.,5.));
#9228 = LINE('',#9229,#9230);
#9229 = CARTESIAN_POINT('',(-13.69999999999,3.625,5.));
#9230 = VECTOR('',#9231,1.);
#9231 = DIRECTION('',(0.,-1.,0.));
#9232 = ORIENTED_EDGE('',*,*,#9233,.T.);
#9233 = EDGE_CURVE('',#9226,#9234,#9236,.T.);
#9234 = VERTEX_POINT('',#9235);
#9235 = CARTESIAN_POINT('',(-13.69999999999,1.,14.));
#9236 = LINE('',#9237,#9238);
#9237 = CARTESIAN_POINT('',(-13.69999999999,1.,15.));
#9238 = VECTOR('',#9239,1.);
#9239 = DIRECTION('',(0.,0.,1.));
#9240 = ORIENTED_EDGE('',*,*,#9241,.F.);
#9241 = EDGE_CURVE('',#2731,#9234,#9242,.T.);
#9242 = LINE('',#9243,#9244);
#9243 = CARTESIAN_POINT('',(-13.69999999999,2.15625,15.15625));
#9244 = VECTOR('',#9245,1.);
#9245 = DIRECTION('',(-0.,-0.707106781187,-0.707106781187));
#9246 = PLANE('',#9247);
#9247 = AXIS2_PLACEMENT_3D('',#9248,#9249,#9250);
#9248 = CARTESIAN_POINT('',(-13.69999999999,3.625,15.));
#9249 = DIRECTION('',(-1.,0.,0.));
#9250 = DIRECTION('',(0.,-1.,0.));
#9251 = ADVANCED_FACE('',(#9252),#9270,.F.);
#9252 = FACE_BOUND('',#9253,.T.);
#9253 = EDGE_LOOP('',(#9254,#9255,#9256,#9264));
#9254 = ORIENTED_EDGE('',*,*,#9241,.F.);
#9255 = ORIENTED_EDGE('',*,*,#2730,.T.);
#9256 = ORIENTED_EDGE('',*,*,#9257,.F.);
#9257 = EDGE_CURVE('',#9258,#2723,#9260,.T.);
#9258 = VERTEX_POINT('',#9259);
#9259 = CARTESIAN_POINT('',(-14.24,1.,14.));
#9260 = LINE('',#9261,#9262);
#9261 = CARTESIAN_POINT('',(-14.24,0.34375,13.34375));
#9262 = VECTOR('',#9263,1.);
#9263 = DIRECTION('',(0.,0.707106781187,0.707106781187));
#9264 = ORIENTED_EDGE('',*,*,#9265,.F.);
#9265 = EDGE_CURVE('',#9234,#9258,#9266,.T.);
#9266 = LINE('',#9267,#9268);
#9267 = CARTESIAN_POINT('',(33.25,1.,14.));
#9268 = VECTOR('',#9269,1.);
#9269 = DIRECTION('',(-1.,0.,0.));
#9270 = PLANE('',#9271);
#9271 = AXIS2_PLACEMENT_3D('',#9272,#9273,#9274);
#9272 = CARTESIAN_POINT('',(33.25,1.5,14.5));
#9273 = DIRECTION('',(0.,0.707106781187,-0.707106781187));
#9274 = DIRECTION('',(1.,0.,0.));
#9275 = ADVANCED_FACE('',(#9276),#9302,.F.);
#9276 = FACE_BOUND('',#9277,.F.);
#9277 = EDGE_LOOP('',(#9278,#9279,#9280,#9288,#9296));
#9278 = ORIENTED_EDGE('',*,*,#2722,.F.);
#9279 = ORIENTED_EDGE('',*,*,#9257,.F.);
#9280 = ORIENTED_EDGE('',*,*,#9281,.T.);
#9281 = EDGE_CURVE('',#9258,#9282,#9284,.T.);
#9282 = VERTEX_POINT('',#9283);
#9283 = CARTESIAN_POINT('',(-14.24,1.,5.));
#9284 = LINE('',#9285,#9286);
#9285 = CARTESIAN_POINT('',(-14.24,1.,15.));
#9286 = VECTOR('',#9287,1.);
#9287 = DIRECTION('',(0.,0.,-1.));
#9288 = ORIENTED_EDGE('',*,*,#9289,.T.);
#9289 = EDGE_CURVE('',#9282,#9290,#9292,.T.);
#9290 = VERTEX_POINT('',#9291);
#9291 = CARTESIAN_POINT('',(-14.24,3.625,5.));
#9292 = LINE('',#9293,#9294);
#9293 = CARTESIAN_POINT('',(-14.24,-3.625,5.));
#9294 = VECTOR('',#9295,1.);
#9295 = DIRECTION('',(0.,1.,0.));
#9296 = ORIENTED_EDGE('',*,*,#9297,.F.);
#9297 = EDGE_CURVE('',#2715,#9290,#9298,.T.);
#9298 = LINE('',#9299,#9300);
#9299 = CARTESIAN_POINT('',(-14.24,3.625,15.));
#9300 = VECTOR('',#9301,1.);
#9301 = DIRECTION('',(-0.,-0.,-1.));
#9302 = PLANE('',#9303);
#9303 = AXIS2_PLACEMENT_3D('',#9304,#9305,#9306);
#9304 = CARTESIAN_POINT('',(-14.24,-3.625,15.));
#9305 = DIRECTION('',(1.,0.,0.));
#9306 = DIRECTION('',(0.,1.,0.));
#9307 = ADVANCED_FACE('',(#9308),#9326,.F.);
#9308 = FACE_BOUND('',#9309,.F.);
#9309 = EDGE_LOOP('',(#9310,#9311,#9319,#9325));
#9310 = ORIENTED_EDGE('',*,*,#9297,.T.);
#9311 = ORIENTED_EDGE('',*,*,#9312,.T.);
#9312 = EDGE_CURVE('',#9290,#9313,#9315,.T.);
#9313 = VERTEX_POINT('',#9314);
#9314 = CARTESIAN_POINT('',(-16.23999999999,3.625,5.));
#9315 = LINE('',#9316,#9317);
#9316 = CARTESIAN_POINT('',(-14.24,3.625,5.));
#9317 = VECTOR('',#9318,1.);
#9318 = DIRECTION('',(-1.,0.,0.));
#9319 = ORIENTED_EDGE('',*,*,#9320,.F.);
#9320 = EDGE_CURVE('',#2707,#9313,#9321,.T.);
#9321 = LINE('',#9322,#9323);
#9322 = CARTESIAN_POINT('',(-16.23999999999,3.625,15.));
#9323 = VECTOR('',#9324,1.);
#9324 = DIRECTION('',(-0.,-0.,-1.));
#9325 = ORIENTED_EDGE('',*,*,#2714,.F.);
#9326 = PLANE('',#9327);
#9327 = AXIS2_PLACEMENT_3D('',#9328,#9329,#9330);
#9328 = CARTESIAN_POINT('',(-14.24,3.625,15.));
#9329 = DIRECTION('',(0.,1.,0.));
#9330 = DIRECTION('',(-1.,0.,0.));
#9331 = ADVANCED_FACE('',(#9332),#9358,.F.);
#9332 = FACE_BOUND('',#9333,.F.);
#9333 = EDGE_LOOP('',(#9334,#9335,#9336,#9344,#9352));
#9334 = ORIENTED_EDGE('',*,*,#2706,.F.);
#9335 = ORIENTED_EDGE('',*,*,#9320,.T.);
#9336 = ORIENTED_EDGE('',*,*,#9337,.T.);
#9337 = EDGE_CURVE('',#9313,#9338,#9340,.T.);
#9338 = VERTEX_POINT('',#9339);
#9339 = CARTESIAN_POINT('',(-16.23999999999,1.,5.));
#9340 = LINE('',#9341,#9342);
#9341 = CARTESIAN_POINT('',(-16.23999999999,3.625,5.));
#9342 = VECTOR('',#9343,1.);
#9343 = DIRECTION('',(0.,-1.,0.));
#9344 = ORIENTED_EDGE('',*,*,#9345,.T.);
#9345 = EDGE_CURVE('',#9338,#9346,#9348,.T.);
#9346 = VERTEX_POINT('',#9347);
#9347 = CARTESIAN_POINT('',(-16.23999999999,1.,14.));
#9348 = LINE('',#9349,#9350);
#9349 = CARTESIAN_POINT('',(-16.23999999999,1.,15.));
#9350 = VECTOR('',#9351,1.);
#9351 = DIRECTION('',(0.,0.,1.));
#9352 = ORIENTED_EDGE('',*,*,#9353,.F.);
#9353 = EDGE_CURVE('',#2699,#9346,#9354,.T.);
#9354 = LINE('',#9355,#9356);
#9355 = CARTESIAN_POINT('',(-16.23999999999,2.15625,15.15625));
#9356 = VECTOR('',#9357,1.);
#9357 = DIRECTION('',(-0.,-0.707106781187,-0.707106781187));
#9358 = PLANE('',#9359);
#9359 = AXIS2_PLACEMENT_3D('',#9360,#9361,#9362);
#9360 = CARTESIAN_POINT('',(-16.23999999999,3.625,15.));
#9361 = DIRECTION('',(-1.,0.,0.));
#9362 = DIRECTION('',(0.,-1.,0.));
#9363 = ADVANCED_FACE('',(#9364),#9382,.F.);
#9364 = FACE_BOUND('',#9365,.T.);
#9365 = EDGE_LOOP('',(#9366,#9367,#9368,#9376));
#9366 = ORIENTED_EDGE('',*,*,#9353,.F.);
#9367 = ORIENTED_EDGE('',*,*,#2698,.T.);
#9368 = ORIENTED_EDGE('',*,*,#9369,.F.);
#9369 = EDGE_CURVE('',#9370,#2691,#9372,.T.);
#9370 = VERTEX_POINT('',#9371);
#9371 = CARTESIAN_POINT('',(-16.78,1.,14.));
#9372 = LINE('',#9373,#9374);
#9373 = CARTESIAN_POINT('',(-16.78,0.34375,13.34375));
#9374 = VECTOR('',#9375,1.);
#9375 = DIRECTION('',(0.,0.707106781187,0.707106781187));
#9376 = ORIENTED_EDGE('',*,*,#9377,.F.);
#9377 = EDGE_CURVE('',#9346,#9370,#9378,.T.);
#9378 = LINE('',#9379,#9380);
#9379 = CARTESIAN_POINT('',(33.25,1.,14.));
#9380 = VECTOR('',#9381,1.);
#9381 = DIRECTION('',(-1.,0.,0.));
#9382 = PLANE('',#9383);
#9383 = AXIS2_PLACEMENT_3D('',#9384,#9385,#9386);
#9384 = CARTESIAN_POINT('',(33.25,1.5,14.5));
#9385 = DIRECTION('',(0.,0.707106781187,-0.707106781187));
#9386 = DIRECTION('',(1.,0.,0.));
#9387 = ADVANCED_FACE('',(#9388),#9414,.F.);
#9388 = FACE_BOUND('',#9389,.F.);
#9389 = EDGE_LOOP('',(#9390,#9391,#9392,#9400,#9408));
#9390 = ORIENTED_EDGE('',*,*,#2690,.F.);
#9391 = ORIENTED_EDGE('',*,*,#9369,.F.);
#9392 = ORIENTED_EDGE('',*,*,#9393,.T.);
#9393 = EDGE_CURVE('',#9370,#9394,#9396,.T.);
#9394 = VERTEX_POINT('',#9395);
#9395 = CARTESIAN_POINT('',(-16.78,1.,5.));
#9396 = LINE('',#9397,#9398);
#9397 = CARTESIAN_POINT('',(-16.78,1.,15.));
#9398 = VECTOR('',#9399,1.);
#9399 = DIRECTION('',(0.,0.,-1.));
#9400 = ORIENTED_EDGE('',*,*,#9401,.T.);
#9401 = EDGE_CURVE('',#9394,#9402,#9404,.T.);
#9402 = VERTEX_POINT('',#9403);
#9403 = CARTESIAN_POINT('',(-16.78,3.625,5.));
#9404 = LINE('',#9405,#9406);
#9405 = CARTESIAN_POINT('',(-16.78,-3.625,5.));
#9406 = VECTOR('',#9407,1.);
#9407 = DIRECTION('',(0.,1.,0.));
#9408 = ORIENTED_EDGE('',*,*,#9409,.F.);
#9409 = EDGE_CURVE('',#2683,#9402,#9410,.T.);
#9410 = LINE('',#9411,#9412);
#9411 = CARTESIAN_POINT('',(-16.78,3.625,15.));
#9412 = VECTOR('',#9413,1.);
#9413 = DIRECTION('',(-0.,-0.,-1.));
#9414 = PLANE('',#9415);
#9415 = AXIS2_PLACEMENT_3D('',#9416,#9417,#9418);
#9416 = CARTESIAN_POINT('',(-16.78,-3.625,15.));
#9417 = DIRECTION('',(1.,0.,0.));
#9418 = DIRECTION('',(0.,1.,0.));
#9419 = ADVANCED_FACE('',(#9420),#9438,.F.);
#9420 = FACE_BOUND('',#9421,.F.);
#9421 = EDGE_LOOP('',(#9422,#9423,#9431,#9437));
#9422 = ORIENTED_EDGE('',*,*,#9409,.T.);
#9423 = ORIENTED_EDGE('',*,*,#9424,.T.);
#9424 = EDGE_CURVE('',#9402,#9425,#9427,.T.);
#9425 = VERTEX_POINT('',#9426);
#9426 = CARTESIAN_POINT('',(-18.77999999999,3.625,5.));
#9427 = LINE('',#9428,#9429);
#9428 = CARTESIAN_POINT('',(-16.78,3.625,5.));
#9429 = VECTOR('',#9430,1.);
#9430 = DIRECTION('',(-1.,0.,0.));
#9431 = ORIENTED_EDGE('',*,*,#9432,.F.);
#9432 = EDGE_CURVE('',#2675,#9425,#9433,.T.);
#9433 = LINE('',#9434,#9435);
#9434 = CARTESIAN_POINT('',(-18.77999999999,3.625,15.));
#9435 = VECTOR('',#9436,1.);
#9436 = DIRECTION('',(-0.,-0.,-1.));
#9437 = ORIENTED_EDGE('',*,*,#2682,.F.);
#9438 = PLANE('',#9439);
#9439 = AXIS2_PLACEMENT_3D('',#9440,#9441,#9442);
#9440 = CARTESIAN_POINT('',(-16.78,3.625,15.));
#9441 = DIRECTION('',(0.,1.,0.));
#9442 = DIRECTION('',(-1.,0.,0.));
#9443 = ADVANCED_FACE('',(#9444),#9470,.F.);
#9444 = FACE_BOUND('',#9445,.F.);
#9445 = EDGE_LOOP('',(#9446,#9447,#9448,#9456,#9464));
#9446 = ORIENTED_EDGE('',*,*,#2674,.F.);
#9447 = ORIENTED_EDGE('',*,*,#9432,.T.);
#9448 = ORIENTED_EDGE('',*,*,#9449,.T.);
#9449 = EDGE_CURVE('',#9425,#9450,#9452,.T.);
#9450 = VERTEX_POINT('',#9451);
#9451 = CARTESIAN_POINT('',(-18.77999999999,1.,5.));
#9452 = LINE('',#9453,#9454);
#9453 = CARTESIAN_POINT('',(-18.77999999999,3.625,5.));
#9454 = VECTOR('',#9455,1.);
#9455 = DIRECTION('',(0.,-1.,0.));
#9456 = ORIENTED_EDGE('',*,*,#9457,.T.);
#9457 = EDGE_CURVE('',#9450,#9458,#9460,.T.);
#9458 = VERTEX_POINT('',#9459);
#9459 = CARTESIAN_POINT('',(-18.77999999999,1.,14.));
#9460 = LINE('',#9461,#9462);
#9461 = CARTESIAN_POINT('',(-18.77999999999,1.,15.));
#9462 = VECTOR('',#9463,1.);
#9463 = DIRECTION('',(0.,0.,1.));
#9464 = ORIENTED_EDGE('',*,*,#9465,.F.);
#9465 = EDGE_CURVE('',#2667,#9458,#9466,.T.);
#9466 = LINE('',#9467,#9468);
#9467 = CARTESIAN_POINT('',(-18.77999999999,2.15625,15.15625));
#9468 = VECTOR('',#9469,1.);
#9469 = DIRECTION('',(-0.,-0.707106781187,-0.707106781187));
#9470 = PLANE('',#9471);
#9471 = AXIS2_PLACEMENT_3D('',#9472,#9473,#9474);
#9472 = CARTESIAN_POINT('',(-18.77999999999,3.625,15.));
#9473 = DIRECTION('',(-1.,0.,0.));
#9474 = DIRECTION('',(0.,-1.,0.));
#9475 = ADVANCED_FACE('',(#9476),#9494,.F.);
#9476 = FACE_BOUND('',#9477,.T.);
#9477 = EDGE_LOOP('',(#9478,#9479,#9480,#9488));
#9478 = ORIENTED_EDGE('',*,*,#9465,.F.);
#9479 = ORIENTED_EDGE('',*,*,#2666,.T.);
#9480 = ORIENTED_EDGE('',*,*,#9481,.F.);
#9481 = EDGE_CURVE('',#9482,#2659,#9484,.T.);
#9482 = VERTEX_POINT('',#9483);
#9483 = CARTESIAN_POINT('',(-19.31999999999,1.,14.));
#9484 = LINE('',#9485,#9486);
#9485 = CARTESIAN_POINT('',(-19.31999999999,0.34375,13.34375));
#9486 = VECTOR('',#9487,1.);
#9487 = DIRECTION('',(0.,0.707106781187,0.707106781187));
#9488 = ORIENTED_EDGE('',*,*,#9489,.F.);
#9489 = EDGE_CURVE('',#9458,#9482,#9490,.T.);
#9490 = LINE('',#9491,#9492);
#9491 = CARTESIAN_POINT('',(33.25,1.,14.));
#9492 = VECTOR('',#9493,1.);
#9493 = DIRECTION('',(-1.,0.,0.));
#9494 = PLANE('',#9495);
#9495 = AXIS2_PLACEMENT_3D('',#9496,#9497,#9498);
#9496 = CARTESIAN_POINT('',(33.25,1.5,14.5));
#9497 = DIRECTION('',(0.,0.707106781187,-0.707106781187));
#9498 = DIRECTION('',(1.,0.,0.));
#9499 = ADVANCED_FACE('',(#9500),#9526,.F.);
#9500 = FACE_BOUND('',#9501,.F.);
#9501 = EDGE_LOOP('',(#9502,#9503,#9504,#9512,#9520));
#9502 = ORIENTED_EDGE('',*,*,#2658,.F.);
#9503 = ORIENTED_EDGE('',*,*,#9481,.F.);
#9504 = ORIENTED_EDGE('',*,*,#9505,.T.);
#9505 = EDGE_CURVE('',#9482,#9506,#9508,.T.);
#9506 = VERTEX_POINT('',#9507);
#9507 = CARTESIAN_POINT('',(-19.31999999999,1.,5.));
#9508 = LINE('',#9509,#9510);
#9509 = CARTESIAN_POINT('',(-19.31999999999,1.,15.));
#9510 = VECTOR('',#9511,1.);
#9511 = DIRECTION('',(0.,0.,-1.));
#9512 = ORIENTED_EDGE('',*,*,#9513,.T.);
#9513 = EDGE_CURVE('',#9506,#9514,#9516,.T.);
#9514 = VERTEX_POINT('',#9515);
#9515 = CARTESIAN_POINT('',(-19.31999999999,3.625,5.));
#9516 = LINE('',#9517,#9518);
#9517 = CARTESIAN_POINT('',(-19.31999999999,-3.625,5.));
#9518 = VECTOR('',#9519,1.);
#9519 = DIRECTION('',(0.,1.,0.));
#9520 = ORIENTED_EDGE('',*,*,#9521,.F.);
#9521 = EDGE_CURVE('',#2651,#9514,#9522,.T.);
#9522 = LINE('',#9523,#9524);
#9523 = CARTESIAN_POINT('',(-19.31999999999,3.625,15.));
#9524 = VECTOR('',#9525,1.);
#9525 = DIRECTION('',(-0.,-0.,-1.));
#9526 = PLANE('',#9527);
#9527 = AXIS2_PLACEMENT_3D('',#9528,#9529,#9530);
#9528 = CARTESIAN_POINT('',(-19.31999999999,-3.625,15.));
#9529 = DIRECTION('',(1.,0.,0.));
#9530 = DIRECTION('',(0.,1.,0.));
#9531 = ADVANCED_FACE('',(#9532),#9550,.F.);
#9532 = FACE_BOUND('',#9533,.F.);
#9533 = EDGE_LOOP('',(#9534,#9535,#9543,#9549));
#9534 = ORIENTED_EDGE('',*,*,#9521,.T.);
#9535 = ORIENTED_EDGE('',*,*,#9536,.T.);
#9536 = EDGE_CURVE('',#9514,#9537,#9539,.T.);
#9537 = VERTEX_POINT('',#9538);
#9538 = CARTESIAN_POINT('',(-21.32,3.625,5.));
#9539 = LINE('',#9540,#9541);
#9540 = CARTESIAN_POINT('',(-19.31999999999,3.625,5.));
#9541 = VECTOR('',#9542,1.);
#9542 = DIRECTION('',(-1.,0.,0.));
#9543 = ORIENTED_EDGE('',*,*,#9544,.F.);
#9544 = EDGE_CURVE('',#2643,#9537,#9545,.T.);
#9545 = LINE('',#9546,#9547);
#9546 = CARTESIAN_POINT('',(-21.32,3.625,15.));
#9547 = VECTOR('',#9548,1.);
#9548 = DIRECTION('',(-0.,-0.,-1.));
#9549 = ORIENTED_EDGE('',*,*,#2650,.F.);
#9550 = PLANE('',#9551);
#9551 = AXIS2_PLACEMENT_3D('',#9552,#9553,#9554);
#9552 = CARTESIAN_POINT('',(-19.31999999999,3.625,15.));
#9553 = DIRECTION('',(0.,1.,0.));
#9554 = DIRECTION('',(-1.,0.,0.));
#9555 = ADVANCED_FACE('',(#9556),#9582,.F.);
#9556 = FACE_BOUND('',#9557,.F.);
#9557 = EDGE_LOOP('',(#9558,#9559,#9560,#9568,#9576));
#9558 = ORIENTED_EDGE('',*,*,#2642,.F.);
#9559 = ORIENTED_EDGE('',*,*,#9544,.T.);
#9560 = ORIENTED_EDGE('',*,*,#9561,.T.);
#9561 = EDGE_CURVE('',#9537,#9562,#9564,.T.);
#9562 = VERTEX_POINT('',#9563);
#9563 = CARTESIAN_POINT('',(-21.32,1.,5.));
#9564 = LINE('',#9565,#9566);
#9565 = CARTESIAN_POINT('',(-21.32,3.625,5.));
#9566 = VECTOR('',#9567,1.);
#9567 = DIRECTION('',(0.,-1.,0.));
#9568 = ORIENTED_EDGE('',*,*,#9569,.T.);
#9569 = EDGE_CURVE('',#9562,#9570,#9572,.T.);
#9570 = VERTEX_POINT('',#9571);
#9571 = CARTESIAN_POINT('',(-21.32,1.,14.));
#9572 = LINE('',#9573,#9574);
#9573 = CARTESIAN_POINT('',(-21.32,1.,15.));
#9574 = VECTOR('',#9575,1.);
#9575 = DIRECTION('',(0.,0.,1.));
#9576 = ORIENTED_EDGE('',*,*,#9577,.F.);
#9577 = EDGE_CURVE('',#2635,#9570,#9578,.T.);
#9578 = LINE('',#9579,#9580);
#9579 = CARTESIAN_POINT('',(-21.32,2.15625,15.15625));
#9580 = VECTOR('',#9581,1.);
#9581 = DIRECTION('',(-0.,-0.707106781187,-0.707106781187));
#9582 = PLANE('',#9583);
#9583 = AXIS2_PLACEMENT_3D('',#9584,#9585,#9586);
#9584 = CARTESIAN_POINT('',(-21.32,3.625,15.));
#9585 = DIRECTION('',(-1.,0.,0.));
#9586 = DIRECTION('',(0.,-1.,0.));
#9587 = ADVANCED_FACE('',(#9588),#9606,.F.);
#9588 = FACE_BOUND('',#9589,.T.);
#9589 = EDGE_LOOP('',(#9590,#9591,#9592,#9600));
#9590 = ORIENTED_EDGE('',*,*,#9577,.F.);
#9591 = ORIENTED_EDGE('',*,*,#2634,.T.);
#9592 = ORIENTED_EDGE('',*,*,#9593,.F.);
#9593 = EDGE_CURVE('',#9594,#2627,#9596,.T.);
#9594 = VERTEX_POINT('',#9595);
#9595 = CARTESIAN_POINT('',(-21.85999999999,1.,14.));
#9596 = LINE('',#9597,#9598);
#9597 = CARTESIAN_POINT('',(-21.85999999999,0.34375,13.34375));
#9598 = VECTOR('',#9599,1.);
#9599 = DIRECTION('',(0.,0.707106781187,0.707106781187));
#9600 = ORIENTED_EDGE('',*,*,#9601,.F.);
#9601 = EDGE_CURVE('',#9570,#9594,#9602,.T.);
#9602 = LINE('',#9603,#9604);
#9603 = CARTESIAN_POINT('',(33.25,1.,14.));
#9604 = VECTOR('',#9605,1.);
#9605 = DIRECTION('',(-1.,0.,0.));
#9606 = PLANE('',#9607);
#9607 = AXIS2_PLACEMENT_3D('',#9608,#9609,#9610);
#9608 = CARTESIAN_POINT('',(33.25,1.5,14.5));
#9609 = DIRECTION('',(0.,0.707106781187,-0.707106781187));
#9610 = DIRECTION('',(1.,0.,0.));
#9611 = ADVANCED_FACE('',(#9612),#9638,.F.);
#9612 = FACE_BOUND('',#9613,.F.);
#9613 = EDGE_LOOP('',(#9614,#9615,#9616,#9624,#9632));
#9614 = ORIENTED_EDGE('',*,*,#2626,.F.);
#9615 = ORIENTED_EDGE('',*,*,#9593,.F.);
#9616 = ORIENTED_EDGE('',*,*,#9617,.T.);
#9617 = EDGE_CURVE('',#9594,#9618,#9620,.T.);
#9618 = VERTEX_POINT('',#9619);
#9619 = CARTESIAN_POINT('',(-21.85999999999,1.,5.));
#9620 = LINE('',#9621,#9622);
#9621 = CARTESIAN_POINT('',(-21.85999999999,1.,15.));
#9622 = VECTOR('',#9623,1.);
#9623 = DIRECTION('',(0.,0.,-1.));
#9624 = ORIENTED_EDGE('',*,*,#9625,.T.);
#9625 = EDGE_CURVE('',#9618,#9626,#9628,.T.);
#9626 = VERTEX_POINT('',#9627);
#9627 = CARTESIAN_POINT('',(-21.85999999999,3.625,5.));
#9628 = LINE('',#9629,#9630);
#9629 = CARTESIAN_POINT('',(-21.85999999999,-3.625,5.));
#9630 = VECTOR('',#9631,1.);
#9631 = DIRECTION('',(0.,1.,0.));
#9632 = ORIENTED_EDGE('',*,*,#9633,.F.);
#9633 = EDGE_CURVE('',#2619,#9626,#9634,.T.);
#9634 = LINE('',#9635,#9636);
#9635 = CARTESIAN_POINT('',(-21.85999999999,3.625,15.));
#9636 = VECTOR('',#9637,1.);
#9637 = DIRECTION('',(-0.,-0.,-1.));
#9638 = PLANE('',#9639);
#9639 = AXIS2_PLACEMENT_3D('',#9640,#9641,#9642);
#9640 = CARTESIAN_POINT('',(-21.85999999999,-3.625,15.));
#9641 = DIRECTION('',(1.,0.,0.));
#9642 = DIRECTION('',(0.,1.,0.));
#9643 = ADVANCED_FACE('',(#9644),#9662,.F.);
#9644 = FACE_BOUND('',#9645,.F.);
#9645 = EDGE_LOOP('',(#9646,#9647,#9655,#9661));
#9646 = ORIENTED_EDGE('',*,*,#9633,.T.);
#9647 = ORIENTED_EDGE('',*,*,#9648,.T.);
#9648 = EDGE_CURVE('',#9626,#9649,#9651,.T.);
#9649 = VERTEX_POINT('',#9650);
#9650 = CARTESIAN_POINT('',(-23.86,3.625,5.));
#9651 = LINE('',#9652,#9653);
#9652 = CARTESIAN_POINT('',(-21.85999999999,3.625,5.));
#9653 = VECTOR('',#9654,1.);
#9654 = DIRECTION('',(-1.,0.,0.));
#9655 = ORIENTED_EDGE('',*,*,#9656,.F.);
#9656 = EDGE_CURVE('',#2611,#9649,#9657,.T.);
#9657 = LINE('',#9658,#9659);
#9658 = CARTESIAN_POINT('',(-23.86,3.625,15.));
#9659 = VECTOR('',#9660,1.);
#9660 = DIRECTION('',(-0.,-0.,-1.));
#9661 = ORIENTED_EDGE('',*,*,#2618,.F.);
#9662 = PLANE('',#9663);
#9663 = AXIS2_PLACEMENT_3D('',#9664,#9665,#9666);
#9664 = CARTESIAN_POINT('',(-21.85999999999,3.625,15.));
#9665 = DIRECTION('',(0.,1.,0.));
#9666 = DIRECTION('',(-1.,0.,0.));
#9667 = ADVANCED_FACE('',(#9668),#9694,.F.);
#9668 = FACE_BOUND('',#9669,.F.);
#9669 = EDGE_LOOP('',(#9670,#9671,#9672,#9680,#9688));
#9670 = ORIENTED_EDGE('',*,*,#2610,.F.);
#9671 = ORIENTED_EDGE('',*,*,#9656,.T.);
#9672 = ORIENTED_EDGE('',*,*,#9673,.T.);
#9673 = EDGE_CURVE('',#9649,#9674,#9676,.T.);
#9674 = VERTEX_POINT('',#9675);
#9675 = CARTESIAN_POINT('',(-23.86,1.,5.));
#9676 = LINE('',#9677,#9678);
#9677 = CARTESIAN_POINT('',(-23.86,3.625,5.));
#9678 = VECTOR('',#9679,1.);
#9679 = DIRECTION('',(0.,-1.,0.));
#9680 = ORIENTED_EDGE('',*,*,#9681,.T.);
#9681 = EDGE_CURVE('',#9674,#9682,#9684,.T.);
#9682 = VERTEX_POINT('',#9683);
#9683 = CARTESIAN_POINT('',(-23.86,1.,14.));
#9684 = LINE('',#9685,#9686);
#9685 = CARTESIAN_POINT('',(-23.86,1.,15.));
#9686 = VECTOR('',#9687,1.);
#9687 = DIRECTION('',(0.,0.,1.));
#9688 = ORIENTED_EDGE('',*,*,#9689,.F.);
#9689 = EDGE_CURVE('',#2603,#9682,#9690,.T.);
#9690 = LINE('',#9691,#9692);
#9691 = CARTESIAN_POINT('',(-23.86,2.15625,15.15625));
#9692 = VECTOR('',#9693,1.);
#9693 = DIRECTION('',(-0.,-0.707106781187,-0.707106781187));
#9694 = PLANE('',#9695);
#9695 = AXIS2_PLACEMENT_3D('',#9696,#9697,#9698);
#9696 = CARTESIAN_POINT('',(-23.86,3.625,15.));
#9697 = DIRECTION('',(-1.,0.,0.));
#9698 = DIRECTION('',(0.,-1.,0.));
#9699 = ADVANCED_FACE('',(#9700),#9718,.F.);
#9700 = FACE_BOUND('',#9701,.T.);
#9701 = EDGE_LOOP('',(#9702,#9703,#9704,#9712));
#9702 = ORIENTED_EDGE('',*,*,#9689,.F.);
#9703 = ORIENTED_EDGE('',*,*,#2602,.T.);
#9704 = ORIENTED_EDGE('',*,*,#9705,.F.);
#9705 = EDGE_CURVE('',#9706,#2595,#9708,.T.);
#9706 = VERTEX_POINT('',#9707);
#9707 = CARTESIAN_POINT('',(-24.39999999999,1.,14.));
#9708 = LINE('',#9709,#9710);
#9709 = CARTESIAN_POINT('',(-24.39999999999,0.34375,13.34375));
#9710 = VECTOR('',#9711,1.);
#9711 = DIRECTION('',(0.,0.707106781187,0.707106781187));
#9712 = ORIENTED_EDGE('',*,*,#9713,.F.);
#9713 = EDGE_CURVE('',#9682,#9706,#9714,.T.);
#9714 = LINE('',#9715,#9716);
#9715 = CARTESIAN_POINT('',(33.25,1.,14.));
#9716 = VECTOR('',#9717,1.);
#9717 = DIRECTION('',(-1.,0.,0.));
#9718 = PLANE('',#9719);
#9719 = AXIS2_PLACEMENT_3D('',#9720,#9721,#9722);
#9720 = CARTESIAN_POINT('',(33.25,1.5,14.5));
#9721 = DIRECTION('',(0.,0.707106781187,-0.707106781187));
#9722 = DIRECTION('',(1.,0.,0.));
#9723 = ADVANCED_FACE('',(#9724),#9750,.F.);
#9724 = FACE_BOUND('',#9725,.F.);
#9725 = EDGE_LOOP('',(#9726,#9727,#9728,#9736,#9744));
#9726 = ORIENTED_EDGE('',*,*,#2594,.F.);
#9727 = ORIENTED_EDGE('',*,*,#9705,.F.);
#9728 = ORIENTED_EDGE('',*,*,#9729,.T.);
#9729 = EDGE_CURVE('',#9706,#9730,#9732,.T.);
#9730 = VERTEX_POINT('',#9731);
#9731 = CARTESIAN_POINT('',(-24.39999999999,1.,5.));
#9732 = LINE('',#9733,#9734);
#9733 = CARTESIAN_POINT('',(-24.39999999999,1.,15.));
#9734 = VECTOR('',#9735,1.);
#9735 = DIRECTION('',(0.,0.,-1.));
#9736 = ORIENTED_EDGE('',*,*,#9737,.T.);
#9737 = EDGE_CURVE('',#9730,#9738,#9740,.T.);
#9738 = VERTEX_POINT('',#9739);
#9739 = CARTESIAN_POINT('',(-24.39999999999,3.625,5.));
#9740 = LINE('',#9741,#9742);
#9741 = CARTESIAN_POINT('',(-24.39999999999,-3.625,5.));
#9742 = VECTOR('',#9743,1.);
#9743 = DIRECTION('',(0.,1.,0.));
#9744 = ORIENTED_EDGE('',*,*,#9745,.F.);
#9745 = EDGE_CURVE('',#2587,#9738,#9746,.T.);
#9746 = LINE('',#9747,#9748);
#9747 = CARTESIAN_POINT('',(-24.39999999999,3.625,15.));
#9748 = VECTOR('',#9749,1.);
#9749 = DIRECTION('',(-0.,-0.,-1.));
#9750 = PLANE('',#9751);
#9751 = AXIS2_PLACEMENT_3D('',#9752,#9753,#9754);
#9752 = CARTESIAN_POINT('',(-24.39999999999,-3.625,15.));
#9753 = DIRECTION('',(1.,0.,0.));
#9754 = DIRECTION('',(0.,1.,0.));
#9755 = ADVANCED_FACE('',(#9756),#9774,.F.);
#9756 = FACE_BOUND('',#9757,.F.);
#9757 = EDGE_LOOP('',(#9758,#9759,#9767,#9773));
#9758 = ORIENTED_EDGE('',*,*,#9745,.T.);
#9759 = ORIENTED_EDGE('',*,*,#9760,.T.);
#9760 = EDGE_CURVE('',#9738,#9761,#9763,.T.);
#9761 = VERTEX_POINT('',#9762);
#9762 = CARTESIAN_POINT('',(-26.4,3.625,5.));
#9763 = LINE('',#9764,#9765);
#9764 = CARTESIAN_POINT('',(-24.39999999999,3.625,5.));
#9765 = VECTOR('',#9766,1.);
#9766 = DIRECTION('',(-1.,0.,0.));
#9767 = ORIENTED_EDGE('',*,*,#9768,.F.);
#9768 = EDGE_CURVE('',#2579,#9761,#9769,.T.);
#9769 = LINE('',#9770,#9771);
#9770 = CARTESIAN_POINT('',(-26.4,3.625,15.));
#9771 = VECTOR('',#9772,1.);
#9772 = DIRECTION('',(-0.,-0.,-1.));
#9773 = ORIENTED_EDGE('',*,*,#2586,.F.);
#9774 = PLANE('',#9775);
#9775 = AXIS2_PLACEMENT_3D('',#9776,#9777,#9778);
#9776 = CARTESIAN_POINT('',(-24.39999999999,3.625,15.));
#9777 = DIRECTION('',(0.,1.,0.));
#9778 = DIRECTION('',(-1.,0.,0.));
#9779 = ADVANCED_FACE('',(#9780),#9806,.F.);
#9780 = FACE_BOUND('',#9781,.F.);
#9781 = EDGE_LOOP('',(#9782,#9783,#9784,#9792,#9800));
#9782 = ORIENTED_EDGE('',*,*,#2578,.F.);
#9783 = ORIENTED_EDGE('',*,*,#9768,.T.);
#9784 = ORIENTED_EDGE('',*,*,#9785,.T.);
#9785 = EDGE_CURVE('',#9761,#9786,#9788,.T.);
#9786 = VERTEX_POINT('',#9787);
#9787 = CARTESIAN_POINT('',(-26.4,1.,5.));
#9788 = LINE('',#9789,#9790);
#9789 = CARTESIAN_POINT('',(-26.4,3.625,5.));
#9790 = VECTOR('',#9791,1.);
#9791 = DIRECTION('',(0.,-1.,0.));
#9792 = ORIENTED_EDGE('',*,*,#9793,.T.);
#9793 = EDGE_CURVE('',#9786,#9794,#9796,.T.);
#9794 = VERTEX_POINT('',#9795);
#9795 = CARTESIAN_POINT('',(-26.4,1.,14.));
#9796 = LINE('',#9797,#9798);
#9797 = CARTESIAN_POINT('',(-26.4,1.,15.));
#9798 = VECTOR('',#9799,1.);
#9799 = DIRECTION('',(0.,0.,1.));
#9800 = ORIENTED_EDGE('',*,*,#9801,.F.);
#9801 = EDGE_CURVE('',#2571,#9794,#9802,.T.);
#9802 = LINE('',#9803,#9804);
#9803 = CARTESIAN_POINT('',(-26.4,2.15625,15.15625));
#9804 = VECTOR('',#9805,1.);
#9805 = DIRECTION('',(-0.,-0.707106781187,-0.707106781187));
#9806 = PLANE('',#9807);
#9807 = AXIS2_PLACEMENT_3D('',#9808,#9809,#9810);
#9808 = CARTESIAN_POINT('',(-26.4,3.625,15.));
#9809 = DIRECTION('',(-1.,0.,0.));
#9810 = DIRECTION('',(0.,-1.,0.));
#9811 = ADVANCED_FACE('',(#9812),#9830,.F.);
#9812 = FACE_BOUND('',#9813,.T.);
#9813 = EDGE_LOOP('',(#9814,#9815,#9816,#9824));
#9814 = ORIENTED_EDGE('',*,*,#9801,.F.);
#9815 = ORIENTED_EDGE('',*,*,#2570,.T.);
#9816 = ORIENTED_EDGE('',*,*,#9817,.F.);
#9817 = EDGE_CURVE('',#9818,#2563,#9820,.T.);
#9818 = VERTEX_POINT('',#9819);
#9819 = CARTESIAN_POINT('',(-26.93999999999,1.,14.));
#9820 = LINE('',#9821,#9822);
#9821 = CARTESIAN_POINT('',(-26.93999999999,0.34375,13.34375));
#9822 = VECTOR('',#9823,1.);
#9823 = DIRECTION('',(0.,0.707106781187,0.707106781187));
#9824 = ORIENTED_EDGE('',*,*,#9825,.F.);
#9825 = EDGE_CURVE('',#9794,#9818,#9826,.T.);
#9826 = LINE('',#9827,#9828);
#9827 = CARTESIAN_POINT('',(33.25,1.,14.));
#9828 = VECTOR('',#9829,1.);
#9829 = DIRECTION('',(-1.,0.,0.));
#9830 = PLANE('',#9831);
#9831 = AXIS2_PLACEMENT_3D('',#9832,#9833,#9834);
#9832 = CARTESIAN_POINT('',(33.25,1.5,14.5));
#9833 = DIRECTION('',(0.,0.707106781187,-0.707106781187));
#9834 = DIRECTION('',(1.,0.,0.));
#9835 = ADVANCED_FACE('',(#9836),#9862,.F.);
#9836 = FACE_BOUND('',#9837,.F.);
#9837 = EDGE_LOOP('',(#9838,#9839,#9840,#9848,#9856));
#9838 = ORIENTED_EDGE('',*,*,#2562,.F.);
#9839 = ORIENTED_EDGE('',*,*,#9817,.F.);
#9840 = ORIENTED_EDGE('',*,*,#9841,.T.);
#9841 = EDGE_CURVE('',#9818,#9842,#9844,.T.);
#9842 = VERTEX_POINT('',#9843);
#9843 = CARTESIAN_POINT('',(-26.93999999999,1.,5.));
#9844 = LINE('',#9845,#9846);
#9845 = CARTESIAN_POINT('',(-26.93999999999,1.,15.));
#9846 = VECTOR('',#9847,1.);
#9847 = DIRECTION('',(0.,0.,-1.));
#9848 = ORIENTED_EDGE('',*,*,#9849,.T.);
#9849 = EDGE_CURVE('',#9842,#9850,#9852,.T.);
#9850 = VERTEX_POINT('',#9851);
#9851 = CARTESIAN_POINT('',(-26.93999999999,3.625,5.));
#9852 = LINE('',#9853,#9854);
#9853 = CARTESIAN_POINT('',(-26.93999999999,-3.625,5.));
#9854 = VECTOR('',#9855,1.);
#9855 = DIRECTION('',(0.,1.,0.));
#9856 = ORIENTED_EDGE('',*,*,#9857,.F.);
#9857 = EDGE_CURVE('',#2555,#9850,#9858,.T.);
#9858 = LINE('',#9859,#9860);
#9859 = CARTESIAN_POINT('',(-26.93999999999,3.625,15.));
#9860 = VECTOR('',#9861,1.);
#9861 = DIRECTION('',(-0.,-0.,-1.));
#9862 = PLANE('',#9863);
#9863 = AXIS2_PLACEMENT_3D('',#9864,#9865,#9866);
#9864 = CARTESIAN_POINT('',(-26.93999999999,-3.625,15.));
#9865 = DIRECTION('',(1.,0.,0.));
#9866 = DIRECTION('',(0.,1.,0.));
#9867 = ADVANCED_FACE('',(#9868),#9886,.F.);
#9868 = FACE_BOUND('',#9869,.F.);
#9869 = EDGE_LOOP('',(#9870,#9871,#9879,#9885));
#9870 = ORIENTED_EDGE('',*,*,#9857,.T.);
#9871 = ORIENTED_EDGE('',*,*,#9872,.T.);
#9872 = EDGE_CURVE('',#9850,#9873,#9875,.T.);
#9873 = VERTEX_POINT('',#9874);
#9874 = CARTESIAN_POINT('',(-28.94000000001,3.625,5.));
#9875 = LINE('',#9876,#9877);
#9876 = CARTESIAN_POINT('',(-26.93999999999,3.625,5.));
#9877 = VECTOR('',#9878,1.);
#9878 = DIRECTION('',(-1.,0.,0.));
#9879 = ORIENTED_EDGE('',*,*,#9880,.F.);
#9880 = EDGE_CURVE('',#2547,#9873,#9881,.T.);
#9881 = LINE('',#9882,#9883);
#9882 = CARTESIAN_POINT('',(-28.94000000001,3.625,15.));
#9883 = VECTOR('',#9884,1.);
#9884 = DIRECTION('',(-0.,-0.,-1.));
#9885 = ORIENTED_EDGE('',*,*,#2554,.F.);
#9886 = PLANE('',#9887);
#9887 = AXIS2_PLACEMENT_3D('',#9888,#9889,#9890);
#9888 = CARTESIAN_POINT('',(-26.93999999999,3.625,15.));
#9889 = DIRECTION('',(0.,1.,0.));
#9890 = DIRECTION('',(-1.,0.,0.));
#9891 = ADVANCED_FACE('',(#9892),#9918,.F.);
#9892 = FACE_BOUND('',#9893,.F.);
#9893 = EDGE_LOOP('',(#9894,#9895,#9896,#9904,#9912));
#9894 = ORIENTED_EDGE('',*,*,#2546,.F.);
#9895 = ORIENTED_EDGE('',*,*,#9880,.T.);
#9896 = ORIENTED_EDGE('',*,*,#9897,.T.);
#9897 = EDGE_CURVE('',#9873,#9898,#9900,.T.);
#9898 = VERTEX_POINT('',#9899);
#9899 = CARTESIAN_POINT('',(-28.94000000001,1.,5.));
#9900 = LINE('',#9901,#9902);
#9901 = CARTESIAN_POINT('',(-28.94000000001,3.625,5.));
#9902 = VECTOR('',#9903,1.);
#9903 = DIRECTION('',(0.,-1.,0.));
#9904 = ORIENTED_EDGE('',*,*,#9905,.T.);
#9905 = EDGE_CURVE('',#9898,#9906,#9908,.T.);
#9906 = VERTEX_POINT('',#9907);
#9907 = CARTESIAN_POINT('',(-28.94000000001,1.,14.));
#9908 = LINE('',#9909,#9910);
#9909 = CARTESIAN_POINT('',(-28.94000000001,1.,15.));
#9910 = VECTOR('',#9911,1.);
#9911 = DIRECTION('',(0.,0.,1.));
#9912 = ORIENTED_EDGE('',*,*,#9913,.F.);
#9913 = EDGE_CURVE('',#2539,#9906,#9914,.T.);
#9914 = LINE('',#9915,#9916);
#9915 = CARTESIAN_POINT('',(-28.94000000001,2.15625,15.15625));
#9916 = VECTOR('',#9917,1.);
#9917 = DIRECTION('',(-0.,-0.707106781187,-0.707106781187));
#9918 = PLANE('',#9919);
#9919 = AXIS2_PLACEMENT_3D('',#9920,#9921,#9922);
#9920 = CARTESIAN_POINT('',(-28.94000000001,3.625,15.));
#9921 = DIRECTION('',(-1.,0.,0.));
#9922 = DIRECTION('',(0.,-1.,0.));
#9923 = ADVANCED_FACE('',(#9924),#9942,.F.);
#9924 = FACE_BOUND('',#9925,.T.);
#9925 = EDGE_LOOP('',(#9926,#9927,#9928,#9936));
#9926 = ORIENTED_EDGE('',*,*,#9913,.F.);
#9927 = ORIENTED_EDGE('',*,*,#2538,.T.);
#9928 = ORIENTED_EDGE('',*,*,#9929,.F.);
#9929 = EDGE_CURVE('',#9930,#2531,#9932,.T.);
#9930 = VERTEX_POINT('',#9931);
#9931 = CARTESIAN_POINT('',(-29.47999999998,1.,14.));
#9932 = LINE('',#9933,#9934);
#9933 = CARTESIAN_POINT('',(-29.47999999998,0.34375,13.34375));
#9934 = VECTOR('',#9935,1.);
#9935 = DIRECTION('',(0.,0.707106781187,0.707106781187));
#9936 = ORIENTED_EDGE('',*,*,#9937,.F.);
#9937 = EDGE_CURVE('',#9906,#9930,#9938,.T.);
#9938 = LINE('',#9939,#9940);
#9939 = CARTESIAN_POINT('',(33.25,1.,14.));
#9940 = VECTOR('',#9941,1.);
#9941 = DIRECTION('',(-1.,0.,0.));
#9942 = PLANE('',#9943);
#9943 = AXIS2_PLACEMENT_3D('',#9944,#9945,#9946);
#9944 = CARTESIAN_POINT('',(33.25,1.5,14.5));
#9945 = DIRECTION('',(0.,0.707106781187,-0.707106781187));
#9946 = DIRECTION('',(1.,0.,0.));
#9947 = ADVANCED_FACE('',(#9948),#9974,.F.);
#9948 = FACE_BOUND('',#9949,.F.);
#9949 = EDGE_LOOP('',(#9950,#9951,#9952,#9960,#9968));
#9950 = ORIENTED_EDGE('',*,*,#2530,.F.);
#9951 = ORIENTED_EDGE('',*,*,#9929,.F.);
#9952 = ORIENTED_EDGE('',*,*,#9953,.T.);
#9953 = EDGE_CURVE('',#9930,#9954,#9956,.T.);
#9954 = VERTEX_POINT('',#9955);
#9955 = CARTESIAN_POINT('',(-29.47999999998,1.,5.));
#9956 = LINE('',#9957,#9958);
#9957 = CARTESIAN_POINT('',(-29.47999999998,1.,15.));
#9958 = VECTOR('',#9959,1.);
#9959 = DIRECTION('',(0.,0.,-1.));
#9960 = ORIENTED_EDGE('',*,*,#9961,.T.);
#9961 = EDGE_CURVE('',#9954,#9962,#9964,.T.);
#9962 = VERTEX_POINT('',#9963);
#9963 = CARTESIAN_POINT('',(-29.47999999998,3.625,5.));
#9964 = LINE('',#9965,#9966);
#9965 = CARTESIAN_POINT('',(-29.47999999998,-3.625,5.));
#9966 = VECTOR('',#9967,1.);
#9967 = DIRECTION('',(0.,1.,0.));
#9968 = ORIENTED_EDGE('',*,*,#9969,.F.);
#9969 = EDGE_CURVE('',#2523,#9962,#9970,.T.);
#9970 = LINE('',#9971,#9972);
#9971 = CARTESIAN_POINT('',(-29.47999999998,3.625,15.));
#9972 = VECTOR('',#9973,1.);
#9973 = DIRECTION('',(-0.,-0.,-1.));
#9974 = PLANE('',#9975);
#9975 = AXIS2_PLACEMENT_3D('',#9976,#9977,#9978);
#9976 = CARTESIAN_POINT('',(-29.47999999998,-3.625,15.));
#9977 = DIRECTION('',(1.,0.,0.));
#9978 = DIRECTION('',(0.,1.,0.));
#9979 = ADVANCED_FACE('',(#9980),#9998,.F.);
#9980 = FACE_BOUND('',#9981,.F.);
#9981 = EDGE_LOOP('',(#9982,#9983,#9991,#9997));
#9982 = ORIENTED_EDGE('',*,*,#9969,.T.);
#9983 = ORIENTED_EDGE('',*,*,#9984,.T.);
#9984 = EDGE_CURVE('',#9962,#9985,#9987,.T.);
#9985 = VERTEX_POINT('',#9986);
#9986 = CARTESIAN_POINT('',(-31.48000000001,3.625,5.));
#9987 = LINE('',#9988,#9989);
#9988 = CARTESIAN_POINT('',(-29.47999999998,3.625,5.));
#9989 = VECTOR('',#9990,1.);
#9990 = DIRECTION('',(-1.,0.,0.));
#9991 = ORIENTED_EDGE('',*,*,#9992,.F.);
#9992 = EDGE_CURVE('',#2515,#9985,#9993,.T.);
#9993 = LINE('',#9994,#9995);
#9994 = CARTESIAN_POINT('',(-31.48000000001,3.625,15.));
#9995 = VECTOR('',#9996,1.);
#9996 = DIRECTION('',(-0.,-0.,-1.));
#9997 = ORIENTED_EDGE('',*,*,#2522,.F.);
#9998 = PLANE('',#9999);
#9999 = AXIS2_PLACEMENT_3D('',#10000,#10001,#10002);
#10000 = CARTESIAN_POINT('',(-29.47999999998,3.625,15.));
#10001 = DIRECTION('',(0.,1.,0.));
#10002 = DIRECTION('',(-1.,0.,0.));
#10003 = ADVANCED_FACE('',(#10004),#10030,.F.);
#10004 = FACE_BOUND('',#10005,.F.);
#10005 = EDGE_LOOP('',(#10006,#10007,#10008,#10016,#10024));
#10006 = ORIENTED_EDGE('',*,*,#2514,.F.);
#10007 = ORIENTED_EDGE('',*,*,#9992,.T.);
#10008 = ORIENTED_EDGE('',*,*,#10009,.T.);
#10009 = EDGE_CURVE('',#9985,#10010,#10012,.T.);
#10010 = VERTEX_POINT('',#10011);
#10011 = CARTESIAN_POINT('',(-31.48000000001,1.,5.));
#10012 = LINE('',#10013,#10014);
#10013 = CARTESIAN_POINT('',(-31.48000000001,3.625,5.));
#10014 = VECTOR('',#10015,1.);
#10015 = DIRECTION('',(0.,-1.,0.));
#10016 = ORIENTED_EDGE('',*,*,#10017,.T.);
#10017 = EDGE_CURVE('',#10010,#10018,#10020,.T.);
#10018 = VERTEX_POINT('',#10019);
#10019 = CARTESIAN_POINT('',(-31.48000000001,1.,14.));
#10020 = LINE('',#10021,#10022);
#10021 = CARTESIAN_POINT('',(-31.48000000001,1.,15.));
#10022 = VECTOR('',#10023,1.);
#10023 = DIRECTION('',(0.,0.,1.));
#10024 = ORIENTED_EDGE('',*,*,#10025,.F.);
#10025 = EDGE_CURVE('',#2507,#10018,#10026,.T.);
#10026 = LINE('',#10027,#10028);
#10027 = CARTESIAN_POINT('',(-31.48000000001,2.15625,15.15625));
#10028 = VECTOR('',#10029,1.);
#10029 = DIRECTION('',(-0.,-0.707106781187,-0.707106781187));
#10030 = PLANE('',#10031);
#10031 = AXIS2_PLACEMENT_3D('',#10032,#10033,#10034);
#10032 = CARTESIAN_POINT('',(-31.48000000001,3.625,15.));
#10033 = DIRECTION('',(-1.,0.,0.));
#10034 = DIRECTION('',(0.,-1.,0.));
#10035 = ADVANCED_FACE('',(#10036),#10047,.F.);
#10036 = FACE_BOUND('',#10037,.T.);
#10037 = EDGE_LOOP('',(#10038,#10039,#10040,#10041));
#10038 = ORIENTED_EDGE('',*,*,#10025,.F.);
#10039 = ORIENTED_EDGE('',*,*,#2506,.T.);
#10040 = ORIENTED_EDGE('',*,*,#4360,.T.);
#10041 = ORIENTED_EDGE('',*,*,#10042,.F.);
#10042 = EDGE_CURVE('',#10018,#4361,#10043,.T.);
#10043 = LINE('',#10044,#10045);
#10044 = CARTESIAN_POINT('',(33.25,1.,14.));
#10045 = VECTOR('',#10046,1.);
#10046 = DIRECTION('',(-1.,0.,0.));
#10047 = PLANE('',#10048);
#10048 = AXIS2_PLACEMENT_3D('',#10049,#10050,#10051);
#10049 = CARTESIAN_POINT('',(33.25,1.5,14.5));
#10050 = DIRECTION('',(0.,0.707106781187,-0.707106781187));
#10051 = DIRECTION('',(1.,0.,0.));
#10052 = ADVANCED_FACE('',(#10053),#10101,.T.);
#10053 = FACE_BOUND('',#10054,.T.);
#10054 = EDGE_LOOP('',(#10055,#10056,#10064,#10072,#10080,#10088,#10094,
    #10095));
#10055 = ORIENTED_EDGE('',*,*,#4329,.F.);
#10056 = ORIENTED_EDGE('',*,*,#10057,.F.);
#10057 = EDGE_CURVE('',#10058,#4322,#10060,.T.);
#10058 = VERTEX_POINT('',#10059);
#10059 = CARTESIAN_POINT('',(-32.75,-3.75,-0.5));
#10060 = LINE('',#10061,#10062);
#10061 = CARTESIAN_POINT('',(-32.75,-3.75,-0.5));
#10062 = VECTOR('',#10063,1.);
#10063 = DIRECTION('',(-1.,0.,0.));
#10064 = ORIENTED_EDGE('',*,*,#10065,.F.);
#10065 = EDGE_CURVE('',#10066,#10058,#10068,.T.);
#10066 = VERTEX_POINT('',#10067);
#10067 = CARTESIAN_POINT('',(-32.75,-3.75,0.));
#10068 = LINE('',#10069,#10070);
#10069 = CARTESIAN_POINT('',(-32.75,-3.75,0.));
#10070 = VECTOR('',#10071,1.);
#10071 = DIRECTION('',(0.,0.,-1.));
#10072 = ORIENTED_EDGE('',*,*,#10073,.T.);
#10073 = EDGE_CURVE('',#10066,#10074,#10076,.T.);
#10074 = VERTEX_POINT('',#10075);
#10075 = CARTESIAN_POINT('',(32.75,-3.75,0.));
#10076 = LINE('',#10077,#10078);
#10077 = CARTESIAN_POINT('',(-34.75,-3.75,0.));
#10078 = VECTOR('',#10079,1.);
#10079 = DIRECTION('',(1.,0.,0.));
#10080 = ORIENTED_EDGE('',*,*,#10081,.T.);
#10081 = EDGE_CURVE('',#10074,#10082,#10084,.T.);
#10082 = VERTEX_POINT('',#10083);
#10083 = CARTESIAN_POINT('',(32.75,-3.75,-0.5));
#10084 = LINE('',#10085,#10086);
#10085 = CARTESIAN_POINT('',(32.75,-3.75,0.));
#10086 = VECTOR('',#10087,1.);
#10087 = DIRECTION('',(0.,0.,-1.));
#10088 = ORIENTED_EDGE('',*,*,#10089,.T.);
#10089 = EDGE_CURVE('',#10082,#4139,#10090,.T.);
#10090 = LINE('',#10091,#10092);
#10091 = CARTESIAN_POINT('',(32.75,-3.75,-0.5));
#10092 = VECTOR('',#10093,1.);
#10093 = DIRECTION('',(1.,0.,0.));
#10094 = ORIENTED_EDGE('',*,*,#4136,.F.);
#10095 = ORIENTED_EDGE('',*,*,#10096,.F.);
#10096 = EDGE_CURVE('',#4330,#4137,#10097,.T.);
#10097 = LINE('',#10098,#10099);
#10098 = CARTESIAN_POINT('',(-34.75,-3.75,5.5));
#10099 = VECTOR('',#10100,1.);
#10100 = DIRECTION('',(1.,0.,0.));
#10101 = PLANE('',#10102);
#10102 = AXIS2_PLACEMENT_3D('',#10103,#10104,#10105);
#10103 = CARTESIAN_POINT('',(0.,-3.75,2.697368421053));
#10104 = DIRECTION('',(-0.,-1.,-0.));
#10105 = DIRECTION('',(0.,0.,-1.));
#10106 = ADVANCED_FACE('',(#10107),#10125,.F.);
#10107 = FACE_BOUND('',#10108,.F.);
#10108 = EDGE_LOOP('',(#10109,#10110,#10118,#10124));
#10109 = ORIENTED_EDGE('',*,*,#4146,.T.);
#10110 = ORIENTED_EDGE('',*,*,#10111,.T.);
#10111 = EDGE_CURVE('',#4147,#10112,#10114,.T.);
#10112 = VERTEX_POINT('',#10113);
#10113 = CARTESIAN_POINT('',(32.75,-1.75,-0.5));
#10114 = LINE('',#10115,#10116);
#10115 = CARTESIAN_POINT('',(34.75,-1.75,-0.5));
#10116 = VECTOR('',#10117,1.);
#10117 = DIRECTION('',(-1.,0.,0.));
#10118 = ORIENTED_EDGE('',*,*,#10119,.T.);
#10119 = EDGE_CURVE('',#10112,#10082,#10120,.T.);
#10120 = LINE('',#10121,#10122);
#10121 = CARTESIAN_POINT('',(32.75,-1.75,-0.5));
#10122 = VECTOR('',#10123,1.);
#10123 = DIRECTION('',(0.,-1.,0.));
#10124 = ORIENTED_EDGE('',*,*,#10089,.T.);
#10125 = PLANE('',#10126);
#10126 = AXIS2_PLACEMENT_3D('',#10127,#10128,#10129);
#10127 = CARTESIAN_POINT('',(0.,0.,-0.5));
#10128 = DIRECTION('',(0.,0.,1.));
#10129 = DIRECTION('',(1.,0.,0.));
#10130 = ADVANCED_FACE('',(#10131),#10149,.T.);
#10131 = FACE_BOUND('',#10132,.T.);
#10132 = EDGE_LOOP('',(#10133,#10134,#10135,#10143));
#10133 = ORIENTED_EDGE('',*,*,#4154,.T.);
#10134 = ORIENTED_EDGE('',*,*,#10111,.T.);
#10135 = ORIENTED_EDGE('',*,*,#10136,.F.);
#10136 = EDGE_CURVE('',#10137,#10112,#10139,.T.);
#10137 = VERTEX_POINT('',#10138);
#10138 = CARTESIAN_POINT('',(32.75,-1.75,0.));
#10139 = LINE('',#10140,#10141);
#10140 = CARTESIAN_POINT('',(32.75,-1.75,0.));
#10141 = VECTOR('',#10142,1.);
#10142 = DIRECTION('',(0.,0.,-1.));
#10143 = ORIENTED_EDGE('',*,*,#10144,.F.);
#10144 = EDGE_CURVE('',#4155,#10137,#10145,.T.);
#10145 = LINE('',#10146,#10147);
#10146 = CARTESIAN_POINT('',(34.75,-1.75,0.));
#10147 = VECTOR('',#10148,1.);
#10148 = DIRECTION('',(-1.,0.,0.));
#10149 = PLANE('',#10150);
#10150 = AXIS2_PLACEMENT_3D('',#10151,#10152,#10153);
#10151 = CARTESIAN_POINT('',(34.75,-1.75,0.));
#10152 = DIRECTION('',(0.,1.,0.));
#10153 = DIRECTION('',(-1.,0.,0.));
#10154 = ADVANCED_FACE('',(#10155),#10219,.F.);
#10155 = FACE_BOUND('',#10156,.F.);
#10156 = EDGE_LOOP('',(#10157,#10165,#10166,#10172,#10173,#10174,#10182,
    #10190,#10198,#10206,#10212,#10213));
#10157 = ORIENTED_EDGE('',*,*,#10158,.T.);
#10158 = EDGE_CURVE('',#10159,#10066,#10161,.T.);
#10159 = VERTEX_POINT('',#10160);
#10160 = CARTESIAN_POINT('',(-32.75,-1.75,0.));
#10161 = LINE('',#10162,#10163);
#10162 = CARTESIAN_POINT('',(-32.75,-1.75,0.));
#10163 = VECTOR('',#10164,1.);
#10164 = DIRECTION('',(0.,-1.,0.));
#10165 = ORIENTED_EDGE('',*,*,#10073,.T.);
#10166 = ORIENTED_EDGE('',*,*,#10167,.F.);
#10167 = EDGE_CURVE('',#10137,#10074,#10168,.T.);
#10168 = LINE('',#10169,#10170);
#10169 = CARTESIAN_POINT('',(32.75,-1.75,0.));
#10170 = VECTOR('',#10171,1.);
#10171 = DIRECTION('',(0.,-1.,0.));
#10172 = ORIENTED_EDGE('',*,*,#10144,.F.);
#10173 = ORIENTED_EDGE('',*,*,#4162,.T.);
#10174 = ORIENTED_EDGE('',*,*,#10175,.T.);
#10175 = EDGE_CURVE('',#4163,#10176,#10178,.T.);
#10176 = VERTEX_POINT('',#10177);
#10177 = CARTESIAN_POINT('',(32.75,1.75,0.));
#10178 = LINE('',#10179,#10180);
#10179 = CARTESIAN_POINT('',(34.75,1.75,0.));
#10180 = VECTOR('',#10181,1.);
#10181 = DIRECTION('',(-1.,0.,0.));
#10182 = ORIENTED_EDGE('',*,*,#10183,.T.);
#10183 = EDGE_CURVE('',#10176,#10184,#10186,.T.);
#10184 = VERTEX_POINT('',#10185);
#10185 = CARTESIAN_POINT('',(32.75,3.75,0.));
#10186 = LINE('',#10187,#10188);
#10187 = CARTESIAN_POINT('',(32.75,1.75,0.));
#10188 = VECTOR('',#10189,1.);
#10189 = DIRECTION('',(0.,1.,0.));
#10190 = ORIENTED_EDGE('',*,*,#10191,.T.);
#10191 = EDGE_CURVE('',#10184,#10192,#10194,.T.);
#10192 = VERTEX_POINT('',#10193);
#10193 = CARTESIAN_POINT('',(-32.75,3.75,0.));
#10194 = LINE('',#10195,#10196);
#10195 = CARTESIAN_POINT('',(34.75,3.75,0.));
#10196 = VECTOR('',#10197,1.);
#10197 = DIRECTION('',(-1.,0.,0.));
#10198 = ORIENTED_EDGE('',*,*,#10199,.F.);
#10199 = EDGE_CURVE('',#10200,#10192,#10202,.T.);
#10200 = VERTEX_POINT('',#10201);
#10201 = CARTESIAN_POINT('',(-32.75,1.75,0.));
#10202 = LINE('',#10203,#10204);
#10203 = CARTESIAN_POINT('',(-32.75,1.75,0.));
#10204 = VECTOR('',#10205,1.);
#10205 = DIRECTION('',(0.,1.,0.));
#10206 = ORIENTED_EDGE('',*,*,#10207,.F.);
#10207 = EDGE_CURVE('',#4298,#10200,#10208,.T.);
#10208 = LINE('',#10209,#10210);
#10209 = CARTESIAN_POINT('',(-34.75,1.75,0.));
#10210 = VECTOR('',#10211,1.);
#10211 = DIRECTION('',(1.,0.,0.));
#10212 = ORIENTED_EDGE('',*,*,#4305,.T.);
#10213 = ORIENTED_EDGE('',*,*,#10214,.T.);
#10214 = EDGE_CURVE('',#4306,#10159,#10215,.T.);
#10215 = LINE('',#10216,#10217);
#10216 = CARTESIAN_POINT('',(-34.75,-1.75,0.));
#10217 = VECTOR('',#10218,1.);
#10218 = DIRECTION('',(1.,0.,0.));
#10219 = PLANE('',#10220);
#10220 = AXIS2_PLACEMENT_3D('',#10221,#10222,#10223);
#10221 = CARTESIAN_POINT('',(0.,0.,0.));
#10222 = DIRECTION('',(0.,0.,1.));
#10223 = DIRECTION('',(1.,0.,0.));
#10224 = ADVANCED_FACE('',(#10225),#10243,.F.);
#10225 = FACE_BOUND('',#10226,.F.);
#10226 = EDGE_LOOP('',(#10227,#10228,#10236,#10242));
#10227 = ORIENTED_EDGE('',*,*,#4170,.T.);
#10228 = ORIENTED_EDGE('',*,*,#10229,.T.);
#10229 = EDGE_CURVE('',#4171,#10230,#10232,.T.);
#10230 = VERTEX_POINT('',#10231);
#10231 = CARTESIAN_POINT('',(32.75,1.75,-0.5));
#10232 = LINE('',#10233,#10234);
#10233 = CARTESIAN_POINT('',(34.75,1.75,-0.5));
#10234 = VECTOR('',#10235,1.);
#10235 = DIRECTION('',(-1.,0.,0.));
#10236 = ORIENTED_EDGE('',*,*,#10237,.F.);
#10237 = EDGE_CURVE('',#10176,#10230,#10238,.T.);
#10238 = LINE('',#10239,#10240);
#10239 = CARTESIAN_POINT('',(32.75,1.75,0.));
#10240 = VECTOR('',#10241,1.);
#10241 = DIRECTION('',(0.,0.,-1.));
#10242 = ORIENTED_EDGE('',*,*,#10175,.F.);
#10243 = PLANE('',#10244);
#10244 = AXIS2_PLACEMENT_3D('',#10245,#10246,#10247);
#10245 = CARTESIAN_POINT('',(34.75,1.75,0.));
#10246 = DIRECTION('',(0.,1.,0.));
#10247 = DIRECTION('',(-1.,0.,0.));
#10248 = ADVANCED_FACE('',(#10249),#10267,.F.);
#10249 = FACE_BOUND('',#10250,.T.);
#10250 = EDGE_LOOP('',(#10251,#10252,#10253,#10261));
#10251 = ORIENTED_EDGE('',*,*,#4178,.T.);
#10252 = ORIENTED_EDGE('',*,*,#10229,.T.);
#10253 = ORIENTED_EDGE('',*,*,#10254,.T.);
#10254 = EDGE_CURVE('',#10230,#10255,#10257,.T.);
#10255 = VERTEX_POINT('',#10256);
#10256 = CARTESIAN_POINT('',(32.75,3.75,-0.5));
#10257 = LINE('',#10258,#10259);
#10258 = CARTESIAN_POINT('',(32.75,1.75,-0.5));
#10259 = VECTOR('',#10260,1.);
#10260 = DIRECTION('',(0.,1.,0.));
#10261 = ORIENTED_EDGE('',*,*,#10262,.T.);
#10262 = EDGE_CURVE('',#10255,#4179,#10263,.T.);
#10263 = LINE('',#10264,#10265);
#10264 = CARTESIAN_POINT('',(32.75,3.75,-0.5));
#10265 = VECTOR('',#10266,1.);
#10266 = DIRECTION('',(1.,0.,0.));
#10267 = PLANE('',#10268);
#10268 = AXIS2_PLACEMENT_3D('',#10269,#10270,#10271);
#10269 = CARTESIAN_POINT('',(0.,0.,-0.5));
#10270 = DIRECTION('',(0.,0.,1.));
#10271 = DIRECTION('',(1.,0.,0.));
#10272 = ADVANCED_FACE('',(#10273),#10305,.T.);
#10273 = FACE_BOUND('',#10274,.T.);
#10274 = EDGE_LOOP('',(#10275,#10276,#10277,#10283,#10284,#10292,#10298,
    #10299));
#10275 = ORIENTED_EDGE('',*,*,#4186,.T.);
#10276 = ORIENTED_EDGE('',*,*,#10262,.F.);
#10277 = ORIENTED_EDGE('',*,*,#10278,.F.);
#10278 = EDGE_CURVE('',#10184,#10255,#10279,.T.);
#10279 = LINE('',#10280,#10281);
#10280 = CARTESIAN_POINT('',(32.75,3.75,0.));
#10281 = VECTOR('',#10282,1.);
#10282 = DIRECTION('',(0.,0.,-1.));
#10283 = ORIENTED_EDGE('',*,*,#10191,.T.);
#10284 = ORIENTED_EDGE('',*,*,#10285,.T.);
#10285 = EDGE_CURVE('',#10192,#10286,#10288,.T.);
#10286 = VERTEX_POINT('',#10287);
#10287 = CARTESIAN_POINT('',(-32.75,3.75,-0.5));
#10288 = LINE('',#10289,#10290);
#10289 = CARTESIAN_POINT('',(-32.75,3.75,0.));
#10290 = VECTOR('',#10291,1.);
#10291 = DIRECTION('',(0.,0.,-1.));
#10292 = ORIENTED_EDGE('',*,*,#10293,.T.);
#10293 = EDGE_CURVE('',#10286,#4280,#10294,.T.);
#10294 = LINE('',#10295,#10296);
#10295 = CARTESIAN_POINT('',(-32.75,3.75,-0.5));
#10296 = VECTOR('',#10297,1.);
#10297 = DIRECTION('',(-1.,0.,0.));
#10298 = ORIENTED_EDGE('',*,*,#4279,.T.);
#10299 = ORIENTED_EDGE('',*,*,#10300,.F.);
#10300 = EDGE_CURVE('',#4187,#4282,#10301,.T.);
#10301 = LINE('',#10302,#10303);
#10302 = CARTESIAN_POINT('',(34.75,3.75,5.5));
#10303 = VECTOR('',#10304,1.);
#10304 = DIRECTION('',(-1.,0.,0.));
#10305 = PLANE('',#10306);
#10306 = AXIS2_PLACEMENT_3D('',#10307,#10308,#10309);
#10307 = CARTESIAN_POINT('',(0.,3.75,2.697368421053));
#10308 = DIRECTION('',(0.,1.,0.));
#10309 = DIRECTION('',(0.,0.,1.));
#10310 = ADVANCED_FACE('',(#10311),#10317,.F.);
#10311 = FACE_BOUND('',#10312,.F.);
#10312 = EDGE_LOOP('',(#10313,#10314,#10315,#10316));
#10313 = ORIENTED_EDGE('',*,*,#4194,.F.);
#10314 = ORIENTED_EDGE('',*,*,#4232,.T.);
#10315 = ORIENTED_EDGE('',*,*,#4346,.T.);
#10316 = ORIENTED_EDGE('',*,*,#10300,.F.);
#10317 = PLANE('',#10318);
#10318 = AXIS2_PLACEMENT_3D('',#10319,#10320,#10321);
#10319 = CARTESIAN_POINT('',(34.75,4.5,6.5));
#10320 = DIRECTION('',(0.,-0.8,0.6));
#10321 = DIRECTION('',(0.,-0.6,-0.8));
#10322 = ADVANCED_FACE('',(#10323),#10329,.F.);
#10323 = FACE_BOUND('',#10324,.F.);
#10324 = EDGE_LOOP('',(#10325,#10326,#10327,#10328));
#10325 = ORIENTED_EDGE('',*,*,#4217,.F.);
#10326 = ORIENTED_EDGE('',*,*,#10096,.F.);
#10327 = ORIENTED_EDGE('',*,*,#4337,.T.);
#10328 = ORIENTED_EDGE('',*,*,#4265,.F.);
#10329 = PLANE('',#10330);
#10330 = AXIS2_PLACEMENT_3D('',#10331,#10332,#10333);
#10331 = CARTESIAN_POINT('',(34.75,-3.75,5.5));
#10332 = DIRECTION('',(0.,0.8,0.6));
#10333 = DIRECTION('',(0.,-0.6,0.8));
#10334 = ADVANCED_FACE('',(#10335),#10353,.F.);
#10335 = FACE_BOUND('',#10336,.F.);
#10336 = EDGE_LOOP('',(#10337,#10338,#10346,#10352));
#10337 = ORIENTED_EDGE('',*,*,#4289,.T.);
#10338 = ORIENTED_EDGE('',*,*,#10339,.T.);
#10339 = EDGE_CURVE('',#4290,#10340,#10342,.T.);
#10340 = VERTEX_POINT('',#10341);
#10341 = CARTESIAN_POINT('',(-32.75,1.75,-0.5));
#10342 = LINE('',#10343,#10344);
#10343 = CARTESIAN_POINT('',(-34.75,1.75,-0.5));
#10344 = VECTOR('',#10345,1.);
#10345 = DIRECTION('',(1.,0.,0.));
#10346 = ORIENTED_EDGE('',*,*,#10347,.T.);
#10347 = EDGE_CURVE('',#10340,#10286,#10348,.T.);
#10348 = LINE('',#10349,#10350);
#10349 = CARTESIAN_POINT('',(-32.75,1.75,-0.5));
#10350 = VECTOR('',#10351,1.);
#10351 = DIRECTION('',(0.,1.,0.));
#10352 = ORIENTED_EDGE('',*,*,#10293,.T.);
#10353 = PLANE('',#10354);
#10354 = AXIS2_PLACEMENT_3D('',#10355,#10356,#10357);
#10355 = CARTESIAN_POINT('',(0.,0.,-0.5));
#10356 = DIRECTION('',(0.,0.,1.));
#10357 = DIRECTION('',(1.,0.,0.));
#10358 = ADVANCED_FACE('',(#10359),#10370,.T.);
#10359 = FACE_BOUND('',#10360,.T.);
#10360 = EDGE_LOOP('',(#10361,#10362,#10363,#10369));
#10361 = ORIENTED_EDGE('',*,*,#4297,.T.);
#10362 = ORIENTED_EDGE('',*,*,#10339,.T.);
#10363 = ORIENTED_EDGE('',*,*,#10364,.F.);
#10364 = EDGE_CURVE('',#10200,#10340,#10365,.T.);
#10365 = LINE('',#10366,#10367);
#10366 = CARTESIAN_POINT('',(-32.75,1.75,0.));
#10367 = VECTOR('',#10368,1.);
#10368 = DIRECTION('',(0.,0.,-1.));
#10369 = ORIENTED_EDGE('',*,*,#10207,.F.);
#10370 = PLANE('',#10371);
#10371 = AXIS2_PLACEMENT_3D('',#10372,#10373,#10374);
#10372 = CARTESIAN_POINT('',(-34.75,1.75,0.));
#10373 = DIRECTION('',(0.,-1.,0.));
#10374 = DIRECTION('',(1.,0.,0.));
#10375 = ADVANCED_FACE('',(#10376),#10394,.F.);
#10376 = FACE_BOUND('',#10377,.F.);
#10377 = EDGE_LOOP('',(#10378,#10379,#10387,#10393));
#10378 = ORIENTED_EDGE('',*,*,#4313,.T.);
#10379 = ORIENTED_EDGE('',*,*,#10380,.T.);
#10380 = EDGE_CURVE('',#4314,#10381,#10383,.T.);
#10381 = VERTEX_POINT('',#10382);
#10382 = CARTESIAN_POINT('',(-32.75,-1.75,-0.5));
#10383 = LINE('',#10384,#10385);
#10384 = CARTESIAN_POINT('',(-34.75,-1.75,-0.5));
#10385 = VECTOR('',#10386,1.);
#10386 = DIRECTION('',(1.,0.,0.));
#10387 = ORIENTED_EDGE('',*,*,#10388,.F.);
#10388 = EDGE_CURVE('',#10159,#10381,#10389,.T.);
#10389 = LINE('',#10390,#10391);
#10390 = CARTESIAN_POINT('',(-32.75,-1.75,0.));
#10391 = VECTOR('',#10392,1.);
#10392 = DIRECTION('',(0.,0.,-1.));
#10393 = ORIENTED_EDGE('',*,*,#10214,.F.);
#10394 = PLANE('',#10395);
#10395 = AXIS2_PLACEMENT_3D('',#10396,#10397,#10398);
#10396 = CARTESIAN_POINT('',(-34.75,-1.75,0.));
#10397 = DIRECTION('',(0.,-1.,0.));
#10398 = DIRECTION('',(1.,0.,0.));
#10399 = ADVANCED_FACE('',(#10400),#10411,.F.);
#10400 = FACE_BOUND('',#10401,.T.);
#10401 = EDGE_LOOP('',(#10402,#10403,#10404,#10410));
#10402 = ORIENTED_EDGE('',*,*,#4321,.T.);
#10403 = ORIENTED_EDGE('',*,*,#10380,.T.);
#10404 = ORIENTED_EDGE('',*,*,#10405,.T.);
#10405 = EDGE_CURVE('',#10381,#10058,#10406,.T.);
#10406 = LINE('',#10407,#10408);
#10407 = CARTESIAN_POINT('',(-32.75,-1.75,-0.5));
#10408 = VECTOR('',#10409,1.);
#10409 = DIRECTION('',(0.,-1.,0.));
#10410 = ORIENTED_EDGE('',*,*,#10057,.T.);
#10411 = PLANE('',#10412);
#10412 = AXIS2_PLACEMENT_3D('',#10413,#10414,#10415);
#10413 = CARTESIAN_POINT('',(0.,0.,-0.5));
#10414 = DIRECTION('',(0.,0.,1.));
#10415 = DIRECTION('',(1.,0.,0.));
#10416 = ADVANCED_FACE('',(#10417),#10442,.F.);
#10417 = FACE_BOUND('',#10418,.F.);
#10418 = EDGE_LOOP('',(#10419,#10427,#10435,#10441));
#10419 = ORIENTED_EDGE('',*,*,#10420,.T.);
#10420 = EDGE_CURVE('',#4361,#10421,#10423,.T.);
#10421 = VERTEX_POINT('',#10422);
#10422 = CARTESIAN_POINT('',(-33.25,1.,5.));
#10423 = LINE('',#10424,#10425);
#10424 = CARTESIAN_POINT('',(-33.25,1.,15.));
#10425 = VECTOR('',#10426,1.);
#10426 = DIRECTION('',(-0.,-0.,-1.));
#10427 = ORIENTED_EDGE('',*,*,#10428,.T.);
#10428 = EDGE_CURVE('',#10421,#10429,#10431,.T.);
#10429 = VERTEX_POINT('',#10430);
#10430 = CARTESIAN_POINT('',(-33.25,-1.,5.));
#10431 = LINE('',#10432,#10433);
#10432 = CARTESIAN_POINT('',(-33.25,1.,5.));
#10433 = VECTOR('',#10434,1.);
#10434 = DIRECTION('',(0.,-1.,0.));
#10435 = ORIENTED_EDGE('',*,*,#10436,.F.);
#10436 = EDGE_CURVE('',#4370,#10429,#10437,.T.);
#10437 = LINE('',#10438,#10439);
#10438 = CARTESIAN_POINT('',(-33.25,-1.,15.));
#10439 = VECTOR('',#10440,1.);
#10440 = DIRECTION('',(-0.,-0.,-1.));
#10441 = ORIENTED_EDGE('',*,*,#4377,.F.);
#10442 = PLANE('',#10443);
#10443 = AXIS2_PLACEMENT_3D('',#10444,#10445,#10446);
#10444 = CARTESIAN_POINT('',(-33.25,1.,15.));
#10445 = DIRECTION('',(-1.,0.,0.));
#10446 = DIRECTION('',(0.,-1.,0.));
#10447 = ADVANCED_FACE('',(#10448),#10459,.F.);
#10448 = FACE_BOUND('',#10449,.F.);
#10449 = EDGE_LOOP('',(#10450,#10451,#10452,#10458));
#10450 = ORIENTED_EDGE('',*,*,#4401,.F.);
#10451 = ORIENTED_EDGE('',*,*,#10436,.T.);
#10452 = ORIENTED_EDGE('',*,*,#10453,.T.);
#10453 = EDGE_CURVE('',#10429,#4418,#10454,.T.);
#10454 = LINE('',#10455,#10456);
#10455 = CARTESIAN_POINT('',(-33.25,-1.,5.));
#10456 = VECTOR('',#10457,1.);
#10457 = DIRECTION('',(1.,0.,0.));
#10458 = ORIENTED_EDGE('',*,*,#4417,.F.);
#10459 = PLANE('',#10460);
#10460 = AXIS2_PLACEMENT_3D('',#10461,#10462,#10463);
#10461 = CARTESIAN_POINT('',(-33.25,-1.,15.));
#10462 = DIRECTION('',(0.,-1.,0.));
#10463 = DIRECTION('',(1.,0.,0.));
#10464 = ADVANCED_FACE('',(#10465),#10476,.F.);
#10465 = FACE_BOUND('',#10466,.F.);
#10466 = EDGE_LOOP('',(#10467,#10468,#10469,#10475));
#10467 = ORIENTED_EDGE('',*,*,#4513,.F.);
#10468 = ORIENTED_EDGE('',*,*,#4481,.F.);
#10469 = ORIENTED_EDGE('',*,*,#10470,.T.);
#10470 = EDGE_CURVE('',#4474,#4530,#10471,.T.);
#10471 = LINE('',#10472,#10473);
#10472 = CARTESIAN_POINT('',(-33.25,-1.,5.));
#10473 = VECTOR('',#10474,1.);
#10474 = DIRECTION('',(1.,0.,0.));
#10475 = ORIENTED_EDGE('',*,*,#4529,.F.);
#10476 = PLANE('',#10477);
#10477 = AXIS2_PLACEMENT_3D('',#10478,#10479,#10480);
#10478 = CARTESIAN_POINT('',(-33.25,-1.,15.));
#10479 = DIRECTION('',(0.,-1.,0.));
#10480 = DIRECTION('',(1.,0.,0.));
#10481 = ADVANCED_FACE('',(#10482),#10493,.F.);
#10482 = FACE_BOUND('',#10483,.F.);
#10483 = EDGE_LOOP('',(#10484,#10485,#10486,#10492));
#10484 = ORIENTED_EDGE('',*,*,#4625,.F.);
#10485 = ORIENTED_EDGE('',*,*,#4593,.F.);
#10486 = ORIENTED_EDGE('',*,*,#10487,.T.);
#10487 = EDGE_CURVE('',#4586,#4642,#10488,.T.);
#10488 = LINE('',#10489,#10490);
#10489 = CARTESIAN_POINT('',(-33.25,-1.,5.));
#10490 = VECTOR('',#10491,1.);
#10491 = DIRECTION('',(1.,0.,0.));
#10492 = ORIENTED_EDGE('',*,*,#4641,.F.);
#10493 = PLANE('',#10494);
#10494 = AXIS2_PLACEMENT_3D('',#10495,#10496,#10497);
#10495 = CARTESIAN_POINT('',(-33.25,-1.,15.));
#10496 = DIRECTION('',(0.,-1.,0.));
#10497 = DIRECTION('',(1.,0.,0.));
#10498 = ADVANCED_FACE('',(#10499),#10510,.F.);
#10499 = FACE_BOUND('',#10500,.F.);
#10500 = EDGE_LOOP('',(#10501,#10502,#10503,#10509));
#10501 = ORIENTED_EDGE('',*,*,#4737,.F.);
#10502 = ORIENTED_EDGE('',*,*,#4705,.F.);
#10503 = ORIENTED_EDGE('',*,*,#10504,.T.);
#10504 = EDGE_CURVE('',#4698,#4754,#10505,.T.);
#10505 = LINE('',#10506,#10507);
#10506 = CARTESIAN_POINT('',(-33.25,-1.,5.));
#10507 = VECTOR('',#10508,1.);
#10508 = DIRECTION('',(1.,0.,0.));
#10509 = ORIENTED_EDGE('',*,*,#4753,.F.);
#10510 = PLANE('',#10511);
#10511 = AXIS2_PLACEMENT_3D('',#10512,#10513,#10514);
#10512 = CARTESIAN_POINT('',(-33.25,-1.,15.));
#10513 = DIRECTION('',(0.,-1.,0.));
#10514 = DIRECTION('',(1.,0.,0.));
#10515 = ADVANCED_FACE('',(#10516),#10527,.F.);
#10516 = FACE_BOUND('',#10517,.F.);
#10517 = EDGE_LOOP('',(#10518,#10519,#10520,#10526));
#10518 = ORIENTED_EDGE('',*,*,#4849,.F.);
#10519 = ORIENTED_EDGE('',*,*,#4817,.F.);
#10520 = ORIENTED_EDGE('',*,*,#10521,.T.);
#10521 = EDGE_CURVE('',#4810,#4866,#10522,.T.);
#10522 = LINE('',#10523,#10524);
#10523 = CARTESIAN_POINT('',(-33.25,-1.,5.));
#10524 = VECTOR('',#10525,1.);
#10525 = DIRECTION('',(1.,0.,0.));
#10526 = ORIENTED_EDGE('',*,*,#4865,.F.);
#10527 = PLANE('',#10528);
#10528 = AXIS2_PLACEMENT_3D('',#10529,#10530,#10531);
#10529 = CARTESIAN_POINT('',(-33.25,-1.,15.));
#10530 = DIRECTION('',(0.,-1.,0.));
#10531 = DIRECTION('',(1.,0.,0.));
#10532 = ADVANCED_FACE('',(#10533),#10544,.F.);
#10533 = FACE_BOUND('',#10534,.F.);
#10534 = EDGE_LOOP('',(#10535,#10536,#10537,#10543));
#10535 = ORIENTED_EDGE('',*,*,#4961,.F.);
#10536 = ORIENTED_EDGE('',*,*,#4929,.F.);
#10537 = ORIENTED_EDGE('',*,*,#10538,.T.);
#10538 = EDGE_CURVE('',#4922,#4978,#10539,.T.);
#10539 = LINE('',#10540,#10541);
#10540 = CARTESIAN_POINT('',(-33.25,-1.,5.));
#10541 = VECTOR('',#10542,1.);
#10542 = DIRECTION('',(1.,0.,0.));
#10543 = ORIENTED_EDGE('',*,*,#4977,.F.);
#10544 = PLANE('',#10545);
#10545 = AXIS2_PLACEMENT_3D('',#10546,#10547,#10548);
#10546 = CARTESIAN_POINT('',(-33.25,-1.,15.));
#10547 = DIRECTION('',(0.,-1.,0.));
#10548 = DIRECTION('',(1.,0.,0.));
#10549 = ADVANCED_FACE('',(#10550),#10561,.F.);
#10550 = FACE_BOUND('',#10551,.F.);
#10551 = EDGE_LOOP('',(#10552,#10553,#10554,#10560));
#10552 = ORIENTED_EDGE('',*,*,#5073,.F.);
#10553 = ORIENTED_EDGE('',*,*,#5041,.F.);
#10554 = ORIENTED_EDGE('',*,*,#10555,.T.);
#10555 = EDGE_CURVE('',#5034,#5090,#10556,.T.);
#10556 = LINE('',#10557,#10558);
#10557 = CARTESIAN_POINT('',(-33.25,-1.,5.));
#10558 = VECTOR('',#10559,1.);
#10559 = DIRECTION('',(1.,0.,0.));
#10560 = ORIENTED_EDGE('',*,*,#5089,.F.);
#10561 = PLANE('',#10562);
#10562 = AXIS2_PLACEMENT_3D('',#10563,#10564,#10565);
#10563 = CARTESIAN_POINT('',(-33.25,-1.,15.));
#10564 = DIRECTION('',(0.,-1.,0.));
#10565 = DIRECTION('',(1.,0.,0.));
#10566 = ADVANCED_FACE('',(#10567),#10578,.F.);
#10567 = FACE_BOUND('',#10568,.F.);
#10568 = EDGE_LOOP('',(#10569,#10570,#10571,#10577));
#10569 = ORIENTED_EDGE('',*,*,#5185,.F.);
#10570 = ORIENTED_EDGE('',*,*,#5153,.F.);
#10571 = ORIENTED_EDGE('',*,*,#10572,.T.);
#10572 = EDGE_CURVE('',#5146,#5202,#10573,.T.);
#10573 = LINE('',#10574,#10575);
#10574 = CARTESIAN_POINT('',(-33.25,-1.,5.));
#10575 = VECTOR('',#10576,1.);
#10576 = DIRECTION('',(1.,0.,0.));
#10577 = ORIENTED_EDGE('',*,*,#5201,.F.);
#10578 = PLANE('',#10579);
#10579 = AXIS2_PLACEMENT_3D('',#10580,#10581,#10582);
#10580 = CARTESIAN_POINT('',(-33.25,-1.,15.));
#10581 = DIRECTION('',(0.,-1.,0.));
#10582 = DIRECTION('',(1.,0.,0.));
#10583 = ADVANCED_FACE('',(#10584),#10595,.F.);
#10584 = FACE_BOUND('',#10585,.F.);
#10585 = EDGE_LOOP('',(#10586,#10587,#10588,#10594));
#10586 = ORIENTED_EDGE('',*,*,#5297,.F.);
#10587 = ORIENTED_EDGE('',*,*,#5265,.F.);
#10588 = ORIENTED_EDGE('',*,*,#10589,.T.);
#10589 = EDGE_CURVE('',#5258,#5314,#10590,.T.);
#10590 = LINE('',#10591,#10592);
#10591 = CARTESIAN_POINT('',(-33.25,-1.,5.));
#10592 = VECTOR('',#10593,1.);
#10593 = DIRECTION('',(1.,0.,0.));
#10594 = ORIENTED_EDGE('',*,*,#5313,.F.);
#10595 = PLANE('',#10596);
#10596 = AXIS2_PLACEMENT_3D('',#10597,#10598,#10599);
#10597 = CARTESIAN_POINT('',(-33.25,-1.,15.));
#10598 = DIRECTION('',(0.,-1.,0.));
#10599 = DIRECTION('',(1.,0.,0.));
#10600 = ADVANCED_FACE('',(#10601),#10612,.F.);
#10601 = FACE_BOUND('',#10602,.F.);
#10602 = EDGE_LOOP('',(#10603,#10604,#10605,#10611));
#10603 = ORIENTED_EDGE('',*,*,#5409,.F.);
#10604 = ORIENTED_EDGE('',*,*,#5377,.F.);
#10605 = ORIENTED_EDGE('',*,*,#10606,.T.);
#10606 = EDGE_CURVE('',#5370,#5426,#10607,.T.);
#10607 = LINE('',#10608,#10609);
#10608 = CARTESIAN_POINT('',(-33.25,-1.,5.));
#10609 = VECTOR('',#10610,1.);
#10610 = DIRECTION('',(1.,0.,0.));
#10611 = ORIENTED_EDGE('',*,*,#5425,.F.);
#10612 = PLANE('',#10613);
#10613 = AXIS2_PLACEMENT_3D('',#10614,#10615,#10616);
#10614 = CARTESIAN_POINT('',(-33.25,-1.,15.));
#10615 = DIRECTION('',(0.,-1.,0.));
#10616 = DIRECTION('',(1.,0.,0.));
#10617 = ADVANCED_FACE('',(#10618),#10629,.F.);
#10618 = FACE_BOUND('',#10619,.F.);
#10619 = EDGE_LOOP('',(#10620,#10621,#10622,#10628));
#10620 = ORIENTED_EDGE('',*,*,#5521,.F.);
#10621 = ORIENTED_EDGE('',*,*,#5489,.F.);
#10622 = ORIENTED_EDGE('',*,*,#10623,.T.);
#10623 = EDGE_CURVE('',#5482,#5538,#10624,.T.);
#10624 = LINE('',#10625,#10626);
#10625 = CARTESIAN_POINT('',(-33.25,-1.,5.));
#10626 = VECTOR('',#10627,1.);
#10627 = DIRECTION('',(1.,0.,0.));
#10628 = ORIENTED_EDGE('',*,*,#5537,.F.);
#10629 = PLANE('',#10630);
#10630 = AXIS2_PLACEMENT_3D('',#10631,#10632,#10633);
#10631 = CARTESIAN_POINT('',(-33.25,-1.,15.));
#10632 = DIRECTION('',(0.,-1.,0.));
#10633 = DIRECTION('',(1.,0.,0.));
#10634 = ADVANCED_FACE('',(#10635),#10646,.F.);
#10635 = FACE_BOUND('',#10636,.F.);
#10636 = EDGE_LOOP('',(#10637,#10638,#10639,#10645));
#10637 = ORIENTED_EDGE('',*,*,#5633,.F.);
#10638 = ORIENTED_EDGE('',*,*,#5601,.F.);
#10639 = ORIENTED_EDGE('',*,*,#10640,.T.);
#10640 = EDGE_CURVE('',#5594,#5650,#10641,.T.);
#10641 = LINE('',#10642,#10643);
#10642 = CARTESIAN_POINT('',(-33.25,-1.,5.));
#10643 = VECTOR('',#10644,1.);
#10644 = DIRECTION('',(1.,0.,0.));
#10645 = ORIENTED_EDGE('',*,*,#5649,.F.);
#10646 = PLANE('',#10647);
#10647 = AXIS2_PLACEMENT_3D('',#10648,#10649,#10650);
#10648 = CARTESIAN_POINT('',(-33.25,-1.,15.));
#10649 = DIRECTION('',(0.,-1.,0.));
#10650 = DIRECTION('',(1.,0.,0.));
#10651 = ADVANCED_FACE('',(#10652),#10663,.F.);
#10652 = FACE_BOUND('',#10653,.F.);
#10653 = EDGE_LOOP('',(#10654,#10655,#10656,#10662));
#10654 = ORIENTED_EDGE('',*,*,#5745,.F.);
#10655 = ORIENTED_EDGE('',*,*,#5713,.F.);
#10656 = ORIENTED_EDGE('',*,*,#10657,.T.);
#10657 = EDGE_CURVE('',#5706,#5762,#10658,.T.);
#10658 = LINE('',#10659,#10660);
#10659 = CARTESIAN_POINT('',(-33.25,-1.,5.));
#10660 = VECTOR('',#10661,1.);
#10661 = DIRECTION('',(1.,0.,0.));
#10662 = ORIENTED_EDGE('',*,*,#5761,.F.);
#10663 = PLANE('',#10664);
#10664 = AXIS2_PLACEMENT_3D('',#10665,#10666,#10667);
#10665 = CARTESIAN_POINT('',(-33.25,-1.,15.));
#10666 = DIRECTION('',(0.,-1.,0.));
#10667 = DIRECTION('',(1.,0.,0.));
#10668 = ADVANCED_FACE('',(#10669),#10680,.F.);
#10669 = FACE_BOUND('',#10670,.F.);
#10670 = EDGE_LOOP('',(#10671,#10672,#10673,#10679));
#10671 = ORIENTED_EDGE('',*,*,#5857,.F.);
#10672 = ORIENTED_EDGE('',*,*,#5825,.F.);
#10673 = ORIENTED_EDGE('',*,*,#10674,.T.);
#10674 = EDGE_CURVE('',#5818,#5874,#10675,.T.);
#10675 = LINE('',#10676,#10677);
#10676 = CARTESIAN_POINT('',(-33.25,-1.,5.));
#10677 = VECTOR('',#10678,1.);
#10678 = DIRECTION('',(1.,0.,0.));
#10679 = ORIENTED_EDGE('',*,*,#5873,.F.);
#10680 = PLANE('',#10681);
#10681 = AXIS2_PLACEMENT_3D('',#10682,#10683,#10684);
#10682 = CARTESIAN_POINT('',(-33.25,-1.,15.));
#10683 = DIRECTION('',(0.,-1.,0.));
#10684 = DIRECTION('',(1.,0.,0.));
#10685 = ADVANCED_FACE('',(#10686),#10697,.F.);
#10686 = FACE_BOUND('',#10687,.F.);
#10687 = EDGE_LOOP('',(#10688,#10689,#10690,#10696));
#10688 = ORIENTED_EDGE('',*,*,#5969,.F.);
#10689 = ORIENTED_EDGE('',*,*,#5937,.F.);
#10690 = ORIENTED_EDGE('',*,*,#10691,.T.);
#10691 = EDGE_CURVE('',#5930,#5986,#10692,.T.);
#10692 = LINE('',#10693,#10694);
#10693 = CARTESIAN_POINT('',(-33.25,-1.,5.));
#10694 = VECTOR('',#10695,1.);
#10695 = DIRECTION('',(1.,0.,0.));
#10696 = ORIENTED_EDGE('',*,*,#5985,.F.);
#10697 = PLANE('',#10698);
#10698 = AXIS2_PLACEMENT_3D('',#10699,#10700,#10701);
#10699 = CARTESIAN_POINT('',(-33.25,-1.,15.));
#10700 = DIRECTION('',(0.,-1.,0.));
#10701 = DIRECTION('',(1.,0.,0.));
#10702 = ADVANCED_FACE('',(#10703),#10714,.F.);
#10703 = FACE_BOUND('',#10704,.F.);
#10704 = EDGE_LOOP('',(#10705,#10706,#10707,#10713));
#10705 = ORIENTED_EDGE('',*,*,#6081,.F.);
#10706 = ORIENTED_EDGE('',*,*,#6049,.F.);
#10707 = ORIENTED_EDGE('',*,*,#10708,.T.);
#10708 = EDGE_CURVE('',#6042,#6098,#10709,.T.);
#10709 = LINE('',#10710,#10711);
#10710 = CARTESIAN_POINT('',(-33.25,-1.,5.));
#10711 = VECTOR('',#10712,1.);
#10712 = DIRECTION('',(1.,0.,0.));
#10713 = ORIENTED_EDGE('',*,*,#6097,.F.);
#10714 = PLANE('',#10715);
#10715 = AXIS2_PLACEMENT_3D('',#10716,#10717,#10718);
#10716 = CARTESIAN_POINT('',(-33.25,-1.,15.));
#10717 = DIRECTION('',(0.,-1.,0.));
#10718 = DIRECTION('',(1.,0.,0.));
#10719 = ADVANCED_FACE('',(#10720),#10731,.F.);
#10720 = FACE_BOUND('',#10721,.F.);
#10721 = EDGE_LOOP('',(#10722,#10723,#10724,#10730));
#10722 = ORIENTED_EDGE('',*,*,#6193,.F.);
#10723 = ORIENTED_EDGE('',*,*,#6161,.F.);
#10724 = ORIENTED_EDGE('',*,*,#10725,.T.);
#10725 = EDGE_CURVE('',#6154,#6210,#10726,.T.);
#10726 = LINE('',#10727,#10728);
#10727 = CARTESIAN_POINT('',(-33.25,-1.,5.));
#10728 = VECTOR('',#10729,1.);
#10729 = DIRECTION('',(1.,0.,0.));
#10730 = ORIENTED_EDGE('',*,*,#6209,.F.);
#10731 = PLANE('',#10732);
#10732 = AXIS2_PLACEMENT_3D('',#10733,#10734,#10735);
#10733 = CARTESIAN_POINT('',(-33.25,-1.,15.));
#10734 = DIRECTION('',(0.,-1.,0.));
#10735 = DIRECTION('',(1.,0.,0.));
#10736 = ADVANCED_FACE('',(#10737),#10748,.F.);
#10737 = FACE_BOUND('',#10738,.F.);
#10738 = EDGE_LOOP('',(#10739,#10740,#10741,#10747));
#10739 = ORIENTED_EDGE('',*,*,#6305,.F.);
#10740 = ORIENTED_EDGE('',*,*,#6273,.F.);
#10741 = ORIENTED_EDGE('',*,*,#10742,.T.);
#10742 = EDGE_CURVE('',#6266,#6322,#10743,.T.);
#10743 = LINE('',#10744,#10745);
#10744 = CARTESIAN_POINT('',(-33.25,-1.,5.));
#10745 = VECTOR('',#10746,1.);
#10746 = DIRECTION('',(1.,0.,0.));
#10747 = ORIENTED_EDGE('',*,*,#6321,.F.);
#10748 = PLANE('',#10749);
#10749 = AXIS2_PLACEMENT_3D('',#10750,#10751,#10752);
#10750 = CARTESIAN_POINT('',(-33.25,-1.,15.));
#10751 = DIRECTION('',(0.,-1.,0.));
#10752 = DIRECTION('',(1.,0.,0.));
#10753 = ADVANCED_FACE('',(#10754),#10765,.F.);
#10754 = FACE_BOUND('',#10755,.F.);
#10755 = EDGE_LOOP('',(#10756,#10757,#10758,#10764));
#10756 = ORIENTED_EDGE('',*,*,#6417,.F.);
#10757 = ORIENTED_EDGE('',*,*,#6385,.F.);
#10758 = ORIENTED_EDGE('',*,*,#10759,.T.);
#10759 = EDGE_CURVE('',#6378,#6434,#10760,.T.);
#10760 = LINE('',#10761,#10762);
#10761 = CARTESIAN_POINT('',(-33.25,-1.,5.));
#10762 = VECTOR('',#10763,1.);
#10763 = DIRECTION('',(1.,0.,0.));
#10764 = ORIENTED_EDGE('',*,*,#6433,.F.);
#10765 = PLANE('',#10766);
#10766 = AXIS2_PLACEMENT_3D('',#10767,#10768,#10769);
#10767 = CARTESIAN_POINT('',(-33.25,-1.,15.));
#10768 = DIRECTION('',(0.,-1.,0.));
#10769 = DIRECTION('',(1.,0.,0.));
#10770 = ADVANCED_FACE('',(#10771),#10782,.F.);
#10771 = FACE_BOUND('',#10772,.F.);
#10772 = EDGE_LOOP('',(#10773,#10774,#10775,#10781));
#10773 = ORIENTED_EDGE('',*,*,#6529,.F.);
#10774 = ORIENTED_EDGE('',*,*,#6497,.F.);
#10775 = ORIENTED_EDGE('',*,*,#10776,.T.);
#10776 = EDGE_CURVE('',#6490,#6546,#10777,.T.);
#10777 = LINE('',#10778,#10779);
#10778 = CARTESIAN_POINT('',(-33.25,-1.,5.));
#10779 = VECTOR('',#10780,1.);
#10780 = DIRECTION('',(1.,0.,0.));
#10781 = ORIENTED_EDGE('',*,*,#6545,.F.);
#10782 = PLANE('',#10783);
#10783 = AXIS2_PLACEMENT_3D('',#10784,#10785,#10786);
#10784 = CARTESIAN_POINT('',(-33.25,-1.,15.));
#10785 = DIRECTION('',(0.,-1.,0.));
#10786 = DIRECTION('',(1.,0.,0.));
#10787 = ADVANCED_FACE('',(#10788),#10799,.F.);
#10788 = FACE_BOUND('',#10789,.F.);
#10789 = EDGE_LOOP('',(#10790,#10791,#10792,#10798));
#10790 = ORIENTED_EDGE('',*,*,#6641,.F.);
#10791 = ORIENTED_EDGE('',*,*,#6609,.F.);
#10792 = ORIENTED_EDGE('',*,*,#10793,.T.);
#10793 = EDGE_CURVE('',#6602,#6658,#10794,.T.);
#10794 = LINE('',#10795,#10796);
#10795 = CARTESIAN_POINT('',(-33.25,-1.,5.));
#10796 = VECTOR('',#10797,1.);
#10797 = DIRECTION('',(1.,0.,0.));
#10798 = ORIENTED_EDGE('',*,*,#6657,.F.);
#10799 = PLANE('',#10800);
#10800 = AXIS2_PLACEMENT_3D('',#10801,#10802,#10803);
#10801 = CARTESIAN_POINT('',(-33.25,-1.,15.));
#10802 = DIRECTION('',(0.,-1.,0.));
#10803 = DIRECTION('',(1.,0.,0.));
#10804 = ADVANCED_FACE('',(#10805),#10816,.F.);
#10805 = FACE_BOUND('',#10806,.F.);
#10806 = EDGE_LOOP('',(#10807,#10808,#10809,#10815));
#10807 = ORIENTED_EDGE('',*,*,#6753,.F.);
#10808 = ORIENTED_EDGE('',*,*,#6721,.F.);
#10809 = ORIENTED_EDGE('',*,*,#10810,.T.);
#10810 = EDGE_CURVE('',#6714,#6770,#10811,.T.);
#10811 = LINE('',#10812,#10813);
#10812 = CARTESIAN_POINT('',(-33.25,-1.,5.));
#10813 = VECTOR('',#10814,1.);
#10814 = DIRECTION('',(1.,0.,0.));
#10815 = ORIENTED_EDGE('',*,*,#6769,.F.);
#10816 = PLANE('',#10817);
#10817 = AXIS2_PLACEMENT_3D('',#10818,#10819,#10820);
#10818 = CARTESIAN_POINT('',(-33.25,-1.,15.));
#10819 = DIRECTION('',(0.,-1.,0.));
#10820 = DIRECTION('',(1.,0.,0.));
#10821 = ADVANCED_FACE('',(#10822),#10833,.F.);
#10822 = FACE_BOUND('',#10823,.F.);
#10823 = EDGE_LOOP('',(#10824,#10825,#10826,#10832));
#10824 = ORIENTED_EDGE('',*,*,#6865,.F.);
#10825 = ORIENTED_EDGE('',*,*,#6833,.F.);
#10826 = ORIENTED_EDGE('',*,*,#10827,.T.);
#10827 = EDGE_CURVE('',#6826,#6882,#10828,.T.);
#10828 = LINE('',#10829,#10830);
#10829 = CARTESIAN_POINT('',(-33.25,-1.,5.));
#10830 = VECTOR('',#10831,1.);
#10831 = DIRECTION('',(1.,0.,0.));
#10832 = ORIENTED_EDGE('',*,*,#6881,.F.);
#10833 = PLANE('',#10834);
#10834 = AXIS2_PLACEMENT_3D('',#10835,#10836,#10837);
#10835 = CARTESIAN_POINT('',(-33.25,-1.,15.));
#10836 = DIRECTION('',(0.,-1.,0.));
#10837 = DIRECTION('',(1.,0.,0.));
#10838 = ADVANCED_FACE('',(#10839),#10850,.F.);
#10839 = FACE_BOUND('',#10840,.F.);
#10840 = EDGE_LOOP('',(#10841,#10842,#10843,#10849));
#10841 = ORIENTED_EDGE('',*,*,#6977,.F.);
#10842 = ORIENTED_EDGE('',*,*,#6945,.F.);
#10843 = ORIENTED_EDGE('',*,*,#10844,.T.);
#10844 = EDGE_CURVE('',#6938,#6994,#10845,.T.);
#10845 = LINE('',#10846,#10847);
#10846 = CARTESIAN_POINT('',(-33.25,-1.,5.));
#10847 = VECTOR('',#10848,1.);
#10848 = DIRECTION('',(1.,0.,0.));
#10849 = ORIENTED_EDGE('',*,*,#6993,.F.);
#10850 = PLANE('',#10851);
#10851 = AXIS2_PLACEMENT_3D('',#10852,#10853,#10854);
#10852 = CARTESIAN_POINT('',(-33.25,-1.,15.));
#10853 = DIRECTION('',(0.,-1.,0.));
#10854 = DIRECTION('',(1.,0.,0.));
#10855 = ADVANCED_FACE('',(#10856),#10867,.F.);
#10856 = FACE_BOUND('',#10857,.F.);
#10857 = EDGE_LOOP('',(#10858,#10859,#10860,#10866));
#10858 = ORIENTED_EDGE('',*,*,#7089,.F.);
#10859 = ORIENTED_EDGE('',*,*,#7057,.F.);
#10860 = ORIENTED_EDGE('',*,*,#10861,.T.);
#10861 = EDGE_CURVE('',#7050,#7106,#10862,.T.);
#10862 = LINE('',#10863,#10864);
#10863 = CARTESIAN_POINT('',(-33.25,-1.,5.));
#10864 = VECTOR('',#10865,1.);
#10865 = DIRECTION('',(1.,0.,0.));
#10866 = ORIENTED_EDGE('',*,*,#7105,.F.);
#10867 = PLANE('',#10868);
#10868 = AXIS2_PLACEMENT_3D('',#10869,#10870,#10871);
#10869 = CARTESIAN_POINT('',(-33.25,-1.,15.));
#10870 = DIRECTION('',(0.,-1.,0.));
#10871 = DIRECTION('',(1.,0.,0.));
#10872 = ADVANCED_FACE('',(#10873),#10891,.F.);
#10873 = FACE_BOUND('',#10874,.F.);
#10874 = EDGE_LOOP('',(#10875,#10876,#10877,#10885));
#10875 = ORIENTED_EDGE('',*,*,#7201,.F.);
#10876 = ORIENTED_EDGE('',*,*,#7169,.F.);
#10877 = ORIENTED_EDGE('',*,*,#10878,.T.);
#10878 = EDGE_CURVE('',#7162,#10879,#10881,.T.);
#10879 = VERTEX_POINT('',#10880);
#10880 = CARTESIAN_POINT('',(33.25,-1.,5.));
#10881 = LINE('',#10882,#10883);
#10882 = CARTESIAN_POINT('',(-33.25,-1.,5.));
#10883 = VECTOR('',#10884,1.);
#10884 = DIRECTION('',(1.,0.,0.));
#10885 = ORIENTED_EDGE('',*,*,#10886,.F.);
#10886 = EDGE_CURVE('',#7194,#10879,#10887,.T.);
#10887 = LINE('',#10888,#10889);
#10888 = CARTESIAN_POINT('',(33.25,-1.,15.));
#10889 = VECTOR('',#10890,1.);
#10890 = DIRECTION('',(-0.,-0.,-1.));
#10891 = PLANE('',#10892);
#10892 = AXIS2_PLACEMENT_3D('',#10893,#10894,#10895);
#10893 = CARTESIAN_POINT('',(-33.25,-1.,15.));
#10894 = DIRECTION('',(0.,-1.,0.));
#10895 = DIRECTION('',(1.,0.,0.));
#10896 = ADVANCED_FACE('',(#10897),#10915,.F.);
#10897 = FACE_BOUND('',#10898,.F.);
#10898 = EDGE_LOOP('',(#10899,#10900,#10908,#10914));
#10899 = ORIENTED_EDGE('',*,*,#10886,.T.);
#10900 = ORIENTED_EDGE('',*,*,#10901,.T.);
#10901 = EDGE_CURVE('',#10879,#10902,#10904,.T.);
#10902 = VERTEX_POINT('',#10903);
#10903 = CARTESIAN_POINT('',(33.25,1.,5.));
#10904 = LINE('',#10905,#10906);
#10905 = CARTESIAN_POINT('',(33.25,-1.,5.));
#10906 = VECTOR('',#10907,1.);
#10907 = DIRECTION('',(0.,1.,0.));
#10908 = ORIENTED_EDGE('',*,*,#10909,.F.);
#10909 = EDGE_CURVE('',#7218,#10902,#10910,.T.);
#10910 = LINE('',#10911,#10912);
#10911 = CARTESIAN_POINT('',(33.25,1.,15.));
#10912 = VECTOR('',#10913,1.);
#10913 = DIRECTION('',(-0.,-0.,-1.));
#10914 = ORIENTED_EDGE('',*,*,#7225,.F.);
#10915 = PLANE('',#10916);
#10916 = AXIS2_PLACEMENT_3D('',#10917,#10918,#10919);
#10917 = CARTESIAN_POINT('',(33.25,-1.,15.));
#10918 = DIRECTION('',(1.,0.,0.));
#10919 = DIRECTION('',(0.,1.,0.));
#10920 = ADVANCED_FACE('',(#10921),#10932,.F.);
#10921 = FACE_BOUND('',#10922,.F.);
#10922 = EDGE_LOOP('',(#10923,#10924,#10925,#10931));
#10923 = ORIENTED_EDGE('',*,*,#7249,.F.);
#10924 = ORIENTED_EDGE('',*,*,#10909,.T.);
#10925 = ORIENTED_EDGE('',*,*,#10926,.T.);
#10926 = EDGE_CURVE('',#10902,#7266,#10927,.T.);
#10927 = LINE('',#10928,#10929);
#10928 = CARTESIAN_POINT('',(33.25,1.,5.));
#10929 = VECTOR('',#10930,1.);
#10930 = DIRECTION('',(-1.,0.,0.));
#10931 = ORIENTED_EDGE('',*,*,#7265,.F.);
#10932 = PLANE('',#10933);
#10933 = AXIS2_PLACEMENT_3D('',#10934,#10935,#10936);
#10934 = CARTESIAN_POINT('',(33.25,1.,15.));
#10935 = DIRECTION('',(0.,1.,0.));
#10936 = DIRECTION('',(-1.,0.,0.));
#10937 = ADVANCED_FACE('',(#10938),#10949,.F.);
#10938 = FACE_BOUND('',#10939,.F.);
#10939 = EDGE_LOOP('',(#10940,#10941,#10942,#10948));
#10940 = ORIENTED_EDGE('',*,*,#7361,.F.);
#10941 = ORIENTED_EDGE('',*,*,#7329,.F.);
#10942 = ORIENTED_EDGE('',*,*,#10943,.T.);
#10943 = EDGE_CURVE('',#7322,#7378,#10944,.T.);
#10944 = LINE('',#10945,#10946);
#10945 = CARTESIAN_POINT('',(33.25,1.,5.));
#10946 = VECTOR('',#10947,1.);
#10947 = DIRECTION('',(-1.,0.,0.));
#10948 = ORIENTED_EDGE('',*,*,#7377,.F.);
#10949 = PLANE('',#10950);
#10950 = AXIS2_PLACEMENT_3D('',#10951,#10952,#10953);
#10951 = CARTESIAN_POINT('',(33.25,1.,15.));
#10952 = DIRECTION('',(0.,1.,0.));
#10953 = DIRECTION('',(-1.,0.,0.));
#10954 = ADVANCED_FACE('',(#10955),#10966,.F.);
#10955 = FACE_BOUND('',#10956,.F.);
#10956 = EDGE_LOOP('',(#10957,#10958,#10959,#10965));
#10957 = ORIENTED_EDGE('',*,*,#7473,.F.);
#10958 = ORIENTED_EDGE('',*,*,#7441,.F.);
#10959 = ORIENTED_EDGE('',*,*,#10960,.T.);
#10960 = EDGE_CURVE('',#7434,#7490,#10961,.T.);
#10961 = LINE('',#10962,#10963);
#10962 = CARTESIAN_POINT('',(33.25,1.,5.));
#10963 = VECTOR('',#10964,1.);
#10964 = DIRECTION('',(-1.,0.,0.));
#10965 = ORIENTED_EDGE('',*,*,#7489,.F.);
#10966 = PLANE('',#10967);
#10967 = AXIS2_PLACEMENT_3D('',#10968,#10969,#10970);
#10968 = CARTESIAN_POINT('',(33.25,1.,15.));
#10969 = DIRECTION('',(0.,1.,0.));
#10970 = DIRECTION('',(-1.,0.,0.));
#10971 = ADVANCED_FACE('',(#10972),#10983,.F.);
#10972 = FACE_BOUND('',#10973,.F.);
#10973 = EDGE_LOOP('',(#10974,#10975,#10976,#10982));
#10974 = ORIENTED_EDGE('',*,*,#7585,.F.);
#10975 = ORIENTED_EDGE('',*,*,#7553,.F.);
#10976 = ORIENTED_EDGE('',*,*,#10977,.T.);
#10977 = EDGE_CURVE('',#7546,#7602,#10978,.T.);
#10978 = LINE('',#10979,#10980);
#10979 = CARTESIAN_POINT('',(33.25,1.,5.));
#10980 = VECTOR('',#10981,1.);
#10981 = DIRECTION('',(-1.,0.,0.));
#10982 = ORIENTED_EDGE('',*,*,#7601,.F.);
#10983 = PLANE('',#10984);
#10984 = AXIS2_PLACEMENT_3D('',#10985,#10986,#10987);
#10985 = CARTESIAN_POINT('',(33.25,1.,15.));
#10986 = DIRECTION('',(0.,1.,0.));
#10987 = DIRECTION('',(-1.,0.,0.));
#10988 = ADVANCED_FACE('',(#10989),#11000,.F.);
#10989 = FACE_BOUND('',#10990,.F.);
#10990 = EDGE_LOOP('',(#10991,#10992,#10993,#10999));
#10991 = ORIENTED_EDGE('',*,*,#7697,.F.);
#10992 = ORIENTED_EDGE('',*,*,#7665,.F.);
#10993 = ORIENTED_EDGE('',*,*,#10994,.T.);
#10994 = EDGE_CURVE('',#7658,#7714,#10995,.T.);
#10995 = LINE('',#10996,#10997);
#10996 = CARTESIAN_POINT('',(33.25,1.,5.));
#10997 = VECTOR('',#10998,1.);
#10998 = DIRECTION('',(-1.,0.,0.));
#10999 = ORIENTED_EDGE('',*,*,#7713,.F.);
#11000 = PLANE('',#11001);
#11001 = AXIS2_PLACEMENT_3D('',#11002,#11003,#11004);
#11002 = CARTESIAN_POINT('',(33.25,1.,15.));
#11003 = DIRECTION('',(0.,1.,0.));
#11004 = DIRECTION('',(-1.,0.,0.));
#11005 = ADVANCED_FACE('',(#11006),#11017,.F.);
#11006 = FACE_BOUND('',#11007,.F.);
#11007 = EDGE_LOOP('',(#11008,#11009,#11010,#11016));
#11008 = ORIENTED_EDGE('',*,*,#7809,.F.);
#11009 = ORIENTED_EDGE('',*,*,#7777,.F.);
#11010 = ORIENTED_EDGE('',*,*,#11011,.T.);
#11011 = EDGE_CURVE('',#7770,#7826,#11012,.T.);
#11012 = LINE('',#11013,#11014);
#11013 = CARTESIAN_POINT('',(33.25,1.,5.));
#11014 = VECTOR('',#11015,1.);
#11015 = DIRECTION('',(-1.,0.,0.));
#11016 = ORIENTED_EDGE('',*,*,#7825,.F.);
#11017 = PLANE('',#11018);
#11018 = AXIS2_PLACEMENT_3D('',#11019,#11020,#11021);
#11019 = CARTESIAN_POINT('',(33.25,1.,15.));
#11020 = DIRECTION('',(0.,1.,0.));
#11021 = DIRECTION('',(-1.,0.,0.));
#11022 = ADVANCED_FACE('',(#11023),#11034,.F.);
#11023 = FACE_BOUND('',#11024,.F.);
#11024 = EDGE_LOOP('',(#11025,#11026,#11027,#11033));
#11025 = ORIENTED_EDGE('',*,*,#7921,.F.);
#11026 = ORIENTED_EDGE('',*,*,#7889,.F.);
#11027 = ORIENTED_EDGE('',*,*,#11028,.T.);
#11028 = EDGE_CURVE('',#7882,#7938,#11029,.T.);
#11029 = LINE('',#11030,#11031);
#11030 = CARTESIAN_POINT('',(33.25,1.,5.));
#11031 = VECTOR('',#11032,1.);
#11032 = DIRECTION('',(-1.,0.,0.));
#11033 = ORIENTED_EDGE('',*,*,#7937,.F.);
#11034 = PLANE('',#11035);
#11035 = AXIS2_PLACEMENT_3D('',#11036,#11037,#11038);
#11036 = CARTESIAN_POINT('',(33.25,1.,15.));
#11037 = DIRECTION('',(0.,1.,0.));
#11038 = DIRECTION('',(-1.,0.,0.));
#11039 = ADVANCED_FACE('',(#11040),#11051,.F.);
#11040 = FACE_BOUND('',#11041,.F.);
#11041 = EDGE_LOOP('',(#11042,#11043,#11044,#11050));
#11042 = ORIENTED_EDGE('',*,*,#8033,.F.);
#11043 = ORIENTED_EDGE('',*,*,#8001,.F.);
#11044 = ORIENTED_EDGE('',*,*,#11045,.T.);
#11045 = EDGE_CURVE('',#7994,#8050,#11046,.T.);
#11046 = LINE('',#11047,#11048);
#11047 = CARTESIAN_POINT('',(33.25,1.,5.));
#11048 = VECTOR('',#11049,1.);
#11049 = DIRECTION('',(-1.,0.,0.));
#11050 = ORIENTED_EDGE('',*,*,#8049,.F.);
#11051 = PLANE('',#11052);
#11052 = AXIS2_PLACEMENT_3D('',#11053,#11054,#11055);
#11053 = CARTESIAN_POINT('',(33.25,1.,15.));
#11054 = DIRECTION('',(0.,1.,0.));
#11055 = DIRECTION('',(-1.,0.,0.));
#11056 = ADVANCED_FACE('',(#11057),#11068,.F.);
#11057 = FACE_BOUND('',#11058,.F.);
#11058 = EDGE_LOOP('',(#11059,#11060,#11061,#11067));
#11059 = ORIENTED_EDGE('',*,*,#8145,.F.);
#11060 = ORIENTED_EDGE('',*,*,#8113,.F.);
#11061 = ORIENTED_EDGE('',*,*,#11062,.T.);
#11062 = EDGE_CURVE('',#8106,#8162,#11063,.T.);
#11063 = LINE('',#11064,#11065);
#11064 = CARTESIAN_POINT('',(33.25,1.,5.));
#11065 = VECTOR('',#11066,1.);
#11066 = DIRECTION('',(-1.,0.,0.));
#11067 = ORIENTED_EDGE('',*,*,#8161,.F.);
#11068 = PLANE('',#11069);
#11069 = AXIS2_PLACEMENT_3D('',#11070,#11071,#11072);
#11070 = CARTESIAN_POINT('',(33.25,1.,15.));
#11071 = DIRECTION('',(0.,1.,0.));
#11072 = DIRECTION('',(-1.,0.,0.));
#11073 = ADVANCED_FACE('',(#11074),#11085,.F.);
#11074 = FACE_BOUND('',#11075,.F.);
#11075 = EDGE_LOOP('',(#11076,#11077,#11078,#11084));
#11076 = ORIENTED_EDGE('',*,*,#8257,.F.);
#11077 = ORIENTED_EDGE('',*,*,#8225,.F.);
#11078 = ORIENTED_EDGE('',*,*,#11079,.T.);
#11079 = EDGE_CURVE('',#8218,#8274,#11080,.T.);
#11080 = LINE('',#11081,#11082);
#11081 = CARTESIAN_POINT('',(33.25,1.,5.));
#11082 = VECTOR('',#11083,1.);
#11083 = DIRECTION('',(-1.,0.,0.));
#11084 = ORIENTED_EDGE('',*,*,#8273,.F.);
#11085 = PLANE('',#11086);
#11086 = AXIS2_PLACEMENT_3D('',#11087,#11088,#11089);
#11087 = CARTESIAN_POINT('',(33.25,1.,15.));
#11088 = DIRECTION('',(0.,1.,0.));
#11089 = DIRECTION('',(-1.,0.,0.));
#11090 = ADVANCED_FACE('',(#11091),#11102,.F.);
#11091 = FACE_BOUND('',#11092,.F.);
#11092 = EDGE_LOOP('',(#11093,#11094,#11095,#11101));
#11093 = ORIENTED_EDGE('',*,*,#8369,.F.);
#11094 = ORIENTED_EDGE('',*,*,#8337,.F.);
#11095 = ORIENTED_EDGE('',*,*,#11096,.T.);
#11096 = EDGE_CURVE('',#8330,#8386,#11097,.T.);
#11097 = LINE('',#11098,#11099);
#11098 = CARTESIAN_POINT('',(33.25,1.,5.));
#11099 = VECTOR('',#11100,1.);
#11100 = DIRECTION('',(-1.,0.,0.));
#11101 = ORIENTED_EDGE('',*,*,#8385,.F.);
#11102 = PLANE('',#11103);
#11103 = AXIS2_PLACEMENT_3D('',#11104,#11105,#11106);
#11104 = CARTESIAN_POINT('',(33.25,1.,15.));
#11105 = DIRECTION('',(0.,1.,0.));
#11106 = DIRECTION('',(-1.,0.,0.));
#11107 = ADVANCED_FACE('',(#11108),#11119,.F.);
#11108 = FACE_BOUND('',#11109,.F.);
#11109 = EDGE_LOOP('',(#11110,#11111,#11112,#11118));
#11110 = ORIENTED_EDGE('',*,*,#8481,.F.);
#11111 = ORIENTED_EDGE('',*,*,#8449,.F.);
#11112 = ORIENTED_EDGE('',*,*,#11113,.T.);
#11113 = EDGE_CURVE('',#8442,#8498,#11114,.T.);
#11114 = LINE('',#11115,#11116);
#11115 = CARTESIAN_POINT('',(33.25,1.,5.));
#11116 = VECTOR('',#11117,1.);
#11117 = DIRECTION('',(-1.,0.,0.));
#11118 = ORIENTED_EDGE('',*,*,#8497,.F.);
#11119 = PLANE('',#11120);
#11120 = AXIS2_PLACEMENT_3D('',#11121,#11122,#11123);
#11121 = CARTESIAN_POINT('',(33.25,1.,15.));
#11122 = DIRECTION('',(0.,1.,0.));
#11123 = DIRECTION('',(-1.,0.,0.));
#11124 = ADVANCED_FACE('',(#11125),#11136,.F.);
#11125 = FACE_BOUND('',#11126,.F.);
#11126 = EDGE_LOOP('',(#11127,#11128,#11129,#11135));
#11127 = ORIENTED_EDGE('',*,*,#8593,.F.);
#11128 = ORIENTED_EDGE('',*,*,#8561,.F.);
#11129 = ORIENTED_EDGE('',*,*,#11130,.T.);
#11130 = EDGE_CURVE('',#8554,#8610,#11131,.T.);
#11131 = LINE('',#11132,#11133);
#11132 = CARTESIAN_POINT('',(33.25,1.,5.));
#11133 = VECTOR('',#11134,1.);
#11134 = DIRECTION('',(-1.,0.,0.));
#11135 = ORIENTED_EDGE('',*,*,#8609,.F.);
#11136 = PLANE('',#11137);
#11137 = AXIS2_PLACEMENT_3D('',#11138,#11139,#11140);
#11138 = CARTESIAN_POINT('',(33.25,1.,15.));
#11139 = DIRECTION('',(0.,1.,0.));
#11140 = DIRECTION('',(-1.,0.,0.));
#11141 = ADVANCED_FACE('',(#11142),#11153,.F.);
#11142 = FACE_BOUND('',#11143,.F.);
#11143 = EDGE_LOOP('',(#11144,#11145,#11146,#11152));
#11144 = ORIENTED_EDGE('',*,*,#8705,.F.);
#11145 = ORIENTED_EDGE('',*,*,#8673,.F.);
#11146 = ORIENTED_EDGE('',*,*,#11147,.T.);
#11147 = EDGE_CURVE('',#8666,#8722,#11148,.T.);
#11148 = LINE('',#11149,#11150);
#11149 = CARTESIAN_POINT('',(33.25,1.,5.));
#11150 = VECTOR('',#11151,1.);
#11151 = DIRECTION('',(-1.,0.,0.));
#11152 = ORIENTED_EDGE('',*,*,#8721,.F.);
#11153 = PLANE('',#11154);
#11154 = AXIS2_PLACEMENT_3D('',#11155,#11156,#11157);
#11155 = CARTESIAN_POINT('',(33.25,1.,15.));
#11156 = DIRECTION('',(0.,1.,0.));
#11157 = DIRECTION('',(-1.,0.,0.));
#11158 = ADVANCED_FACE('',(#11159),#11170,.F.);
#11159 = FACE_BOUND('',#11160,.F.);
#11160 = EDGE_LOOP('',(#11161,#11162,#11163,#11169));
#11161 = ORIENTED_EDGE('',*,*,#8817,.F.);
#11162 = ORIENTED_EDGE('',*,*,#8785,.F.);
#11163 = ORIENTED_EDGE('',*,*,#11164,.T.);
#11164 = EDGE_CURVE('',#8778,#8834,#11165,.T.);
#11165 = LINE('',#11166,#11167);
#11166 = CARTESIAN_POINT('',(33.25,1.,5.));
#11167 = VECTOR('',#11168,1.);
#11168 = DIRECTION('',(-1.,0.,0.));
#11169 = ORIENTED_EDGE('',*,*,#8833,.F.);
#11170 = PLANE('',#11171);
#11171 = AXIS2_PLACEMENT_3D('',#11172,#11173,#11174);
#11172 = CARTESIAN_POINT('',(33.25,1.,15.));
#11173 = DIRECTION('',(0.,1.,0.));
#11174 = DIRECTION('',(-1.,0.,0.));
#11175 = ADVANCED_FACE('',(#11176),#11187,.F.);
#11176 = FACE_BOUND('',#11177,.F.);
#11177 = EDGE_LOOP('',(#11178,#11179,#11180,#11186));
#11178 = ORIENTED_EDGE('',*,*,#8929,.F.);
#11179 = ORIENTED_EDGE('',*,*,#8897,.F.);
#11180 = ORIENTED_EDGE('',*,*,#11181,.T.);
#11181 = EDGE_CURVE('',#8890,#8946,#11182,.T.);
#11182 = LINE('',#11183,#11184);
#11183 = CARTESIAN_POINT('',(33.25,1.,5.));
#11184 = VECTOR('',#11185,1.);
#11185 = DIRECTION('',(-1.,0.,0.));
#11186 = ORIENTED_EDGE('',*,*,#8945,.F.);
#11187 = PLANE('',#11188);
#11188 = AXIS2_PLACEMENT_3D('',#11189,#11190,#11191);
#11189 = CARTESIAN_POINT('',(33.25,1.,15.));
#11190 = DIRECTION('',(0.,1.,0.));
#11191 = DIRECTION('',(-1.,0.,0.));
#11192 = ADVANCED_FACE('',(#11193),#11204,.F.);
#11193 = FACE_BOUND('',#11194,.F.);
#11194 = EDGE_LOOP('',(#11195,#11196,#11197,#11203));
#11195 = ORIENTED_EDGE('',*,*,#9041,.F.);
#11196 = ORIENTED_EDGE('',*,*,#9009,.F.);
#11197 = ORIENTED_EDGE('',*,*,#11198,.T.);
#11198 = EDGE_CURVE('',#9002,#9058,#11199,.T.);
#11199 = LINE('',#11200,#11201);
#11200 = CARTESIAN_POINT('',(33.25,1.,5.));
#11201 = VECTOR('',#11202,1.);
#11202 = DIRECTION('',(-1.,0.,0.));
#11203 = ORIENTED_EDGE('',*,*,#9057,.F.);
#11204 = PLANE('',#11205);
#11205 = AXIS2_PLACEMENT_3D('',#11206,#11207,#11208);
#11206 = CARTESIAN_POINT('',(33.25,1.,15.));
#11207 = DIRECTION('',(0.,1.,0.));
#11208 = DIRECTION('',(-1.,0.,0.));
#11209 = ADVANCED_FACE('',(#11210),#11221,.F.);
#11210 = FACE_BOUND('',#11211,.F.);
#11211 = EDGE_LOOP('',(#11212,#11213,#11214,#11220));
#11212 = ORIENTED_EDGE('',*,*,#9153,.F.);
#11213 = ORIENTED_EDGE('',*,*,#9121,.F.);
#11214 = ORIENTED_EDGE('',*,*,#11215,.T.);
#11215 = EDGE_CURVE('',#9114,#9170,#11216,.T.);
#11216 = LINE('',#11217,#11218);
#11217 = CARTESIAN_POINT('',(33.25,1.,5.));
#11218 = VECTOR('',#11219,1.);
#11219 = DIRECTION('',(-1.,0.,0.));
#11220 = ORIENTED_EDGE('',*,*,#9169,.F.);
#11221 = PLANE('',#11222);
#11222 = AXIS2_PLACEMENT_3D('',#11223,#11224,#11225);
#11223 = CARTESIAN_POINT('',(33.25,1.,15.));
#11224 = DIRECTION('',(0.,1.,0.));
#11225 = DIRECTION('',(-1.,0.,0.));
#11226 = ADVANCED_FACE('',(#11227),#11238,.F.);
#11227 = FACE_BOUND('',#11228,.F.);
#11228 = EDGE_LOOP('',(#11229,#11230,#11231,#11237));
#11229 = ORIENTED_EDGE('',*,*,#9265,.F.);
#11230 = ORIENTED_EDGE('',*,*,#9233,.F.);
#11231 = ORIENTED_EDGE('',*,*,#11232,.T.);
#11232 = EDGE_CURVE('',#9226,#9282,#11233,.T.);
#11233 = LINE('',#11234,#11235);
#11234 = CARTESIAN_POINT('',(33.25,1.,5.));
#11235 = VECTOR('',#11236,1.);
#11236 = DIRECTION('',(-1.,0.,0.));
#11237 = ORIENTED_EDGE('',*,*,#9281,.F.);
#11238 = PLANE('',#11239);
#11239 = AXIS2_PLACEMENT_3D('',#11240,#11241,#11242);
#11240 = CARTESIAN_POINT('',(33.25,1.,15.));
#11241 = DIRECTION('',(0.,1.,0.));
#11242 = DIRECTION('',(-1.,0.,0.));
#11243 = ADVANCED_FACE('',(#11244),#11255,.F.);
#11244 = FACE_BOUND('',#11245,.F.);
#11245 = EDGE_LOOP('',(#11246,#11247,#11248,#11254));
#11246 = ORIENTED_EDGE('',*,*,#9377,.F.);
#11247 = ORIENTED_EDGE('',*,*,#9345,.F.);
#11248 = ORIENTED_EDGE('',*,*,#11249,.T.);
#11249 = EDGE_CURVE('',#9338,#9394,#11250,.T.);
#11250 = LINE('',#11251,#11252);
#11251 = CARTESIAN_POINT('',(33.25,1.,5.));
#11252 = VECTOR('',#11253,1.);
#11253 = DIRECTION('',(-1.,0.,0.));
#11254 = ORIENTED_EDGE('',*,*,#9393,.F.);
#11255 = PLANE('',#11256);
#11256 = AXIS2_PLACEMENT_3D('',#11257,#11258,#11259);
#11257 = CARTESIAN_POINT('',(33.25,1.,15.));
#11258 = DIRECTION('',(0.,1.,0.));
#11259 = DIRECTION('',(-1.,0.,0.));
#11260 = ADVANCED_FACE('',(#11261),#11272,.F.);
#11261 = FACE_BOUND('',#11262,.F.);
#11262 = EDGE_LOOP('',(#11263,#11264,#11265,#11271));
#11263 = ORIENTED_EDGE('',*,*,#9489,.F.);
#11264 = ORIENTED_EDGE('',*,*,#9457,.F.);
#11265 = ORIENTED_EDGE('',*,*,#11266,.T.);
#11266 = EDGE_CURVE('',#9450,#9506,#11267,.T.);
#11267 = LINE('',#11268,#11269);
#11268 = CARTESIAN_POINT('',(33.25,1.,5.));
#11269 = VECTOR('',#11270,1.);
#11270 = DIRECTION('',(-1.,0.,0.));
#11271 = ORIENTED_EDGE('',*,*,#9505,.F.);
#11272 = PLANE('',#11273);
#11273 = AXIS2_PLACEMENT_3D('',#11274,#11275,#11276);
#11274 = CARTESIAN_POINT('',(33.25,1.,15.));
#11275 = DIRECTION('',(0.,1.,0.));
#11276 = DIRECTION('',(-1.,0.,0.));
#11277 = ADVANCED_FACE('',(#11278),#11289,.F.);
#11278 = FACE_BOUND('',#11279,.F.);
#11279 = EDGE_LOOP('',(#11280,#11281,#11282,#11288));
#11280 = ORIENTED_EDGE('',*,*,#9601,.F.);
#11281 = ORIENTED_EDGE('',*,*,#9569,.F.);
#11282 = ORIENTED_EDGE('',*,*,#11283,.T.);
#11283 = EDGE_CURVE('',#9562,#9618,#11284,.T.);
#11284 = LINE('',#11285,#11286);
#11285 = CARTESIAN_POINT('',(33.25,1.,5.));
#11286 = VECTOR('',#11287,1.);
#11287 = DIRECTION('',(-1.,0.,0.));
#11288 = ORIENTED_EDGE('',*,*,#9617,.F.);
#11289 = PLANE('',#11290);
#11290 = AXIS2_PLACEMENT_3D('',#11291,#11292,#11293);
#11291 = CARTESIAN_POINT('',(33.25,1.,15.));
#11292 = DIRECTION('',(0.,1.,0.));
#11293 = DIRECTION('',(-1.,0.,0.));
#11294 = ADVANCED_FACE('',(#11295),#11306,.F.);
#11295 = FACE_BOUND('',#11296,.F.);
#11296 = EDGE_LOOP('',(#11297,#11298,#11299,#11305));
#11297 = ORIENTED_EDGE('',*,*,#9713,.F.);
#11298 = ORIENTED_EDGE('',*,*,#9681,.F.);
#11299 = ORIENTED_EDGE('',*,*,#11300,.T.);
#11300 = EDGE_CURVE('',#9674,#9730,#11301,.T.);
#11301 = LINE('',#11302,#11303);
#11302 = CARTESIAN_POINT('',(33.25,1.,5.));
#11303 = VECTOR('',#11304,1.);
#11304 = DIRECTION('',(-1.,0.,0.));
#11305 = ORIENTED_EDGE('',*,*,#9729,.F.);
#11306 = PLANE('',#11307);
#11307 = AXIS2_PLACEMENT_3D('',#11308,#11309,#11310);
#11308 = CARTESIAN_POINT('',(33.25,1.,15.));
#11309 = DIRECTION('',(0.,1.,0.));
#11310 = DIRECTION('',(-1.,0.,0.));
#11311 = ADVANCED_FACE('',(#11312),#11323,.F.);
#11312 = FACE_BOUND('',#11313,.F.);
#11313 = EDGE_LOOP('',(#11314,#11315,#11316,#11322));
#11314 = ORIENTED_EDGE('',*,*,#9825,.F.);
#11315 = ORIENTED_EDGE('',*,*,#9793,.F.);
#11316 = ORIENTED_EDGE('',*,*,#11317,.T.);
#11317 = EDGE_CURVE('',#9786,#9842,#11318,.T.);
#11318 = LINE('',#11319,#11320);
#11319 = CARTESIAN_POINT('',(33.25,1.,5.));
#11320 = VECTOR('',#11321,1.);
#11321 = DIRECTION('',(-1.,0.,0.));
#11322 = ORIENTED_EDGE('',*,*,#9841,.F.);
#11323 = PLANE('',#11324);
#11324 = AXIS2_PLACEMENT_3D('',#11325,#11326,#11327);
#11325 = CARTESIAN_POINT('',(33.25,1.,15.));
#11326 = DIRECTION('',(0.,1.,0.));
#11327 = DIRECTION('',(-1.,0.,0.));
#11328 = ADVANCED_FACE('',(#11329),#11340,.F.);
#11329 = FACE_BOUND('',#11330,.F.);
#11330 = EDGE_LOOP('',(#11331,#11332,#11333,#11339));
#11331 = ORIENTED_EDGE('',*,*,#9937,.F.);
#11332 = ORIENTED_EDGE('',*,*,#9905,.F.);
#11333 = ORIENTED_EDGE('',*,*,#11334,.T.);
#11334 = EDGE_CURVE('',#9898,#9954,#11335,.T.);
#11335 = LINE('',#11336,#11337);
#11336 = CARTESIAN_POINT('',(33.25,1.,5.));
#11337 = VECTOR('',#11338,1.);
#11338 = DIRECTION('',(-1.,0.,0.));
#11339 = ORIENTED_EDGE('',*,*,#9953,.F.);
#11340 = PLANE('',#11341);
#11341 = AXIS2_PLACEMENT_3D('',#11342,#11343,#11344);
#11342 = CARTESIAN_POINT('',(33.25,1.,15.));
#11343 = DIRECTION('',(0.,1.,0.));
#11344 = DIRECTION('',(-1.,0.,0.));
#11345 = ADVANCED_FACE('',(#11346),#11357,.F.);
#11346 = FACE_BOUND('',#11347,.F.);
#11347 = EDGE_LOOP('',(#11348,#11349,#11350,#11356));
#11348 = ORIENTED_EDGE('',*,*,#10042,.F.);
#11349 = ORIENTED_EDGE('',*,*,#10017,.F.);
#11350 = ORIENTED_EDGE('',*,*,#11351,.T.);
#11351 = EDGE_CURVE('',#10010,#10421,#11352,.T.);
#11352 = LINE('',#11353,#11354);
#11353 = CARTESIAN_POINT('',(33.25,1.,5.));
#11354 = VECTOR('',#11355,1.);
#11355 = DIRECTION('',(-1.,0.,0.));
#11356 = ORIENTED_EDGE('',*,*,#10420,.F.);
#11357 = PLANE('',#11358);
#11358 = AXIS2_PLACEMENT_3D('',#11359,#11360,#11361);
#11359 = CARTESIAN_POINT('',(33.25,1.,15.));
#11360 = DIRECTION('',(0.,1.,0.));
#11361 = DIRECTION('',(-1.,0.,0.));
#11362 = ADVANCED_FACE('',(#11363),#11369,.F.);
#11363 = FACE_BOUND('',#11364,.F.);
#11364 = EDGE_LOOP('',(#11365,#11366,#11367,#11368));
#11365 = ORIENTED_EDGE('',*,*,#10388,.T.);
#11366 = ORIENTED_EDGE('',*,*,#10405,.T.);
#11367 = ORIENTED_EDGE('',*,*,#10065,.F.);
#11368 = ORIENTED_EDGE('',*,*,#10158,.F.);
#11369 = PLANE('',#11370);
#11370 = AXIS2_PLACEMENT_3D('',#11371,#11372,#11373);
#11371 = CARTESIAN_POINT('',(-32.75,-1.75,0.));
#11372 = DIRECTION('',(-1.,-0.,-0.));
#11373 = DIRECTION('',(0.,-1.,0.));
#11374 = ADVANCED_FACE('',(#11375),#11381,.T.);
#11375 = FACE_BOUND('',#11376,.T.);
#11376 = EDGE_LOOP('',(#11377,#11378,#11379,#11380));
#11377 = ORIENTED_EDGE('',*,*,#10136,.T.);
#11378 = ORIENTED_EDGE('',*,*,#10119,.T.);
#11379 = ORIENTED_EDGE('',*,*,#10081,.F.);
#11380 = ORIENTED_EDGE('',*,*,#10167,.F.);
#11381 = PLANE('',#11382);
#11382 = AXIS2_PLACEMENT_3D('',#11383,#11384,#11385);
#11383 = CARTESIAN_POINT('',(32.75,-1.75,0.));
#11384 = DIRECTION('',(-1.,-0.,-0.));
#11385 = DIRECTION('',(0.,-1.,0.));
#11386 = ADVANCED_FACE('',(#11387),#11393,.T.);
#11387 = FACE_BOUND('',#11388,.T.);
#11388 = EDGE_LOOP('',(#11389,#11390,#11391,#11392));
#11389 = ORIENTED_EDGE('',*,*,#10364,.T.);
#11390 = ORIENTED_EDGE('',*,*,#10347,.T.);
#11391 = ORIENTED_EDGE('',*,*,#10285,.F.);
#11392 = ORIENTED_EDGE('',*,*,#10199,.F.);
#11393 = PLANE('',#11394);
#11394 = AXIS2_PLACEMENT_3D('',#11395,#11396,#11397);
#11395 = CARTESIAN_POINT('',(-32.75,1.75,0.));
#11396 = DIRECTION('',(1.,0.,0.));
#11397 = DIRECTION('',(0.,1.,0.));
#11398 = ADVANCED_FACE('',(#11399),#11405,.F.);
#11399 = FACE_BOUND('',#11400,.F.);
#11400 = EDGE_LOOP('',(#11401,#11402,#11403,#11404));
#11401 = ORIENTED_EDGE('',*,*,#10237,.T.);
#11402 = ORIENTED_EDGE('',*,*,#10254,.T.);
#11403 = ORIENTED_EDGE('',*,*,#10278,.F.);
#11404 = ORIENTED_EDGE('',*,*,#10183,.F.);
#11405 = PLANE('',#11406);
#11406 = AXIS2_PLACEMENT_3D('',#11407,#11408,#11409);
#11407 = CARTESIAN_POINT('',(32.75,1.75,0.));
#11408 = DIRECTION('',(1.,0.,0.));
#11409 = DIRECTION('',(0.,1.,0.));
#11410 = ADVANCED_FACE('',(#11411),#11617,.T.);
#11411 = FACE_BOUND('',#11412,.T.);
#11412 = EDGE_LOOP('',(#11413,#11414,#11415,#11416,#11417,#11418,#11419,
    #11420,#11421,#11422,#11423,#11424,#11425,#11426,#11427,#11428,
    #11429,#11430,#11431,#11432,#11433,#11434,#11435,#11436,#11437,
    #11438,#11439,#11440,#11441,#11442,#11443,#11444,#11445,#11446,
    #11447,#11448,#11449,#11450,#11451,#11452,#11453,#11454,#11455,
    #11456,#11457,#11458,#11459,#11460,#11461,#11462,#11463,#11464,
    #11465,#11466,#11467,#11468,#11469,#11470,#11471,#11472,#11473,
    #11474,#11475,#11476,#11477,#11478,#11479,#11480,#11481,#11482,
    #11483,#11484,#11485,#11486,#11487,#11488,#11489,#11490,#11491,
    #11492,#11493,#11494,#11495,#11496,#11497,#11498,#11499,#11500,
    #11501,#11502,#11503,#11504,#11505,#11506,#11507,#11508,#11509,
    #11510,#11511,#11512,#11513,#11514,#11515,#11516,#11517,#11518,
    #11519,#11520,#11521,#11522,#11523,#11524,#11525,#11526,#11527,
    #11528,#11529,#11530,#11531,#11532,#11533,#11534,#11535,#11536,
    #11537,#11538,#11539,#11540,#11541,#11542,#11543,#11544,#11545,
    #11546,#11547,#11548,#11549,#11550,#11551,#11552,#11553,#11554,
    #11555,#11556,#11557,#11558,#11559,#11560,#11561,#11562,#11563,
    #11564,#11565,#11566,#11567,#11568,#11569,#11570,#11571,#11572,
    #11573,#11574,#11575,#11576,#11577,#11578,#11579,#11580,#11581,
    #11582,#11583,#11584,#11585,#11586,#11587,#11588,#11589,#11590,
    #11591,#11592,#11593,#11594,#11595,#11596,#11597,#11598,#11599,
    #11600,#11601,#11602,#11603,#11604,#11605,#11606,#11607,#11608,
    #11609,#11610,#11611,#11612,#11613,#11614,#11615,#11616));
#11413 = ORIENTED_EDGE('',*,*,#4425,.T.);
#11414 = ORIENTED_EDGE('',*,*,#4448,.T.);
#11415 = ORIENTED_EDGE('',*,*,#4473,.T.);
#11416 = ORIENTED_EDGE('',*,*,#10470,.T.);
#11417 = ORIENTED_EDGE('',*,*,#4537,.T.);
#11418 = ORIENTED_EDGE('',*,*,#4560,.T.);
#11419 = ORIENTED_EDGE('',*,*,#4585,.T.);
#11420 = ORIENTED_EDGE('',*,*,#10487,.T.);
#11421 = ORIENTED_EDGE('',*,*,#4649,.T.);
#11422 = ORIENTED_EDGE('',*,*,#4672,.T.);
#11423 = ORIENTED_EDGE('',*,*,#4697,.T.);
#11424 = ORIENTED_EDGE('',*,*,#10504,.T.);
#11425 = ORIENTED_EDGE('',*,*,#4761,.T.);
#11426 = ORIENTED_EDGE('',*,*,#4784,.T.);
#11427 = ORIENTED_EDGE('',*,*,#4809,.T.);
#11428 = ORIENTED_EDGE('',*,*,#10521,.T.);
#11429 = ORIENTED_EDGE('',*,*,#4873,.T.);
#11430 = ORIENTED_EDGE('',*,*,#4896,.T.);
#11431 = ORIENTED_EDGE('',*,*,#4921,.T.);
#11432 = ORIENTED_EDGE('',*,*,#10538,.T.);
#11433 = ORIENTED_EDGE('',*,*,#4985,.T.);
#11434 = ORIENTED_EDGE('',*,*,#5008,.T.);
#11435 = ORIENTED_EDGE('',*,*,#5033,.T.);
#11436 = ORIENTED_EDGE('',*,*,#10555,.T.);
#11437 = ORIENTED_EDGE('',*,*,#5097,.T.);
#11438 = ORIENTED_EDGE('',*,*,#5120,.T.);
#11439 = ORIENTED_EDGE('',*,*,#5145,.T.);
#11440 = ORIENTED_EDGE('',*,*,#10572,.T.);
#11441 = ORIENTED_EDGE('',*,*,#5209,.T.);
#11442 = ORIENTED_EDGE('',*,*,#5232,.T.);
#11443 = ORIENTED_EDGE('',*,*,#5257,.T.);
#11444 = ORIENTED_EDGE('',*,*,#10589,.T.);
#11445 = ORIENTED_EDGE('',*,*,#5321,.T.);
#11446 = ORIENTED_EDGE('',*,*,#5344,.T.);
#11447 = ORIENTED_EDGE('',*,*,#5369,.T.);
#11448 = ORIENTED_EDGE('',*,*,#10606,.T.);
#11449 = ORIENTED_EDGE('',*,*,#5433,.T.);
#11450 = ORIENTED_EDGE('',*,*,#5456,.T.);
#11451 = ORIENTED_EDGE('',*,*,#5481,.T.);
#11452 = ORIENTED_EDGE('',*,*,#10623,.T.);
#11453 = ORIENTED_EDGE('',*,*,#5545,.T.);
#11454 = ORIENTED_EDGE('',*,*,#5568,.T.);
#11455 = ORIENTED_EDGE('',*,*,#5593,.T.);
#11456 = ORIENTED_EDGE('',*,*,#10640,.T.);
#11457 = ORIENTED_EDGE('',*,*,#5657,.T.);
#11458 = ORIENTED_EDGE('',*,*,#5680,.T.);
#11459 = ORIENTED_EDGE('',*,*,#5705,.T.);
#11460 = ORIENTED_EDGE('',*,*,#10657,.T.);
#11461 = ORIENTED_EDGE('',*,*,#5769,.T.);
#11462 = ORIENTED_EDGE('',*,*,#5792,.T.);
#11463 = ORIENTED_EDGE('',*,*,#5817,.T.);
#11464 = ORIENTED_EDGE('',*,*,#10674,.T.);
#11465 = ORIENTED_EDGE('',*,*,#5881,.T.);
#11466 = ORIENTED_EDGE('',*,*,#5904,.T.);
#11467 = ORIENTED_EDGE('',*,*,#5929,.T.);
#11468 = ORIENTED_EDGE('',*,*,#10691,.T.);
#11469 = ORIENTED_EDGE('',*,*,#5993,.T.);
#11470 = ORIENTED_EDGE('',*,*,#6016,.T.);
#11471 = ORIENTED_EDGE('',*,*,#6041,.T.);
#11472 = ORIENTED_EDGE('',*,*,#10708,.T.);
#11473 = ORIENTED_EDGE('',*,*,#6105,.T.);
#11474 = ORIENTED_EDGE('',*,*,#6128,.T.);
#11475 = ORIENTED_EDGE('',*,*,#6153,.T.);
#11476 = ORIENTED_EDGE('',*,*,#10725,.T.);
#11477 = ORIENTED_EDGE('',*,*,#6217,.T.);
#11478 = ORIENTED_EDGE('',*,*,#6240,.T.);
#11479 = ORIENTED_EDGE('',*,*,#6265,.T.);
#11480 = ORIENTED_EDGE('',*,*,#10742,.T.);
#11481 = ORIENTED_EDGE('',*,*,#6329,.T.);
#11482 = ORIENTED_EDGE('',*,*,#6352,.T.);
#11483 = ORIENTED_EDGE('',*,*,#6377,.T.);
#11484 = ORIENTED_EDGE('',*,*,#10759,.T.);
#11485 = ORIENTED_EDGE('',*,*,#6441,.T.);
#11486 = ORIENTED_EDGE('',*,*,#6464,.T.);
#11487 = ORIENTED_EDGE('',*,*,#6489,.T.);
#11488 = ORIENTED_EDGE('',*,*,#10776,.T.);
#11489 = ORIENTED_EDGE('',*,*,#6553,.T.);
#11490 = ORIENTED_EDGE('',*,*,#6576,.T.);
#11491 = ORIENTED_EDGE('',*,*,#6601,.T.);
#11492 = ORIENTED_EDGE('',*,*,#10793,.T.);
#11493 = ORIENTED_EDGE('',*,*,#6665,.T.);
#11494 = ORIENTED_EDGE('',*,*,#6688,.T.);
#11495 = ORIENTED_EDGE('',*,*,#6713,.T.);
#11496 = ORIENTED_EDGE('',*,*,#10810,.T.);
#11497 = ORIENTED_EDGE('',*,*,#6777,.T.);
#11498 = ORIENTED_EDGE('',*,*,#6800,.T.);
#11499 = ORIENTED_EDGE('',*,*,#6825,.T.);
#11500 = ORIENTED_EDGE('',*,*,#10827,.T.);
#11501 = ORIENTED_EDGE('',*,*,#6889,.T.);
#11502 = ORIENTED_EDGE('',*,*,#6912,.T.);
#11503 = ORIENTED_EDGE('',*,*,#6937,.T.);
#11504 = ORIENTED_EDGE('',*,*,#10844,.T.);
#11505 = ORIENTED_EDGE('',*,*,#7001,.T.);
#11506 = ORIENTED_EDGE('',*,*,#7024,.T.);
#11507 = ORIENTED_EDGE('',*,*,#7049,.T.);
#11508 = ORIENTED_EDGE('',*,*,#10861,.T.);
#11509 = ORIENTED_EDGE('',*,*,#7113,.T.);
#11510 = ORIENTED_EDGE('',*,*,#7136,.T.);
#11511 = ORIENTED_EDGE('',*,*,#7161,.T.);
#11512 = ORIENTED_EDGE('',*,*,#10878,.T.);
#11513 = ORIENTED_EDGE('',*,*,#10901,.T.);
#11514 = ORIENTED_EDGE('',*,*,#10926,.T.);
#11515 = ORIENTED_EDGE('',*,*,#7273,.T.);
#11516 = ORIENTED_EDGE('',*,*,#7296,.T.);
#11517 = ORIENTED_EDGE('',*,*,#7321,.T.);
#11518 = ORIENTED_EDGE('',*,*,#10943,.T.);
#11519 = ORIENTED_EDGE('',*,*,#7385,.T.);
#11520 = ORIENTED_EDGE('',*,*,#7408,.T.);
#11521 = ORIENTED_EDGE('',*,*,#7433,.T.);
#11522 = ORIENTED_EDGE('',*,*,#10960,.T.);
#11523 = ORIENTED_EDGE('',*,*,#7497,.T.);
#11524 = ORIENTED_EDGE('',*,*,#7520,.T.);
#11525 = ORIENTED_EDGE('',*,*,#7545,.T.);
#11526 = ORIENTED_EDGE('',*,*,#10977,.T.);
#11527 = ORIENTED_EDGE('',*,*,#7609,.T.);
#11528 = ORIENTED_EDGE('',*,*,#7632,.T.);
#11529 = ORIENTED_EDGE('',*,*,#7657,.T.);
#11530 = ORIENTED_EDGE('',*,*,#10994,.T.);
#11531 = ORIENTED_EDGE('',*,*,#7721,.T.);
#11532 = ORIENTED_EDGE('',*,*,#7744,.T.);
#11533 = ORIENTED_EDGE('',*,*,#7769,.T.);
#11534 = ORIENTED_EDGE('',*,*,#11011,.T.);
#11535 = ORIENTED_EDGE('',*,*,#7833,.T.);
#11536 = ORIENTED_EDGE('',*,*,#7856,.T.);
#11537 = ORIENTED_EDGE('',*,*,#7881,.T.);
#11538 = ORIENTED_EDGE('',*,*,#11028,.T.);
#11539 = ORIENTED_EDGE('',*,*,#7945,.T.);
#11540 = ORIENTED_EDGE('',*,*,#7968,.T.);
#11541 = ORIENTED_EDGE('',*,*,#7993,.T.);
#11542 = ORIENTED_EDGE('',*,*,#11045,.T.);
#11543 = ORIENTED_EDGE('',*,*,#8057,.T.);
#11544 = ORIENTED_EDGE('',*,*,#8080,.T.);
#11545 = ORIENTED_EDGE('',*,*,#8105,.T.);
#11546 = ORIENTED_EDGE('',*,*,#11062,.T.);
#11547 = ORIENTED_EDGE('',*,*,#8169,.T.);
#11548 = ORIENTED_EDGE('',*,*,#8192,.T.);
#11549 = ORIENTED_EDGE('',*,*,#8217,.T.);
#11550 = ORIENTED_EDGE('',*,*,#11079,.T.);
#11551 = ORIENTED_EDGE('',*,*,#8281,.T.);
#11552 = ORIENTED_EDGE('',*,*,#8304,.T.);
#11553 = ORIENTED_EDGE('',*,*,#8329,.T.);
#11554 = ORIENTED_EDGE('',*,*,#11096,.T.);
#11555 = ORIENTED_EDGE('',*,*,#8393,.T.);
#11556 = ORIENTED_EDGE('',*,*,#8416,.T.);
#11557 = ORIENTED_EDGE('',*,*,#8441,.T.);
#11558 = ORIENTED_EDGE('',*,*,#11113,.T.);
#11559 = ORIENTED_EDGE('',*,*,#8505,.T.);
#11560 = ORIENTED_EDGE('',*,*,#8528,.T.);
#11561 = ORIENTED_EDGE('',*,*,#8553,.T.);
#11562 = ORIENTED_EDGE('',*,*,#11130,.T.);
#11563 = ORIENTED_EDGE('',*,*,#8617,.T.);
#11564 = ORIENTED_EDGE('',*,*,#8640,.T.);
#11565 = ORIENTED_EDGE('',*,*,#8665,.T.);
#11566 = ORIENTED_EDGE('',*,*,#11147,.T.);
#11567 = ORIENTED_EDGE('',*,*,#8729,.T.);
#11568 = ORIENTED_EDGE('',*,*,#8752,.T.);
#11569 = ORIENTED_EDGE('',*,*,#8777,.T.);
#11570 = ORIENTED_EDGE('',*,*,#11164,.T.);
#11571 = ORIENTED_EDGE('',*,*,#8841,.T.);
#11572 = ORIENTED_EDGE('',*,*,#8864,.T.);
#11573 = ORIENTED_EDGE('',*,*,#8889,.T.);
#11574 = ORIENTED_EDGE('',*,*,#11181,.T.);
#11575 = ORIENTED_EDGE('',*,*,#8953,.T.);
#11576 = ORIENTED_EDGE('',*,*,#8976,.T.);
#11577 = ORIENTED_EDGE('',*,*,#9001,.T.);
#11578 = ORIENTED_EDGE('',*,*,#11198,.T.);
#11579 = ORIENTED_EDGE('',*,*,#9065,.T.);
#11580 = ORIENTED_EDGE('',*,*,#9088,.T.);
#11581 = ORIENTED_EDGE('',*,*,#9113,.T.);
#11582 = ORIENTED_EDGE('',*,*,#11215,.T.);
#11583 = ORIENTED_EDGE('',*,*,#9177,.T.);
#11584 = ORIENTED_EDGE('',*,*,#9200,.T.);
#11585 = ORIENTED_EDGE('',*,*,#9225,.T.);
#11586 = ORIENTED_EDGE('',*,*,#11232,.T.);
#11587 = ORIENTED_EDGE('',*,*,#9289,.T.);
#11588 = ORIENTED_EDGE('',*,*,#9312,.T.);
#11589 = ORIENTED_EDGE('',*,*,#9337,.T.);
#11590 = ORIENTED_EDGE('',*,*,#11249,.T.);
#11591 = ORIENTED_EDGE('',*,*,#9401,.T.);
#11592 = ORIENTED_EDGE('',*,*,#9424,.T.);
#11593 = ORIENTED_EDGE('',*,*,#9449,.T.);
#11594 = ORIENTED_EDGE('',*,*,#11266,.T.);
#11595 = ORIENTED_EDGE('',*,*,#9513,.T.);
#11596 = ORIENTED_EDGE('',*,*,#9536,.T.);
#11597 = ORIENTED_EDGE('',*,*,#9561,.T.);
#11598 = ORIENTED_EDGE('',*,*,#11283,.T.);
#11599 = ORIENTED_EDGE('',*,*,#9625,.T.);
#11600 = ORIENTED_EDGE('',*,*,#9648,.T.);
#11601 = ORIENTED_EDGE('',*,*,#9673,.T.);
#11602 = ORIENTED_EDGE('',*,*,#11300,.T.);
#11603 = ORIENTED_EDGE('',*,*,#9737,.T.);
#11604 = ORIENTED_EDGE('',*,*,#9760,.T.);
#11605 = ORIENTED_EDGE('',*,*,#9785,.T.);
#11606 = ORIENTED_EDGE('',*,*,#11317,.T.);
#11607 = ORIENTED_EDGE('',*,*,#9849,.T.);
#11608 = ORIENTED_EDGE('',*,*,#9872,.T.);
#11609 = ORIENTED_EDGE('',*,*,#9897,.T.);
#11610 = ORIENTED_EDGE('',*,*,#11334,.T.);
#11611 = ORIENTED_EDGE('',*,*,#9961,.T.);
#11612 = ORIENTED_EDGE('',*,*,#9984,.T.);
#11613 = ORIENTED_EDGE('',*,*,#10009,.T.);
#11614 = ORIENTED_EDGE('',*,*,#11351,.T.);
#11615 = ORIENTED_EDGE('',*,*,#10428,.T.);
#11616 = ORIENTED_EDGE('',*,*,#10453,.T.);
#11617 = PLANE('',#11618);
#11618 = AXIS2_PLACEMENT_3D('',#11619,#11620,#11621);
#11619 = CARTESIAN_POINT('',(4.935559678934E-15,-3.334837620902E-17,5.)
  );
#11620 = DIRECTION('',(0.,0.,1.));
#11621 = DIRECTION('',(1.,0.,0.));
#11622 = ( GEOMETRIC_REPRESENTATION_CONTEXT(3) 
GLOBAL_UNCERTAINTY_ASSIGNED_CONTEXT((#11626)) 
GLOBAL_UNIT_ASSIGNED_CONTEXT((#11623,#11624,#11625)) 
REPRESENTATION_CONTEXT('Context #1',
  '3D Context with UNIT and UNCERTAINTY') );
#11623 = ( LENGTH_UNIT() NAMED_UNIT(*) SI_UNIT(.MILLI.,.METRE.) );
#11624 = ( NAMED_UNIT(*) PLANE_ANGLE_UNIT() SI_UNIT($,.RADIAN.) );
#11625 = ( NAMED_UNIT(*) SI_UNIT($,.STERADIAN.) SOLID_ANGLE_UNIT() );
#11626 = UNCERTAINTY_MEASURE_WITH_UNIT(LENGTH_MEASURE(2.E-05),#11623,
  'distance_accuracy_value','confusion accuracy');
#11627 = CONTEXT_DEPENDENT_SHAPE_REPRESENTATION(#11628,#11630);
#11628 = ( REPRESENTATION_RELATIONSHIP('','',#2455,#10) 
REPRESENTATION_RELATIONSHIP_WITH_TRANSFORMATION(#11629) 
SHAPE_REPRESENTATION_RELATIONSHIP() );
#11629 = ITEM_DEFINED_TRANSFORMATION('','',#11,#19);
#11630 = PRODUCT_DEFINITION_SHAPE('Placement','Placement of an item',
  #11631);
#11631 = NEXT_ASSEMBLY_USAGE_OCCURRENCE('4','Body','',#5,#2450,$);
#11632 = PRODUCT_RELATED_PRODUCT_CATEGORY('part',$,(#2452));
#11633 = MECHANICAL_DESIGN_GEOMETRIC_PRESENTATION_REPRESENTATION('',(
    #11634),#2437);
#11634 = STYLED_ITEM('color',(#11635),#37);
#11635 = PRESENTATION_STYLE_ASSIGNMENT((#11636,#11642));
#11636 = SURFACE_STYLE_USAGE(.BOTH.,#11637);
#11637 = SURFACE_SIDE_STYLE('',(#11638));
#11638 = SURFACE_STYLE_FILL_AREA(#11639);
#11639 = FILL_AREA_STYLE('',(#11640));
#11640 = FILL_AREA_STYLE_COLOUR('',#11641);
#11641 = COLOUR_RGB('',0.447058818107,0.474509808674,0.501960817233);
#11642 = CURVE_STYLE('',#11643,POSITIVE_LENGTH_MEASURE(0.1),#11644);
#11643 = DRAUGHTING_PRE_DEFINED_CURVE_FONT('continuous');
#11644 = COLOUR_RGB('',9.803921802644E-02,9.803921802644E-02,
  9.803921802644E-02);
#11645 = MECHANICAL_DESIGN_GEOMETRIC_PRESENTATION_REPRESENTATION('',(
    #11646),#11622);
#11646 = STYLED_ITEM('color',(#11647),#2456);
#11647 = PRESENTATION_STYLE_ASSIGNMENT((#11648,#11654));
#11648 = SURFACE_STYLE_USAGE(.BOTH.,#11649);
#11649 = SURFACE_SIDE_STYLE('',(#11650));
#11650 = SURFACE_STYLE_FILL_AREA(#11651);
#11651 = FILL_AREA_STYLE('',(#11652));
#11652 = FILL_AREA_STYLE_COLOUR('',#11653);
#11653 = DRAUGHTING_PRE_DEFINED_COLOUR('black');
#11654 = CURVE_STYLE('',#11655,POSITIVE_LENGTH_MEASURE(0.1),#11644);
#11655 = DRAUGHTING_PRE_DEFINED_CURVE_FONT('continuous');
ENDSEC;
END-ISO-10303-21;
